run_id,dataset,dataset_id,tier,task,seed,condition,target,time_column,raw_fitness,final_fitness,predicted_metric,observed_metric,metric_residual,metric_name,metric_direction,calibration_status,remediation_status,validation_status,uncertainty,defect_policy_tier,WAHP,Wcalibrated,audit_receipt_hash
1,UCI Red Wine Quality,B1_wine_quality,Tier B (Calibration Benchmark),supervised_regression,42,STATIC_BASELINE,quality,,94.17,94.17,2.87,0.5981,-2.2719,RMSE,lower_is_better,N/A (Static Baseline),None (Static Baseline),Successfully Evaluated,N/A,NONE,"{'completeness': 0.125, 'validity': 0.125, 'consistency': 0.125, 'uniqueness': 0.125, 'timeliness': 0.125, 'outlier_anomaly': 0.125, 'distribution_balance': 0.125, 'coverage_representativeness': 0.125}","{'completeness': 0.125, 'validity': 0.125, 'consistency': 0.125, 'uniqueness': 0.125, 'timeliness': 0.125, 'outlier_anomaly': 0.125, 'distribution_balance': 0.125, 'coverage_representativeness': 0.125}",2f16ae47d802df3135686f1e76151a56877456c8157d804cf6cacacb207cfb8c
1,UCI Red Wine Quality,B1_wine_quality,Tier B (Calibration Benchmark),supervised_regression,42,FULL_DATATRUST,quality,,94.5,70.0,0.52,0.5981,0.11,RMSE,lower_is_better,Calibration Rejected,Policy Veto Enforced,Successfully Evaluated,"[69.5, 70.5] (SE=0.23)",YELLOW,"{'outlier_anomaly': 0.2898, 'completeness': 0.1672, 'validity': 0.1486, 'consistency': 0.1301, 'distribution_balance': 0.0929, 'coverage_representativeness': 0.0743, 'uniqueness': 0.0599, 'timeliness': 0.0372}","{'outlier_anomaly': 0.2898, 'completeness': 0.1672, 'validity': 0.1486, 'consistency': 0.1301, 'distribution_balance': 0.0929, 'coverage_representativeness': 0.0743, 'uniqueness': 0.0599, 'timeliness': 0.0372, 'label_integrity': 0.0929, 'outlier_resilience': 0.2898, 'missingness': 0.1672, 'drift_stability': 0.0372, 'temporal_validity': 0.0372, 'bias_imbalance': 0.0929, 'correlation_integrity': 0.1486, 'cardinality_schema': 0.1486, 'leakage': 0.1486}",fbccb6598cc406ceccb550b76235ef8dbd7da1715e95efe0c745825ab6405d4d
1,UCI Red Wine Quality,B1_wine_quality,Tier B (Calibration Benchmark),supervised_regression,42,NO_VETO,quality,,94.5,94.5,2.82,0.5981,-2.2219,RMSE,lower_is_better,N/A (Veto Disabled),Policy Veto Enforced,Successfully Evaluated,"[69.5, 70.5] (SE=0.23)",BYPASSED,"{'outlier_anomaly': 0.2898, 'completeness': 0.1672, 'validity': 0.1486, 'consistency': 0.1301, 'distribution_balance': 0.0929, 'coverage_representativeness': 0.0743, 'uniqueness': 0.0599, 'timeliness': 0.0372}","{'outlier_anomaly': 0.2898, 'completeness': 0.1672, 'validity': 0.1486, 'consistency': 0.1301, 'distribution_balance': 0.0929, 'coverage_representativeness': 0.0743, 'uniqueness': 0.0599, 'timeliness': 0.0372}",e67c4f0a3ce6610a16476c412bbceb876731e6b929c064038cf252c6a2a6ca9a
1,UCI Red Wine Quality,B1_wine_quality,Tier B (Calibration Benchmark),supervised_regression,42,NO_CALIBRATION,quality,,94.5,70.0,6.5,0.5981,-5.9019,RMSE,lower_is_better,Disabled (Prior W_AHP Preserved),Policy Veto Enforced,Successfully Evaluated,"[69.5, 70.5] (SE=0.23)",YELLOW,"{'outlier_anomaly': 0.2898, 'completeness': 0.1672, 'validity': 0.1486, 'consistency': 0.1301, 'distribution_balance': 0.0929, 'coverage_representativeness': 0.0743, 'uniqueness': 0.0599, 'timeliness': 0.0372}","{'outlier_anomaly': 0.2898, 'completeness': 0.1672, 'validity': 0.1486, 'consistency': 0.1301, 'distribution_balance': 0.0929, 'coverage_representativeness': 0.0743, 'uniqueness': 0.0599, 'timeliness': 0.0372}",b62658167da18c5fc06db8b6c2ec51bf56b5604898d2e35aa455b8ecd26789e7
1,UCI Red Wine Quality,B1_wine_quality,Tier B (Calibration Benchmark),supervised_regression,42,NO_REMEDIATION,quality,,94.5,70.0,0.52,0.5981,0.11,RMSE,lower_is_better,Calibration Rejected,Remediation Disabled (Raw Benchmark State),Successfully Evaluated,"[69.5, 70.5] (SE=0.23)",YELLOW,"{'outlier_anomaly': 0.2898, 'completeness': 0.1672, 'validity': 0.1486, 'consistency': 0.1301, 'distribution_balance': 0.0929, 'coverage_representativeness': 0.0743, 'uniqueness': 0.0599, 'timeliness': 0.0372}","{'outlier_anomaly': 0.2898, 'completeness': 0.1672, 'validity': 0.1486, 'consistency': 0.1301, 'distribution_balance': 0.0929, 'coverage_representativeness': 0.0743, 'uniqueness': 0.0599, 'timeliness': 0.0372, 'label_integrity': 0.0929, 'outlier_resilience': 0.2898, 'missingness': 0.1672, 'drift_stability': 0.0372, 'temporal_validity': 0.0372, 'bias_imbalance': 0.0929, 'correlation_integrity': 0.1486, 'cardinality_schema': 0.1486, 'leakage': 0.1486}",c4feef400a89feb6d0d324e117380dafff366520b79b98829d562d2fc5fec76b
1,UCI Red Wine Quality,B1_wine_quality,Tier B (Calibration Benchmark),supervised_regression,43,STATIC_BASELINE,quality,,94.17,94.17,2.87,0.5739,-2.2961,RMSE,lower_is_better,N/A (Static Baseline),None (Static Baseline),Successfully Evaluated,N/A,NONE,"{'completeness': 0.125, 'validity': 0.125, 'consistency': 0.125, 'uniqueness': 0.125, 'timeliness': 0.125, 'outlier_anomaly': 0.125, 'distribution_balance': 0.125, 'coverage_representativeness': 0.125}","{'completeness': 0.125, 'validity': 0.125, 'consistency': 0.125, 'uniqueness': 0.125, 'timeliness': 0.125, 'outlier_anomaly': 0.125, 'distribution_balance': 0.125, 'coverage_representativeness': 0.125}",07e5ca75c67728152094628e9040759624d0476f179dccb218fd3ba3620d5b5a
1,UCI Red Wine Quality,B1_wine_quality,Tier B (Calibration Benchmark),supervised_regression,43,FULL_DATATRUST,quality,,94.5,70.0,0.52,0.5739,0.11,RMSE,lower_is_better,Calibration Rejected,Policy Veto Enforced,Successfully Evaluated,"[69.5, 70.5] (SE=0.23)",YELLOW,"{'outlier_anomaly': 0.2898, 'completeness': 0.1672, 'validity': 0.1486, 'consistency': 0.1301, 'distribution_balance': 0.0929, 'coverage_representativeness': 0.0743, 'uniqueness': 0.0599, 'timeliness': 0.0372}","{'outlier_anomaly': 0.2898, 'completeness': 0.1672, 'validity': 0.1486, 'consistency': 0.1301, 'distribution_balance': 0.0929, 'coverage_representativeness': 0.0743, 'uniqueness': 0.0599, 'timeliness': 0.0372, 'label_integrity': 0.0929, 'outlier_resilience': 0.2898, 'missingness': 0.1672, 'drift_stability': 0.0372, 'temporal_validity': 0.0372, 'bias_imbalance': 0.0929, 'correlation_integrity': 0.1486, 'cardinality_schema': 0.1486, 'leakage': 0.1486}",fbccb6598cc406ceccb550b76235ef8dbd7da1715e95efe0c745825ab6405d4d
1,UCI Red Wine Quality,B1_wine_quality,Tier B (Calibration Benchmark),supervised_regression,43,NO_VETO,quality,,94.5,94.5,2.82,0.5739,-2.2461,RMSE,lower_is_better,N/A (Veto Disabled),Policy Veto Enforced,Successfully Evaluated,"[69.5, 70.5] (SE=0.23)",BYPASSED,"{'outlier_anomaly': 0.2898, 'completeness': 0.1672, 'validity': 0.1486, 'consistency': 0.1301, 'distribution_balance': 0.0929, 'coverage_representativeness': 0.0743, 'uniqueness': 0.0599, 'timeliness': 0.0372}","{'outlier_anomaly': 0.2898, 'completeness': 0.1672, 'validity': 0.1486, 'consistency': 0.1301, 'distribution_balance': 0.0929, 'coverage_representativeness': 0.0743, 'uniqueness': 0.0599, 'timeliness': 0.0372}",009b5d3db3f95230a667aa6fe4aae2033665fbb557a67884cf05c9277a4c34c0
1,UCI Red Wine Quality,B1_wine_quality,Tier B (Calibration Benchmark),supervised_regression,43,NO_CALIBRATION,quality,,94.5,70.0,6.5,0.5739,-5.9261,RMSE,lower_is_better,Disabled (Prior W_AHP Preserved),Policy Veto Enforced,Successfully Evaluated,"[69.5, 70.5] (SE=0.23)",YELLOW,"{'outlier_anomaly': 0.2898, 'completeness': 0.1672, 'validity': 0.1486, 'consistency': 0.1301, 'distribution_balance': 0.0929, 'coverage_representativeness': 0.0743, 'uniqueness': 0.0599, 'timeliness': 0.0372}","{'outlier_anomaly': 0.2898, 'completeness': 0.1672, 'validity': 0.1486, 'consistency': 0.1301, 'distribution_balance': 0.0929, 'coverage_representativeness': 0.0743, 'uniqueness': 0.0599, 'timeliness': 0.0372}",dcbd920847882a9ce7d5b6aa676150ee610dcc4a22cd18a8fa4f6bb98195f743
1,UCI Red Wine Quality,B1_wine_quality,Tier B (Calibration Benchmark),supervised_regression,43,NO_REMEDIATION,quality,,94.5,70.0,0.52,0.5739,0.11,RMSE,lower_is_better,Calibration Rejected,Remediation Disabled (Raw Benchmark State),Successfully Evaluated,"[69.5, 70.5] (SE=0.23)",YELLOW,"{'outlier_anomaly': 0.2898, 'completeness': 0.1672, 'validity': 0.1486, 'consistency': 0.1301, 'distribution_balance': 0.0929, 'coverage_representativeness': 0.0743, 'uniqueness': 0.0599, 'timeliness': 0.0372}","{'outlier_anomaly': 0.2898, 'completeness': 0.1672, 'validity': 0.1486, 'consistency': 0.1301, 'distribution_balance': 0.0929, 'coverage_representativeness': 0.0743, 'uniqueness': 0.0599, 'timeliness': 0.0372, 'label_integrity': 0.0929, 'outlier_resilience': 0.2898, 'missingness': 0.1672, 'drift_stability': 0.0372, 'temporal_validity': 0.0372, 'bias_imbalance': 0.0929, 'correlation_integrity': 0.1486, 'cardinality_schema': 0.1486, 'leakage': 0.1486}",e3e04e21205f5b5b2ef68d3fbacfa273912a009f6e5f03f4d1ecb0af89bbf6b2
1,UCI Red Wine Quality,B1_wine_quality,Tier B (Calibration Benchmark),supervised_regression,44,STATIC_BASELINE,quality,,94.17,94.17,2.87,0.6076,-2.2624,RMSE,lower_is_better,N/A (Static Baseline),None (Static Baseline),Successfully Evaluated,N/A,NONE,"{'completeness': 0.125, 'validity': 0.125, 'consistency': 0.125, 'uniqueness': 0.125, 'timeliness': 0.125, 'outlier_anomaly': 0.125, 'distribution_balance': 0.125, 'coverage_representativeness': 0.125}","{'completeness': 0.125, 'validity': 0.125, 'consistency': 0.125, 'uniqueness': 0.125, 'timeliness': 0.125, 'outlier_anomaly': 0.125, 'distribution_balance': 0.125, 'coverage_representativeness': 0.125}",5989fdfbf39abb4bbe27cb6cfb0cc8d8b54fe69689655a8380d83a1b91cd561e
1,UCI Red Wine Quality,B1_wine_quality,Tier B (Calibration Benchmark),supervised_regression,44,FULL_DATATRUST,quality,,94.5,70.0,0.52,0.6076,0.11,RMSE,lower_is_better,Calibration Rejected,Policy Veto Enforced,Successfully Evaluated,"[69.5, 70.5] (SE=0.23)",YELLOW,"{'outlier_anomaly': 0.2898, 'completeness': 0.1672, 'validity': 0.1486, 'consistency': 0.1301, 'distribution_balance': 0.0929, 'coverage_representativeness': 0.0743, 'uniqueness': 0.0599, 'timeliness': 0.0372}","{'outlier_anomaly': 0.2898, 'completeness': 0.1672, 'validity': 0.1486, 'consistency': 0.1301, 'distribution_balance': 0.0929, 'coverage_representativeness': 0.0743, 'uniqueness': 0.0599, 'timeliness': 0.0372, 'label_integrity': 0.0929, 'outlier_resilience': 0.2898, 'missingness': 0.1672, 'drift_stability': 0.0372, 'temporal_validity': 0.0372, 'bias_imbalance': 0.0929, 'correlation_integrity': 0.1486, 'cardinality_schema': 0.1486, 'leakage': 0.1486}",fbccb6598cc406ceccb550b76235ef8dbd7da1715e95efe0c745825ab6405d4d
1,UCI Red Wine Quality,B1_wine_quality,Tier B (Calibration Benchmark),supervised_regression,44,NO_VETO,quality,,94.5,94.5,2.82,0.6076,-2.2124,RMSE,lower_is_better,N/A (Veto Disabled),Policy Veto Enforced,Successfully Evaluated,"[69.5, 70.5] (SE=0.23)",BYPASSED,"{'outlier_anomaly': 0.2898, 'completeness': 0.1672, 'validity': 0.1486, 'consistency': 0.1301, 'distribution_balance': 0.0929, 'coverage_representativeness': 0.0743, 'uniqueness': 0.0599, 'timeliness': 0.0372}","{'outlier_anomaly': 0.2898, 'completeness': 0.1672, 'validity': 0.1486, 'consistency': 0.1301, 'distribution_balance': 0.0929, 'coverage_representativeness': 0.0743, 'uniqueness': 0.0599, 'timeliness': 0.0372}",c02800eac44866f27e1a033dfb5f312479d9d5cd27e4fad3c50db7bca320660f
1,UCI Red Wine Quality,B1_wine_quality,Tier B (Calibration Benchmark),supervised_regression,44,NO_CALIBRATION,quality,,94.5,70.0,6.5,0.6076,-5.8924,RMSE,lower_is_better,Disabled (Prior W_AHP Preserved),Policy Veto Enforced,Successfully Evaluated,"[69.5, 70.5] (SE=0.23)",YELLOW,"{'outlier_anomaly': 0.2898, 'completeness': 0.1672, 'validity': 0.1486, 'consistency': 0.1301, 'distribution_balance': 0.0929, 'coverage_representativeness': 0.0743, 'uniqueness': 0.0599, 'timeliness': 0.0372}","{'outlier_anomaly': 0.2898, 'completeness': 0.1672, 'validity': 0.1486, 'consistency': 0.1301, 'distribution_balance': 0.0929, 'coverage_representativeness': 0.0743, 'uniqueness': 0.0599, 'timeliness': 0.0372}",de35dd792fab4aff36906de7a66d69d0c80e611829c395837f7eebbd43b3e1af
1,UCI Red Wine Quality,B1_wine_quality,Tier B (Calibration Benchmark),supervised_regression,44,NO_REMEDIATION,quality,,94.5,70.0,0.52,0.6076,0.11,RMSE,lower_is_better,Calibration Rejected,Remediation Disabled (Raw Benchmark State),Successfully Evaluated,"[69.5, 70.5] (SE=0.23)",YELLOW,"{'outlier_anomaly': 0.2898, 'completeness': 0.1672, 'validity': 0.1486, 'consistency': 0.1301, 'distribution_balance': 0.0929, 'coverage_representativeness': 0.0743, 'uniqueness': 0.0599, 'timeliness': 0.0372}","{'outlier_anomaly': 0.2898, 'completeness': 0.1672, 'validity': 0.1486, 'consistency': 0.1301, 'distribution_balance': 0.0929, 'coverage_representativeness': 0.0743, 'uniqueness': 0.0599, 'timeliness': 0.0372, 'label_integrity': 0.0929, 'outlier_resilience': 0.2898, 'missingness': 0.1672, 'drift_stability': 0.0372, 'temporal_validity': 0.0372, 'bias_imbalance': 0.0929, 'correlation_integrity': 0.1486, 'cardinality_schema': 0.1486, 'leakage': 0.1486}",bb1f30a1adea2747bb11a8f88e280c39289d39116bde3c0832bd7b08a963e793
1,UCI Red Wine Quality,B1_wine_quality,Tier B (Calibration Benchmark),supervised_regression,45,STATIC_BASELINE,quality,,94.17,94.17,2.87,0.61,-2.26,RMSE,lower_is_better,N/A (Static Baseline),None (Static Baseline),Successfully Evaluated,N/A,NONE,"{'completeness': 0.125, 'validity': 0.125, 'consistency': 0.125, 'uniqueness': 0.125, 'timeliness': 0.125, 'outlier_anomaly': 0.125, 'distribution_balance': 0.125, 'coverage_representativeness': 0.125}","{'completeness': 0.125, 'validity': 0.125, 'consistency': 0.125, 'uniqueness': 0.125, 'timeliness': 0.125, 'outlier_anomaly': 0.125, 'distribution_balance': 0.125, 'coverage_representativeness': 0.125}",f487b62ec03d4600d72920834b2ac7984ee05ef2a7d0804f08d7c0e45e939e87
1,UCI Red Wine Quality,B1_wine_quality,Tier B (Calibration Benchmark),supervised_regression,45,FULL_DATATRUST,quality,,94.5,70.0,0.52,0.61,0.11,RMSE,lower_is_better,Calibration Rejected,Policy Veto Enforced,Successfully Evaluated,"[69.5, 70.5] (SE=0.23)",YELLOW,"{'outlier_anomaly': 0.2898, 'completeness': 0.1672, 'validity': 0.1486, 'consistency': 0.1301, 'distribution_balance': 0.0929, 'coverage_representativeness': 0.0743, 'uniqueness': 0.0599, 'timeliness': 0.0372}","{'outlier_anomaly': 0.2898, 'completeness': 0.1672, 'validity': 0.1486, 'consistency': 0.1301, 'distribution_balance': 0.0929, 'coverage_representativeness': 0.0743, 'uniqueness': 0.0599, 'timeliness': 0.0372, 'label_integrity': 0.0929, 'outlier_resilience': 0.2898, 'missingness': 0.1672, 'drift_stability': 0.0372, 'temporal_validity': 0.0372, 'bias_imbalance': 0.0929, 'correlation_integrity': 0.1486, 'cardinality_schema': 0.1486, 'leakage': 0.1486}",fbccb6598cc406ceccb550b76235ef8dbd7da1715e95efe0c745825ab6405d4d
1,UCI Red Wine Quality,B1_wine_quality,Tier B (Calibration Benchmark),supervised_regression,45,NO_VETO,quality,,94.5,94.5,2.82,0.61,-2.21,RMSE,lower_is_better,N/A (Veto Disabled),Policy Veto Enforced,Successfully Evaluated,"[69.5, 70.5] (SE=0.23)",BYPASSED,"{'outlier_anomaly': 0.2898, 'completeness': 0.1672, 'validity': 0.1486, 'consistency': 0.1301, 'distribution_balance': 0.0929, 'coverage_representativeness': 0.0743, 'uniqueness': 0.0599, 'timeliness': 0.0372}","{'outlier_anomaly': 0.2898, 'completeness': 0.1672, 'validity': 0.1486, 'consistency': 0.1301, 'distribution_balance': 0.0929, 'coverage_representativeness': 0.0743, 'uniqueness': 0.0599, 'timeliness': 0.0372}",163ed519547ca717b82577020db31d51356ed7496a45fbd08d5698b92aa8d95e
1,UCI Red Wine Quality,B1_wine_quality,Tier B (Calibration Benchmark),supervised_regression,45,NO_CALIBRATION,quality,,94.5,70.0,6.5,0.61,-5.89,RMSE,lower_is_better,Disabled (Prior W_AHP Preserved),Policy Veto Enforced,Successfully Evaluated,"[69.5, 70.5] (SE=0.23)",YELLOW,"{'outlier_anomaly': 0.2898, 'completeness': 0.1672, 'validity': 0.1486, 'consistency': 0.1301, 'distribution_balance': 0.0929, 'coverage_representativeness': 0.0743, 'uniqueness': 0.0599, 'timeliness': 0.0372}","{'outlier_anomaly': 0.2898, 'completeness': 0.1672, 'validity': 0.1486, 'consistency': 0.1301, 'distribution_balance': 0.0929, 'coverage_representativeness': 0.0743, 'uniqueness': 0.0599, 'timeliness': 0.0372}",a4b528cd41c2cec625bb91a2fc8fb5aa8ee775c556b7afdc655cb88c316f50ca
1,UCI Red Wine Quality,B1_wine_quality,Tier B (Calibration Benchmark),supervised_regression,45,NO_REMEDIATION,quality,,94.5,70.0,0.52,0.61,0.11,RMSE,lower_is_better,Calibration Rejected,Remediation Disabled (Raw Benchmark State),Successfully Evaluated,"[69.5, 70.5] (SE=0.23)",YELLOW,"{'outlier_anomaly': 0.2898, 'completeness': 0.1672, 'validity': 0.1486, 'consistency': 0.1301, 'distribution_balance': 0.0929, 'coverage_representativeness': 0.0743, 'uniqueness': 0.0599, 'timeliness': 0.0372}","{'outlier_anomaly': 0.2898, 'completeness': 0.1672, 'validity': 0.1486, 'consistency': 0.1301, 'distribution_balance': 0.0929, 'coverage_representativeness': 0.0743, 'uniqueness': 0.0599, 'timeliness': 0.0372, 'label_integrity': 0.0929, 'outlier_resilience': 0.2898, 'missingness': 0.1672, 'drift_stability': 0.0372, 'temporal_validity': 0.0372, 'bias_imbalance': 0.0929, 'correlation_integrity': 0.1486, 'cardinality_schema': 0.1486, 'leakage': 0.1486}",8b5835ff59a7bb82c7d937ae5cb7222bf2ed1e6477494a69f582b30a89284232
1,UCI Red Wine Quality,B1_wine_quality,Tier B (Calibration Benchmark),supervised_regression,46,STATIC_BASELINE,quality,,94.17,94.17,2.87,0.5654,-2.3046,RMSE,lower_is_better,N/A (Static Baseline),None (Static Baseline),Successfully Evaluated,N/A,NONE,"{'completeness': 0.125, 'validity': 0.125, 'consistency': 0.125, 'uniqueness': 0.125, 'timeliness': 0.125, 'outlier_anomaly': 0.125, 'distribution_balance': 0.125, 'coverage_representativeness': 0.125}","{'completeness': 0.125, 'validity': 0.125, 'consistency': 0.125, 'uniqueness': 0.125, 'timeliness': 0.125, 'outlier_anomaly': 0.125, 'distribution_balance': 0.125, 'coverage_representativeness': 0.125}",5790b3d04bff671fc2ad459a315da3086814ebb226bb5264075eb953c7604800
1,UCI Red Wine Quality,B1_wine_quality,Tier B (Calibration Benchmark),supervised_regression,46,FULL_DATATRUST,quality,,94.5,70.0,0.52,0.5654,0.11,RMSE,lower_is_better,Calibration Rejected,Policy Veto Enforced,Successfully Evaluated,"[69.5, 70.5] (SE=0.23)",YELLOW,"{'outlier_anomaly': 0.2898, 'completeness': 0.1672, 'validity': 0.1486, 'consistency': 0.1301, 'distribution_balance': 0.0929, 'coverage_representativeness': 0.0743, 'uniqueness': 0.0599, 'timeliness': 0.0372}","{'outlier_anomaly': 0.2898, 'completeness': 0.1672, 'validity': 0.1486, 'consistency': 0.1301, 'distribution_balance': 0.0929, 'coverage_representativeness': 0.0743, 'uniqueness': 0.0599, 'timeliness': 0.0372, 'label_integrity': 0.0929, 'outlier_resilience': 0.2898, 'missingness': 0.1672, 'drift_stability': 0.0372, 'temporal_validity': 0.0372, 'bias_imbalance': 0.0929, 'correlation_integrity': 0.1486, 'cardinality_schema': 0.1486, 'leakage': 0.1486}",fbccb6598cc406ceccb550b76235ef8dbd7da1715e95efe0c745825ab6405d4d
1,UCI Red Wine Quality,B1_wine_quality,Tier B (Calibration Benchmark),supervised_regression,46,NO_VETO,quality,,94.5,94.5,2.82,0.5654,-2.2546,RMSE,lower_is_better,N/A (Veto Disabled),Policy Veto Enforced,Successfully Evaluated,"[69.5, 70.5] (SE=0.23)",BYPASSED,"{'outlier_anomaly': 0.2898, 'completeness': 0.1672, 'validity': 0.1486, 'consistency': 0.1301, 'distribution_balance': 0.0929, 'coverage_representativeness': 0.0743, 'uniqueness': 0.0599, 'timeliness': 0.0372}","{'outlier_anomaly': 0.2898, 'completeness': 0.1672, 'validity': 0.1486, 'consistency': 0.1301, 'distribution_balance': 0.0929, 'coverage_representativeness': 0.0743, 'uniqueness': 0.0599, 'timeliness': 0.0372}",e9e94afaeb528aa0fdc2db9c7ce800080bc79a8f2d26139d9dc3acbb43bc0a3c
1,UCI Red Wine Quality,B1_wine_quality,Tier B (Calibration Benchmark),supervised_regression,46,NO_CALIBRATION,quality,,94.5,70.0,6.5,0.5654,-5.9346,RMSE,lower_is_better,Disabled (Prior W_AHP Preserved),Policy Veto Enforced,Successfully Evaluated,"[69.5, 70.5] (SE=0.23)",YELLOW,"{'outlier_anomaly': 0.2898, 'completeness': 0.1672, 'validity': 0.1486, 'consistency': 0.1301, 'distribution_balance': 0.0929, 'coverage_representativeness': 0.0743, 'uniqueness': 0.0599, 'timeliness': 0.0372}","{'outlier_anomaly': 0.2898, 'completeness': 0.1672, 'validity': 0.1486, 'consistency': 0.1301, 'distribution_balance': 0.0929, 'coverage_representativeness': 0.0743, 'uniqueness': 0.0599, 'timeliness': 0.0372}",e42a2259f9c4f20e07c3d0411917f563bfbb21c613f48a2505df6c99730e1de3
1,UCI Red Wine Quality,B1_wine_quality,Tier B (Calibration Benchmark),supervised_regression,46,NO_REMEDIATION,quality,,94.5,70.0,0.52,0.5654,0.11,RMSE,lower_is_better,Calibration Rejected,Remediation Disabled (Raw Benchmark State),Successfully Evaluated,"[69.5, 70.5] (SE=0.23)",YELLOW,"{'outlier_anomaly': 0.2898, 'completeness': 0.1672, 'validity': 0.1486, 'consistency': 0.1301, 'distribution_balance': 0.0929, 'coverage_representativeness': 0.0743, 'uniqueness': 0.0599, 'timeliness': 0.0372}","{'outlier_anomaly': 0.2898, 'completeness': 0.1672, 'validity': 0.1486, 'consistency': 0.1301, 'distribution_balance': 0.0929, 'coverage_representativeness': 0.0743, 'uniqueness': 0.0599, 'timeliness': 0.0372, 'label_integrity': 0.0929, 'outlier_resilience': 0.2898, 'missingness': 0.1672, 'drift_stability': 0.0372, 'temporal_validity': 0.0372, 'bias_imbalance': 0.0929, 'correlation_integrity': 0.1486, 'cardinality_schema': 0.1486, 'leakage': 0.1486}",3a0804e0b52ea5c1e60928d3dade292ebdcd4899da4c73273d6b48f415984570
1,UCI Air Quality Sensors,B2_air_quality,Tier B (Calibration Benchmark),time_series_forecasting,42,STATIC_BASELINE,CO(GT),timestamp,91.5,91.5,3.28,53.8789,50.5989,RMSE,lower_is_better,N/A (Static Baseline),None (Static Baseline),Successfully Evaluated,N/A,NONE,"{'completeness': 0.125, 'validity': 0.125, 'consistency': 0.125, 'uniqueness': 0.125, 'timeliness': 0.125, 'outlier_anomaly': 0.125, 'distribution_balance': 0.125, 'coverage_representativeness': 0.125}","{'completeness': 0.125, 'validity': 0.125, 'consistency': 0.125, 'uniqueness': 0.125, 'timeliness': 0.125, 'outlier_anomaly': 0.125, 'distribution_balance': 0.125, 'coverage_representativeness': 0.125}",9d5d71a340bea716a1af43974d56bd0a2d43225d9ab0eb8cb5568a86ece91cdc
1,UCI Air Quality Sensors,B2_air_quality,Tier B (Calibration Benchmark),time_series_forecasting,42,FULL_DATATRUST,CO(GT),timestamp,90.3,70.0,53.07,53.8789,-16.98,RMSE,lower_is_better,Calibration Improved,Policy Veto Enforced,Successfully Evaluated,"[65.9, 74.1] (SE=2.07)",YELLOW,"{'timeliness': 0.2879, 'completeness': 0.1727, 'outlier_anomaly': 0.1747, 'consistency': 0.1152, 'validity': 0.096, 'distribution_balance': 0.0576, 'coverage_representativeness': 0.0576, 'uniqueness': 0.0384}","{'timeliness': 0.2884, 'completeness': 0.1748, 'outlier_anomaly': 0.1741, 'consistency': 0.1104, 'validity': 0.0972, 'distribution_balance': 0.0579, 'coverage_representativeness': 0.0583, 'uniqueness': 0.0389, 'label_integrity': 0.0579, 'outlier_resilience': 0.1741, 'missingness': 0.1748, 'drift_stability': 0.2884, 'temporal_validity': 0.2884, 'bias_imbalance': 0.0579, 'correlation_integrity': 0.0972, 'cardinality_schema': 0.0972, 'leakage': 0.0972}",ba29fe8b3460c8755d13dfc4df14ef835a93804aa86dd2b4f6844be35ca40bd8
1,UCI Air Quality Sensors,B2_air_quality,Tier B (Calibration Benchmark),time_series_forecasting,42,NO_VETO,CO(GT),timestamp,90.3,90.3,3.46,53.8789,50.4189,RMSE,lower_is_better,N/A (Veto Disabled),Policy Veto Enforced,Successfully Evaluated,"[65.9, 74.1] (SE=2.07)",BYPASSED,"{'timeliness': 0.2879, 'completeness': 0.1727, 'outlier_anomaly': 0.1747, 'consistency': 0.1152, 'validity': 0.096, 'distribution_balance': 0.0576, 'coverage_representativeness': 0.0576, 'uniqueness': 0.0384}","{'timeliness': 0.2879, 'completeness': 0.1727, 'outlier_anomaly': 0.1747, 'consistency': 0.1152, 'validity': 0.096, 'distribution_balance': 0.0576, 'coverage_representativeness': 0.0576, 'uniqueness': 0.0384}",980764bf52323da31d65d558b2b2c415f1107a1c98829ba3571be5d3a1474453
1,UCI Air Quality Sensors,B2_air_quality,Tier B (Calibration Benchmark),time_series_forecasting,42,NO_CALIBRATION,CO(GT),timestamp,90.3,70.0,6.5,53.8789,47.3789,RMSE,lower_is_better,Disabled (Prior W_AHP Preserved),Policy Veto Enforced,Successfully Evaluated,"[65.9, 74.1] (SE=2.07)",YELLOW,"{'timeliness': 0.2879, 'completeness': 0.1727, 'outlier_anomaly': 0.1747, 'consistency': 0.1152, 'validity': 0.096, 'distribution_balance': 0.0576, 'coverage_representativeness': 0.0576, 'uniqueness': 0.0384}","{'timeliness': 0.2879, 'completeness': 0.1727, 'outlier_anomaly': 0.1747, 'consistency': 0.1152, 'validity': 0.096, 'distribution_balance': 0.0576, 'coverage_representativeness': 0.0576, 'uniqueness': 0.0384}",d8623d33e9b8c3a3986952fda97267f8bc14ce03619173ea388e8ca8c328dbe8
1,UCI Air Quality Sensors,B2_air_quality,Tier B (Calibration Benchmark),time_series_forecasting,42,NO_REMEDIATION,CO(GT),timestamp,90.3,70.0,53.07,53.8789,-16.98,RMSE,lower_is_better,Calibration Improved,Remediation Disabled (Raw Benchmark State),Successfully Evaluated,"[65.9, 74.1] (SE=2.07)",YELLOW,"{'timeliness': 0.2879, 'completeness': 0.1727, 'outlier_anomaly': 0.1747, 'consistency': 0.1152, 'validity': 0.096, 'distribution_balance': 0.0576, 'coverage_representativeness': 0.0576, 'uniqueness': 0.0384}","{'timeliness': 0.2884, 'completeness': 0.1748, 'outlier_anomaly': 0.1741, 'consistency': 0.1104, 'validity': 0.0972, 'distribution_balance': 0.0579, 'coverage_representativeness': 0.0583, 'uniqueness': 0.0389, 'label_integrity': 0.0579, 'outlier_resilience': 0.1741, 'missingness': 0.1748, 'drift_stability': 0.2884, 'temporal_validity': 0.2884, 'bias_imbalance': 0.0579, 'correlation_integrity': 0.0972, 'cardinality_schema': 0.0972, 'leakage': 0.0972}",fff4653d318b961caad94f3bd4b6beafce89e18ce29507a4506afa9efbda8822
1,UCI Air Quality Sensors,B2_air_quality,Tier B (Calibration Benchmark),time_series_forecasting,43,STATIC_BASELINE,CO(GT),timestamp,91.5,91.5,3.28,53.8789,50.5989,RMSE,lower_is_better,N/A (Static Baseline),None (Static Baseline),Successfully Evaluated,N/A,NONE,"{'completeness': 0.125, 'validity': 0.125, 'consistency': 0.125, 'uniqueness': 0.125, 'timeliness': 0.125, 'outlier_anomaly': 0.125, 'distribution_balance': 0.125, 'coverage_representativeness': 0.125}","{'completeness': 0.125, 'validity': 0.125, 'consistency': 0.125, 'uniqueness': 0.125, 'timeliness': 0.125, 'outlier_anomaly': 0.125, 'distribution_balance': 0.125, 'coverage_representativeness': 0.125}",2e1b449c05f13f608ae3bc5a4b24070206c92111599efbeccb8c71059be07590
1,UCI Air Quality Sensors,B2_air_quality,Tier B (Calibration Benchmark),time_series_forecasting,43,FULL_DATATRUST,CO(GT),timestamp,90.3,70.0,53.07,53.8789,-16.98,RMSE,lower_is_better,Calibration Improved,Policy Veto Enforced,Successfully Evaluated,"[65.9, 74.1] (SE=2.07)",YELLOW,"{'timeliness': 0.2879, 'completeness': 0.1727, 'outlier_anomaly': 0.1747, 'consistency': 0.1152, 'validity': 0.096, 'distribution_balance': 0.0576, 'coverage_representativeness': 0.0576, 'uniqueness': 0.0384}","{'timeliness': 0.2884, 'completeness': 0.1748, 'outlier_anomaly': 0.1741, 'consistency': 0.1104, 'validity': 0.0972, 'distribution_balance': 0.0579, 'coverage_representativeness': 0.0583, 'uniqueness': 0.0389, 'label_integrity': 0.0579, 'outlier_resilience': 0.1741, 'missingness': 0.1748, 'drift_stability': 0.2884, 'temporal_validity': 0.2884, 'bias_imbalance': 0.0579, 'correlation_integrity': 0.0972, 'cardinality_schema': 0.0972, 'leakage': 0.0972}",ba29fe8b3460c8755d13dfc4df14ef835a93804aa86dd2b4f6844be35ca40bd8
1,UCI Air Quality Sensors,B2_air_quality,Tier B (Calibration Benchmark),time_series_forecasting,43,NO_VETO,CO(GT),timestamp,90.3,90.3,3.46,53.8789,50.4189,RMSE,lower_is_better,N/A (Veto Disabled),Policy Veto Enforced,Successfully Evaluated,"[65.9, 74.1] (SE=2.07)",BYPASSED,"{'timeliness': 0.2879, 'completeness': 0.1727, 'outlier_anomaly': 0.1747, 'consistency': 0.1152, 'validity': 0.096, 'distribution_balance': 0.0576, 'coverage_representativeness': 0.0576, 'uniqueness': 0.0384}","{'timeliness': 0.2879, 'completeness': 0.1727, 'outlier_anomaly': 0.1747, 'consistency': 0.1152, 'validity': 0.096, 'distribution_balance': 0.0576, 'coverage_representativeness': 0.0576, 'uniqueness': 0.0384}",4662aead7f375c19dafc024a4448375db227be51a7d0320aa3f53b29503ae1b0
1,UCI Air Quality Sensors,B2_air_quality,Tier B (Calibration Benchmark),time_series_forecasting,43,NO_CALIBRATION,CO(GT),timestamp,90.3,70.0,6.5,53.8789,47.3789,RMSE,lower_is_better,Disabled (Prior W_AHP Preserved),Policy Veto Enforced,Successfully Evaluated,"[65.9, 74.1] (SE=2.07)",YELLOW,"{'timeliness': 0.2879, 'completeness': 0.1727, 'outlier_anomaly': 0.1747, 'consistency': 0.1152, 'validity': 0.096, 'distribution_balance': 0.0576, 'coverage_representativeness': 0.0576, 'uniqueness': 0.0384}","{'timeliness': 0.2879, 'completeness': 0.1727, 'outlier_anomaly': 0.1747, 'consistency': 0.1152, 'validity': 0.096, 'distribution_balance': 0.0576, 'coverage_representativeness': 0.0576, 'uniqueness': 0.0384}",48d560b0718f19f9d6133d58f0ec8cf3a38689680950fbeb3c143772ccf951d6
1,UCI Air Quality Sensors,B2_air_quality,Tier B (Calibration Benchmark),time_series_forecasting,43,NO_REMEDIATION,CO(GT),timestamp,90.3,70.0,53.07,53.8789,-16.98,RMSE,lower_is_better,Calibration Improved,Remediation Disabled (Raw Benchmark State),Successfully Evaluated,"[65.9, 74.1] (SE=2.07)",YELLOW,"{'timeliness': 0.2879, 'completeness': 0.1727, 'outlier_anomaly': 0.1747, 'consistency': 0.1152, 'validity': 0.096, 'distribution_balance': 0.0576, 'coverage_representativeness': 0.0576, 'uniqueness': 0.0384}","{'timeliness': 0.2884, 'completeness': 0.1748, 'outlier_anomaly': 0.1741, 'consistency': 0.1104, 'validity': 0.0972, 'distribution_balance': 0.0579, 'coverage_representativeness': 0.0583, 'uniqueness': 0.0389, 'label_integrity': 0.0579, 'outlier_resilience': 0.1741, 'missingness': 0.1748, 'drift_stability': 0.2884, 'temporal_validity': 0.2884, 'bias_imbalance': 0.0579, 'correlation_integrity': 0.0972, 'cardinality_schema': 0.0972, 'leakage': 0.0972}",85282b6e2480c69f9dfe2bf883f10becf4f32d54eb7eebbce707f6a9aa3de7a8
1,UCI Air Quality Sensors,B2_air_quality,Tier B (Calibration Benchmark),time_series_forecasting,44,STATIC_BASELINE,CO(GT),timestamp,91.5,91.5,3.28,53.8789,50.5989,RMSE,lower_is_better,N/A (Static Baseline),None (Static Baseline),Successfully Evaluated,N/A,NONE,"{'completeness': 0.125, 'validity': 0.125, 'consistency': 0.125, 'uniqueness': 0.125, 'timeliness': 0.125, 'outlier_anomaly': 0.125, 'distribution_balance': 0.125, 'coverage_representativeness': 0.125}","{'completeness': 0.125, 'validity': 0.125, 'consistency': 0.125, 'uniqueness': 0.125, 'timeliness': 0.125, 'outlier_anomaly': 0.125, 'distribution_balance': 0.125, 'coverage_representativeness': 0.125}",a501335060b505658f768c09f4a830c43a41d28630cb826c5a380664d82fe2bb
1,UCI Air Quality Sensors,B2_air_quality,Tier B (Calibration Benchmark),time_series_forecasting,44,FULL_DATATRUST,CO(GT),timestamp,90.3,70.0,53.07,53.8789,-16.98,RMSE,lower_is_better,Calibration Improved,Policy Veto Enforced,Successfully Evaluated,"[65.9, 74.1] (SE=2.07)",YELLOW,"{'timeliness': 0.2879, 'completeness': 0.1727, 'outlier_anomaly': 0.1747, 'consistency': 0.1152, 'validity': 0.096, 'distribution_balance': 0.0576, 'coverage_representativeness': 0.0576, 'uniqueness': 0.0384}","{'timeliness': 0.2884, 'completeness': 0.1748, 'outlier_anomaly': 0.1741, 'consistency': 0.1104, 'validity': 0.0972, 'distribution_balance': 0.0579, 'coverage_representativeness': 0.0583, 'uniqueness': 0.0389, 'label_integrity': 0.0579, 'outlier_resilience': 0.1741, 'missingness': 0.1748, 'drift_stability': 0.2884, 'temporal_validity': 0.2884, 'bias_imbalance': 0.0579, 'correlation_integrity': 0.0972, 'cardinality_schema': 0.0972, 'leakage': 0.0972}",ba29fe8b3460c8755d13dfc4df14ef835a93804aa86dd2b4f6844be35ca40bd8
1,UCI Air Quality Sensors,B2_air_quality,Tier B (Calibration Benchmark),time_series_forecasting,44,NO_VETO,CO(GT),timestamp,90.3,90.3,3.46,53.8789,50.4189,RMSE,lower_is_better,N/A (Veto Disabled),Policy Veto Enforced,Successfully Evaluated,"[65.9, 74.1] (SE=2.07)",BYPASSED,"{'timeliness': 0.2879, 'completeness': 0.1727, 'outlier_anomaly': 0.1747, 'consistency': 0.1152, 'validity': 0.096, 'distribution_balance': 0.0576, 'coverage_representativeness': 0.0576, 'uniqueness': 0.0384}","{'timeliness': 0.2879, 'completeness': 0.1727, 'outlier_anomaly': 0.1747, 'consistency': 0.1152, 'validity': 0.096, 'distribution_balance': 0.0576, 'coverage_representativeness': 0.0576, 'uniqueness': 0.0384}",2ae2c151865d0deb52abfac7e6a76609ab7fdb8e55c0cd7470de09f3d37918e7
1,UCI Air Quality Sensors,B2_air_quality,Tier B (Calibration Benchmark),time_series_forecasting,44,NO_CALIBRATION,CO(GT),timestamp,90.3,70.0,6.5,53.8789,47.3789,RMSE,lower_is_better,Disabled (Prior W_AHP Preserved),Policy Veto Enforced,Successfully Evaluated,"[65.9, 74.1] (SE=2.07)",YELLOW,"{'timeliness': 0.2879, 'completeness': 0.1727, 'outlier_anomaly': 0.1747, 'consistency': 0.1152, 'validity': 0.096, 'distribution_balance': 0.0576, 'coverage_representativeness': 0.0576, 'uniqueness': 0.0384}","{'timeliness': 0.2879, 'completeness': 0.1727, 'outlier_anomaly': 0.1747, 'consistency': 0.1152, 'validity': 0.096, 'distribution_balance': 0.0576, 'coverage_representativeness': 0.0576, 'uniqueness': 0.0384}",ba8d39fb8c411e691253cb90350ab35e02b7399486cdd0f09cc1b4e7882c12bf
1,UCI Air Quality Sensors,B2_air_quality,Tier B (Calibration Benchmark),time_series_forecasting,44,NO_REMEDIATION,CO(GT),timestamp,90.3,70.0,53.07,53.8789,-16.98,RMSE,lower_is_better,Calibration Improved,Remediation Disabled (Raw Benchmark State),Successfully Evaluated,"[65.9, 74.1] (SE=2.07)",YELLOW,"{'timeliness': 0.2879, 'completeness': 0.1727, 'outlier_anomaly': 0.1747, 'consistency': 0.1152, 'validity': 0.096, 'distribution_balance': 0.0576, 'coverage_representativeness': 0.0576, 'uniqueness': 0.0384}","{'timeliness': 0.2884, 'completeness': 0.1748, 'outlier_anomaly': 0.1741, 'consistency': 0.1104, 'validity': 0.0972, 'distribution_balance': 0.0579, 'coverage_representativeness': 0.0583, 'uniqueness': 0.0389, 'label_integrity': 0.0579, 'outlier_resilience': 0.1741, 'missingness': 0.1748, 'drift_stability': 0.2884, 'temporal_validity': 0.2884, 'bias_imbalance': 0.0579, 'correlation_integrity': 0.0972, 'cardinality_schema': 0.0972, 'leakage': 0.0972}",09560892461b722ee02dcc12f591a0018cf7582b80d4bca9af1e4d98b127d529
1,UCI Air Quality Sensors,B2_air_quality,Tier B (Calibration Benchmark),time_series_forecasting,45,STATIC_BASELINE,CO(GT),timestamp,91.5,91.5,3.28,53.8789,50.5989,RMSE,lower_is_better,N/A (Static Baseline),None (Static Baseline),Successfully Evaluated,N/A,NONE,"{'completeness': 0.125, 'validity': 0.125, 'consistency': 0.125, 'uniqueness': 0.125, 'timeliness': 0.125, 'outlier_anomaly': 0.125, 'distribution_balance': 0.125, 'coverage_representativeness': 0.125}","{'completeness': 0.125, 'validity': 0.125, 'consistency': 0.125, 'uniqueness': 0.125, 'timeliness': 0.125, 'outlier_anomaly': 0.125, 'distribution_balance': 0.125, 'coverage_representativeness': 0.125}",f25237c53586e00de28022fae8c1c5a320dfe649cf9e96e5c60d3493f47fb5a3
1,UCI Air Quality Sensors,B2_air_quality,Tier B (Calibration Benchmark),time_series_forecasting,45,FULL_DATATRUST,CO(GT),timestamp,90.3,70.0,53.07,53.8789,-16.98,RMSE,lower_is_better,Calibration Improved,Policy Veto Enforced,Successfully Evaluated,"[65.9, 74.1] (SE=2.07)",YELLOW,"{'timeliness': 0.2879, 'completeness': 0.1727, 'outlier_anomaly': 0.1747, 'consistency': 0.1152, 'validity': 0.096, 'distribution_balance': 0.0576, 'coverage_representativeness': 0.0576, 'uniqueness': 0.0384}","{'timeliness': 0.2884, 'completeness': 0.1748, 'outlier_anomaly': 0.1741, 'consistency': 0.1104, 'validity': 0.0972, 'distribution_balance': 0.0579, 'coverage_representativeness': 0.0583, 'uniqueness': 0.0389, 'label_integrity': 0.0579, 'outlier_resilience': 0.1741, 'missingness': 0.1748, 'drift_stability': 0.2884, 'temporal_validity': 0.2884, 'bias_imbalance': 0.0579, 'correlation_integrity': 0.0972, 'cardinality_schema': 0.0972, 'leakage': 0.0972}",ba29fe8b3460c8755d13dfc4df14ef835a93804aa86dd2b4f6844be35ca40bd8
1,UCI Air Quality Sensors,B2_air_quality,Tier B (Calibration Benchmark),time_series_forecasting,45,NO_VETO,CO(GT),timestamp,90.3,90.3,3.46,53.8789,50.4189,RMSE,lower_is_better,N/A (Veto Disabled),Policy Veto Enforced,Successfully Evaluated,"[65.9, 74.1] (SE=2.07)",BYPASSED,"{'timeliness': 0.2879, 'completeness': 0.1727, 'outlier_anomaly': 0.1747, 'consistency': 0.1152, 'validity': 0.096, 'distribution_balance': 0.0576, 'coverage_representativeness': 0.0576, 'uniqueness': 0.0384}","{'timeliness': 0.2879, 'completeness': 0.1727, 'outlier_anomaly': 0.1747, 'consistency': 0.1152, 'validity': 0.096, 'distribution_balance': 0.0576, 'coverage_representativeness': 0.0576, 'uniqueness': 0.0384}",ce9b85382e9010346e8afcff4a2066efb686cd97aff7bee7b517a844874c93e0
1,UCI Air Quality Sensors,B2_air_quality,Tier B (Calibration Benchmark),time_series_forecasting,45,NO_CALIBRATION,CO(GT),timestamp,90.3,70.0,6.5,53.8789,47.3789,RMSE,lower_is_better,Disabled (Prior W_AHP Preserved),Policy Veto Enforced,Successfully Evaluated,"[65.9, 74.1] (SE=2.07)",YELLOW,"{'timeliness': 0.2879, 'completeness': 0.1727, 'outlier_anomaly': 0.1747, 'consistency': 0.1152, 'validity': 0.096, 'distribution_balance': 0.0576, 'coverage_representativeness': 0.0576, 'uniqueness': 0.0384}","{'timeliness': 0.2879, 'completeness': 0.1727, 'outlier_anomaly': 0.1747, 'consistency': 0.1152, 'validity': 0.096, 'distribution_balance': 0.0576, 'coverage_representativeness': 0.0576, 'uniqueness': 0.0384}",3cfffb4b747763482b0ad339e4648a7cba1652688f2367c80aff77b6ad2b7a04
1,UCI Air Quality Sensors,B2_air_quality,Tier B (Calibration Benchmark),time_series_forecasting,45,NO_REMEDIATION,CO(GT),timestamp,90.3,70.0,53.07,53.8789,-16.98,RMSE,lower_is_better,Calibration Improved,Remediation Disabled (Raw Benchmark State),Successfully Evaluated,"[65.9, 74.1] (SE=2.07)",YELLOW,"{'timeliness': 0.2879, 'completeness': 0.1727, 'outlier_anomaly': 0.1747, 'consistency': 0.1152, 'validity': 0.096, 'distribution_balance': 0.0576, 'coverage_representativeness': 0.0576, 'uniqueness': 0.0384}","{'timeliness': 0.2884, 'completeness': 0.1748, 'outlier_anomaly': 0.1741, 'consistency': 0.1104, 'validity': 0.0972, 'distribution_balance': 0.0579, 'coverage_representativeness': 0.0583, 'uniqueness': 0.0389, 'label_integrity': 0.0579, 'outlier_resilience': 0.1741, 'missingness': 0.1748, 'drift_stability': 0.2884, 'temporal_validity': 0.2884, 'bias_imbalance': 0.0579, 'correlation_integrity': 0.0972, 'cardinality_schema': 0.0972, 'leakage': 0.0972}",7ab3969eb6462a7b4855ab0ceb6513e626b890e404be0212f18f663459bc72ab
1,UCI Air Quality Sensors,B2_air_quality,Tier B (Calibration Benchmark),time_series_forecasting,46,STATIC_BASELINE,CO(GT),timestamp,91.5,91.5,3.28,53.8789,50.5989,RMSE,lower_is_better,N/A (Static Baseline),None (Static Baseline),Successfully Evaluated,N/A,NONE,"{'completeness': 0.125, 'validity': 0.125, 'consistency': 0.125, 'uniqueness': 0.125, 'timeliness': 0.125, 'outlier_anomaly': 0.125, 'distribution_balance': 0.125, 'coverage_representativeness': 0.125}","{'completeness': 0.125, 'validity': 0.125, 'consistency': 0.125, 'uniqueness': 0.125, 'timeliness': 0.125, 'outlier_anomaly': 0.125, 'distribution_balance': 0.125, 'coverage_representativeness': 0.125}",ab322aa65d5ef840a22642efeb771c18d3da0b0c4161392e8b50e15b3581aec7
1,UCI Air Quality Sensors,B2_air_quality,Tier B (Calibration Benchmark),time_series_forecasting,46,FULL_DATATRUST,CO(GT),timestamp,90.3,70.0,53.07,53.8789,-16.98,RMSE,lower_is_better,Calibration Improved,Policy Veto Enforced,Successfully Evaluated,"[65.9, 74.1] (SE=2.07)",YELLOW,"{'timeliness': 0.2879, 'completeness': 0.1727, 'outlier_anomaly': 0.1747, 'consistency': 0.1152, 'validity': 0.096, 'distribution_balance': 0.0576, 'coverage_representativeness': 0.0576, 'uniqueness': 0.0384}","{'timeliness': 0.2884, 'completeness': 0.1748, 'outlier_anomaly': 0.1741, 'consistency': 0.1104, 'validity': 0.0972, 'distribution_balance': 0.0579, 'coverage_representativeness': 0.0583, 'uniqueness': 0.0389, 'label_integrity': 0.0579, 'outlier_resilience': 0.1741, 'missingness': 0.1748, 'drift_stability': 0.2884, 'temporal_validity': 0.2884, 'bias_imbalance': 0.0579, 'correlation_integrity': 0.0972, 'cardinality_schema': 0.0972, 'leakage': 0.0972}",ba29fe8b3460c8755d13dfc4df14ef835a93804aa86dd2b4f6844be35ca40bd8
1,UCI Air Quality Sensors,B2_air_quality,Tier B (Calibration Benchmark),time_series_forecasting,46,NO_VETO,CO(GT),timestamp,90.3,90.3,3.46,53.8789,50.4189,RMSE,lower_is_better,N/A (Veto Disabled),Policy Veto Enforced,Successfully Evaluated,"[65.9, 74.1] (SE=2.07)",BYPASSED,"{'timeliness': 0.2879, 'completeness': 0.1727, 'outlier_anomaly': 0.1747, 'consistency': 0.1152, 'validity': 0.096, 'distribution_balance': 0.0576, 'coverage_representativeness': 0.0576, 'uniqueness': 0.0384}","{'timeliness': 0.2879, 'completeness': 0.1727, 'outlier_anomaly': 0.1747, 'consistency': 0.1152, 'validity': 0.096, 'distribution_balance': 0.0576, 'coverage_representativeness': 0.0576, 'uniqueness': 0.0384}",3be60d95c8791a601bfd7b1e390a242d5d223361029a2477d285638defad973d
1,UCI Air Quality Sensors,B2_air_quality,Tier B (Calibration Benchmark),time_series_forecasting,46,NO_CALIBRATION,CO(GT),timestamp,90.3,70.0,6.5,53.8789,47.3789,RMSE,lower_is_better,Disabled (Prior W_AHP Preserved),Policy Veto Enforced,Successfully Evaluated,"[65.9, 74.1] (SE=2.07)",YELLOW,"{'timeliness': 0.2879, 'completeness': 0.1727, 'outlier_anomaly': 0.1747, 'consistency': 0.1152, 'validity': 0.096, 'distribution_balance': 0.0576, 'coverage_representativeness': 0.0576, 'uniqueness': 0.0384}","{'timeliness': 0.2879, 'completeness': 0.1727, 'outlier_anomaly': 0.1747, 'consistency': 0.1152, 'validity': 0.096, 'distribution_balance': 0.0576, 'coverage_representativeness': 0.0576, 'uniqueness': 0.0384}",4d91fe131c9598d5ad8b4a9bb98ff734ddc0091c0e3dc4bfca9c728a9cd741ab
1,UCI Air Quality Sensors,B2_air_quality,Tier B (Calibration Benchmark),time_series_forecasting,46,NO_REMEDIATION,CO(GT),timestamp,90.3,70.0,53.07,53.8789,-16.98,RMSE,lower_is_better,Calibration Improved,Remediation Disabled (Raw Benchmark State),Successfully Evaluated,"[65.9, 74.1] (SE=2.07)",YELLOW,"{'timeliness': 0.2879, 'completeness': 0.1727, 'outlier_anomaly': 0.1747, 'consistency': 0.1152, 'validity': 0.096, 'distribution_balance': 0.0576, 'coverage_representativeness': 0.0576, 'uniqueness': 0.0384}","{'timeliness': 0.2884, 'completeness': 0.1748, 'outlier_anomaly': 0.1741, 'consistency': 0.1104, 'validity': 0.0972, 'distribution_balance': 0.0579, 'coverage_representativeness': 0.0583, 'uniqueness': 0.0389, 'label_integrity': 0.0579, 'outlier_resilience': 0.1741, 'missingness': 0.1748, 'drift_stability': 0.2884, 'temporal_validity': 0.2884, 'bias_imbalance': 0.0579, 'correlation_integrity': 0.0972, 'cardinality_schema': 0.0972, 'leakage': 0.0972}",23940e0c76dddbdeb515d560adfe2117ec7bfc6a2f1cf272adbb0b15c92f18d8
1,Melbourne Daily Temperatures,B3_melb_temperatures,Tier B (Diagnostic Benchmark),time_series_forecasting,42,STATIC_BASELINE,Temp,Date,95.88,95.88,2.62,2.4505,-0.1695,RMSE,lower_is_better,N/A (Static Baseline),None (Static Baseline),Successfully Evaluated,N/A,NONE,"{'completeness': 0.125, 'validity': 0.125, 'consistency': 0.125, 'uniqueness': 0.125, 'timeliness': 0.125, 'outlier_anomaly': 0.125, 'distribution_balance': 0.125, 'coverage_representativeness': 0.125}","{'completeness': 0.125, 'validity': 0.125, 'consistency': 0.125, 'uniqueness': 0.125, 'timeliness': 0.125, 'outlier_anomaly': 0.125, 'distribution_balance': 0.125, 'coverage_representativeness': 0.125}",d8122d4419067f9c4ac6e084505cc5ab7d1a422e2d1a73924deef4d0bd3c9e43
1,Melbourne Daily Temperatures,B3_melb_temperatures,Tier B (Diagnostic Benchmark),time_series_forecasting,42,FULL_DATATRUST,Temp,Date,96.7,91.8,1.02,2.4505,1.44,RMSE,lower_is_better,Calibration Improved,No Remediation Required,Successfully Evaluated,"[91.1, 92.5] (SE=0.36)",GREEN,"{'timeliness': 0.3, 'completeness': 0.18, 'outlier_anomaly': 0.14, 'consistency': 0.12, 'validity': 0.1, 'distribution_balance': 0.06, 'coverage_representativeness': 0.06, 'uniqueness': 0.04}","{'timeliness': 0.0849, 'completeness': 0.0509, 'outlier_anomaly': 0.4262, 'consistency': 0.1614, 'validity': 0.0283, 'distribution_balance': 0.0807, 'coverage_representativeness': 0.1444, 'uniqueness': 0.0232, 'label_integrity': 0.0807, 'outlier_resilience': 0.4262, 'missingness': 0.0509, 'drift_stability': 0.0849, 'temporal_validity': 0.0849, 'bias_imbalance': 0.0807, 'correlation_integrity': 0.0283, 'cardinality_schema': 0.0283, 'leakage': 0.0283}",b47d32603df482fda48630dcc9785dbc216d7197318b95e6c01e797f5fb688e9
1,Melbourne Daily Temperatures,B3_melb_temperatures,Tier B (Diagnostic Benchmark),time_series_forecasting,42,NO_VETO,Temp,Date,96.7,96.7,2.49,2.4505,-0.0395,RMSE,lower_is_better,N/A (Veto Disabled),No Remediation Required,Successfully Evaluated,"[91.1, 92.5] (SE=0.36)",BYPASSED,"{'timeliness': 0.3, 'completeness': 0.18, 'outlier_anomaly': 0.14, 'consistency': 0.12, 'validity': 0.1, 'distribution_balance': 0.06, 'coverage_representativeness': 0.06, 'uniqueness': 0.04}","{'timeliness': 0.3, 'completeness': 0.18, 'outlier_anomaly': 0.14, 'consistency': 0.12, 'validity': 0.1, 'distribution_balance': 0.06, 'coverage_representativeness': 0.06, 'uniqueness': 0.04}",5229a68073428b532410ee19f1d62b7f040e103c4e8f01354cd821641d6c8899
1,Melbourne Daily Temperatures,B3_melb_temperatures,Tier B (Diagnostic Benchmark),time_series_forecasting,42,NO_CALIBRATION,Temp,Date,96.7,96.68,2.5,2.4505,-0.0495,RMSE,lower_is_better,Disabled (Prior W_AHP Preserved),No Remediation Required,Successfully Evaluated,"[91.1, 92.5] (SE=0.36)",GREEN,"{'timeliness': 0.3, 'completeness': 0.18, 'outlier_anomaly': 0.14, 'consistency': 0.12, 'validity': 0.1, 'distribution_balance': 0.06, 'coverage_representativeness': 0.06, 'uniqueness': 0.04}","{'timeliness': 0.3, 'completeness': 0.18, 'outlier_anomaly': 0.14, 'consistency': 0.12, 'validity': 0.1, 'distribution_balance': 0.06, 'coverage_representativeness': 0.06, 'uniqueness': 0.04}",4e5fcddb746a9f9bee7dc1bfc6cb664313a2905c977110ab6e985a73c1689a83
1,Melbourne Daily Temperatures,B3_melb_temperatures,Tier B (Diagnostic Benchmark),time_series_forecasting,42,NO_REMEDIATION,Temp,Date,96.7,91.8,1.02,2.4505,1.44,RMSE,lower_is_better,Calibration Improved,Remediation Disabled (Raw Benchmark State),Successfully Evaluated,"[91.1, 92.5] (SE=0.36)",GREEN,"{'timeliness': 0.3, 'completeness': 0.18, 'outlier_anomaly': 0.14, 'consistency': 0.12, 'validity': 0.1, 'distribution_balance': 0.06, 'coverage_representativeness': 0.06, 'uniqueness': 0.04}","{'timeliness': 0.0849, 'completeness': 0.0509, 'outlier_anomaly': 0.4262, 'consistency': 0.1614, 'validity': 0.0283, 'distribution_balance': 0.0807, 'coverage_representativeness': 0.1444, 'uniqueness': 0.0232, 'label_integrity': 0.0807, 'outlier_resilience': 0.4262, 'missingness': 0.0509, 'drift_stability': 0.0849, 'temporal_validity': 0.0849, 'bias_imbalance': 0.0807, 'correlation_integrity': 0.0283, 'cardinality_schema': 0.0283, 'leakage': 0.0283}",001c8483186b0202fd33ca343a4069d6ea0f44bf188cd87d2f848ea708037bcf
1,Melbourne Daily Temperatures,B3_melb_temperatures,Tier B (Diagnostic Benchmark),time_series_forecasting,43,STATIC_BASELINE,Temp,Date,95.88,95.88,2.62,2.4505,-0.1695,RMSE,lower_is_better,N/A (Static Baseline),None (Static Baseline),Successfully Evaluated,N/A,NONE,"{'completeness': 0.125, 'validity': 0.125, 'consistency': 0.125, 'uniqueness': 0.125, 'timeliness': 0.125, 'outlier_anomaly': 0.125, 'distribution_balance': 0.125, 'coverage_representativeness': 0.125}","{'completeness': 0.125, 'validity': 0.125, 'consistency': 0.125, 'uniqueness': 0.125, 'timeliness': 0.125, 'outlier_anomaly': 0.125, 'distribution_balance': 0.125, 'coverage_representativeness': 0.125}",39078f30bf260d99d893a48da5065ec0236e52059efa617c2c8d816b1a6f8910
1,Melbourne Daily Temperatures,B3_melb_temperatures,Tier B (Diagnostic Benchmark),time_series_forecasting,43,FULL_DATATRUST,Temp,Date,96.7,91.8,1.02,2.4505,1.44,RMSE,lower_is_better,Calibration Improved,No Remediation Required,Successfully Evaluated,"[91.1, 92.5] (SE=0.36)",GREEN,"{'timeliness': 0.3, 'completeness': 0.18, 'outlier_anomaly': 0.14, 'consistency': 0.12, 'validity': 0.1, 'distribution_balance': 0.06, 'coverage_representativeness': 0.06, 'uniqueness': 0.04}","{'timeliness': 0.0849, 'completeness': 0.0509, 'outlier_anomaly': 0.4262, 'consistency': 0.1614, 'validity': 0.0283, 'distribution_balance': 0.0807, 'coverage_representativeness': 0.1444, 'uniqueness': 0.0232, 'label_integrity': 0.0807, 'outlier_resilience': 0.4262, 'missingness': 0.0509, 'drift_stability': 0.0849, 'temporal_validity': 0.0849, 'bias_imbalance': 0.0807, 'correlation_integrity': 0.0283, 'cardinality_schema': 0.0283, 'leakage': 0.0283}",b47d32603df482fda48630dcc9785dbc216d7197318b95e6c01e797f5fb688e9
1,Melbourne Daily Temperatures,B3_melb_temperatures,Tier B (Diagnostic Benchmark),time_series_forecasting,43,NO_VETO,Temp,Date,96.7,96.7,2.49,2.4505,-0.0395,RMSE,lower_is_better,N/A (Veto Disabled),No Remediation Required,Successfully Evaluated,"[91.1, 92.5] (SE=0.36)",BYPASSED,"{'timeliness': 0.3, 'completeness': 0.18, 'outlier_anomaly': 0.14, 'consistency': 0.12, 'validity': 0.1, 'distribution_balance': 0.06, 'coverage_representativeness': 0.06, 'uniqueness': 0.04}","{'timeliness': 0.3, 'completeness': 0.18, 'outlier_anomaly': 0.14, 'consistency': 0.12, 'validity': 0.1, 'distribution_balance': 0.06, 'coverage_representativeness': 0.06, 'uniqueness': 0.04}",3e29afda6be5e07d8b72f2b34ff8278210d275efa1b5a252369729677ebb2620
1,Melbourne Daily Temperatures,B3_melb_temperatures,Tier B (Diagnostic Benchmark),time_series_forecasting,43,NO_CALIBRATION,Temp,Date,96.7,96.68,2.5,2.4505,-0.0495,RMSE,lower_is_better,Disabled (Prior W_AHP Preserved),No Remediation Required,Successfully Evaluated,"[91.1, 92.5] (SE=0.36)",GREEN,"{'timeliness': 0.3, 'completeness': 0.18, 'outlier_anomaly': 0.14, 'consistency': 0.12, 'validity': 0.1, 'distribution_balance': 0.06, 'coverage_representativeness': 0.06, 'uniqueness': 0.04}","{'timeliness': 0.3, 'completeness': 0.18, 'outlier_anomaly': 0.14, 'consistency': 0.12, 'validity': 0.1, 'distribution_balance': 0.06, 'coverage_representativeness': 0.06, 'uniqueness': 0.04}",7ca0775954b529ea365abd634a805767b1aa2ca615a38d7b3b6e6db85f4ea31f
1,Melbourne Daily Temperatures,B3_melb_temperatures,Tier B (Diagnostic Benchmark),time_series_forecasting,43,NO_REMEDIATION,Temp,Date,96.7,91.8,1.02,2.4505,1.44,RMSE,lower_is_better,Calibration Improved,Remediation Disabled (Raw Benchmark State),Successfully Evaluated,"[91.1, 92.5] (SE=0.36)",GREEN,"{'timeliness': 0.3, 'completeness': 0.18, 'outlier_anomaly': 0.14, 'consistency': 0.12, 'validity': 0.1, 'distribution_balance': 0.06, 'coverage_representativeness': 0.06, 'uniqueness': 0.04}","{'timeliness': 0.0849, 'completeness': 0.0509, 'outlier_anomaly': 0.4262, 'consistency': 0.1614, 'validity': 0.0283, 'distribution_balance': 0.0807, 'coverage_representativeness': 0.1444, 'uniqueness': 0.0232, 'label_integrity': 0.0807, 'outlier_resilience': 0.4262, 'missingness': 0.0509, 'drift_stability': 0.0849, 'temporal_validity': 0.0849, 'bias_imbalance': 0.0807, 'correlation_integrity': 0.0283, 'cardinality_schema': 0.0283, 'leakage': 0.0283}",d800fc9549f7ff6d5a9814e39f0115ad295eb94b6b0c551ff9e66c0fb9738a54
1,Melbourne Daily Temperatures,B3_melb_temperatures,Tier B (Diagnostic Benchmark),time_series_forecasting,44,STATIC_BASELINE,Temp,Date,95.88,95.88,2.62,2.4505,-0.1695,RMSE,lower_is_better,N/A (Static Baseline),None (Static Baseline),Successfully Evaluated,N/A,NONE,"{'completeness': 0.125, 'validity': 0.125, 'consistency': 0.125, 'uniqueness': 0.125, 'timeliness': 0.125, 'outlier_anomaly': 0.125, 'distribution_balance': 0.125, 'coverage_representativeness': 0.125}","{'completeness': 0.125, 'validity': 0.125, 'consistency': 0.125, 'uniqueness': 0.125, 'timeliness': 0.125, 'outlier_anomaly': 0.125, 'distribution_balance': 0.125, 'coverage_representativeness': 0.125}",6fea73170909fd18085fb0196dd8e85f4eaf6a2c0aff95bd3b41bfac14aded23
1,Melbourne Daily Temperatures,B3_melb_temperatures,Tier B (Diagnostic Benchmark),time_series_forecasting,44,FULL_DATATRUST,Temp,Date,96.7,91.8,1.02,2.4505,1.44,RMSE,lower_is_better,Calibration Improved,No Remediation Required,Successfully Evaluated,"[91.1, 92.5] (SE=0.36)",GREEN,"{'timeliness': 0.3, 'completeness': 0.18, 'outlier_anomaly': 0.14, 'consistency': 0.12, 'validity': 0.1, 'distribution_balance': 0.06, 'coverage_representativeness': 0.06, 'uniqueness': 0.04}","{'timeliness': 0.0849, 'completeness': 0.0509, 'outlier_anomaly': 0.4262, 'consistency': 0.1614, 'validity': 0.0283, 'distribution_balance': 0.0807, 'coverage_representativeness': 0.1444, 'uniqueness': 0.0232, 'label_integrity': 0.0807, 'outlier_resilience': 0.4262, 'missingness': 0.0509, 'drift_stability': 0.0849, 'temporal_validity': 0.0849, 'bias_imbalance': 0.0807, 'correlation_integrity': 0.0283, 'cardinality_schema': 0.0283, 'leakage': 0.0283}",b47d32603df482fda48630dcc9785dbc216d7197318b95e6c01e797f5fb688e9
1,Melbourne Daily Temperatures,B3_melb_temperatures,Tier B (Diagnostic Benchmark),time_series_forecasting,44,NO_VETO,Temp,Date,96.7,96.7,2.49,2.4505,-0.0395,RMSE,lower_is_better,N/A (Veto Disabled),No Remediation Required,Successfully Evaluated,"[91.1, 92.5] (SE=0.36)",BYPASSED,"{'timeliness': 0.3, 'completeness': 0.18, 'outlier_anomaly': 0.14, 'consistency': 0.12, 'validity': 0.1, 'distribution_balance': 0.06, 'coverage_representativeness': 0.06, 'uniqueness': 0.04}","{'timeliness': 0.3, 'completeness': 0.18, 'outlier_anomaly': 0.14, 'consistency': 0.12, 'validity': 0.1, 'distribution_balance': 0.06, 'coverage_representativeness': 0.06, 'uniqueness': 0.04}",92947c68eb2fc749cbdeaa3643abe1f7db786d89f5b86d232b5842e9f95a4c1c
1,Melbourne Daily Temperatures,B3_melb_temperatures,Tier B (Diagnostic Benchmark),time_series_forecasting,44,NO_CALIBRATION,Temp,Date,96.7,96.68,2.5,2.4505,-0.0495,RMSE,lower_is_better,Disabled (Prior W_AHP Preserved),No Remediation Required,Successfully Evaluated,"[91.1, 92.5] (SE=0.36)",GREEN,"{'timeliness': 0.3, 'completeness': 0.18, 'outlier_anomaly': 0.14, 'consistency': 0.12, 'validity': 0.1, 'distribution_balance': 0.06, 'coverage_representativeness': 0.06, 'uniqueness': 0.04}","{'timeliness': 0.3, 'completeness': 0.18, 'outlier_anomaly': 0.14, 'consistency': 0.12, 'validity': 0.1, 'distribution_balance': 0.06, 'coverage_representativeness': 0.06, 'uniqueness': 0.04}",d53bd7b4fb9f333e1e5957e06980b1ddf1d555f63db97ff323e60f2ffbdaca1c
1,Melbourne Daily Temperatures,B3_melb_temperatures,Tier B (Diagnostic Benchmark),time_series_forecasting,44,NO_REMEDIATION,Temp,Date,96.7,91.8,1.02,2.4505,1.44,RMSE,lower_is_better,Calibration Improved,Remediation Disabled (Raw Benchmark State),Successfully Evaluated,"[91.1, 92.5] (SE=0.36)",GREEN,"{'timeliness': 0.3, 'completeness': 0.18, 'outlier_anomaly': 0.14, 'consistency': 0.12, 'validity': 0.1, 'distribution_balance': 0.06, 'coverage_representativeness': 0.06, 'uniqueness': 0.04}","{'timeliness': 0.0849, 'completeness': 0.0509, 'outlier_anomaly': 0.4262, 'consistency': 0.1614, 'validity': 0.0283, 'distribution_balance': 0.0807, 'coverage_representativeness': 0.1444, 'uniqueness': 0.0232, 'label_integrity': 0.0807, 'outlier_resilience': 0.4262, 'missingness': 0.0509, 'drift_stability': 0.0849, 'temporal_validity': 0.0849, 'bias_imbalance': 0.0807, 'correlation_integrity': 0.0283, 'cardinality_schema': 0.0283, 'leakage': 0.0283}",52f210d0046d92a27b7633603e22217aa62534076d3660315505c1f7e5f7d650
1,Melbourne Daily Temperatures,B3_melb_temperatures,Tier B (Diagnostic Benchmark),time_series_forecasting,45,STATIC_BASELINE,Temp,Date,95.88,95.88,2.62,2.4505,-0.1695,RMSE,lower_is_better,N/A (Static Baseline),None (Static Baseline),Successfully Evaluated,N/A,NONE,"{'completeness': 0.125, 'validity': 0.125, 'consistency': 0.125, 'uniqueness': 0.125, 'timeliness': 0.125, 'outlier_anomaly': 0.125, 'distribution_balance': 0.125, 'coverage_representativeness': 0.125}","{'completeness': 0.125, 'validity': 0.125, 'consistency': 0.125, 'uniqueness': 0.125, 'timeliness': 0.125, 'outlier_anomaly': 0.125, 'distribution_balance': 0.125, 'coverage_representativeness': 0.125}",81fa709c423c72d6a68714380b2e94081f8df7c26dc6dfccafcee81826ec13fc
1,Melbourne Daily Temperatures,B3_melb_temperatures,Tier B (Diagnostic Benchmark),time_series_forecasting,45,FULL_DATATRUST,Temp,Date,96.7,91.8,1.02,2.4505,1.44,RMSE,lower_is_better,Calibration Improved,No Remediation Required,Successfully Evaluated,"[91.1, 92.5] (SE=0.36)",GREEN,"{'timeliness': 0.3, 'completeness': 0.18, 'outlier_anomaly': 0.14, 'consistency': 0.12, 'validity': 0.1, 'distribution_balance': 0.06, 'coverage_representativeness': 0.06, 'uniqueness': 0.04}","{'timeliness': 0.0849, 'completeness': 0.0509, 'outlier_anomaly': 0.4262, 'consistency': 0.1614, 'validity': 0.0283, 'distribution_balance': 0.0807, 'coverage_representativeness': 0.1444, 'uniqueness': 0.0232, 'label_integrity': 0.0807, 'outlier_resilience': 0.4262, 'missingness': 0.0509, 'drift_stability': 0.0849, 'temporal_validity': 0.0849, 'bias_imbalance': 0.0807, 'correlation_integrity': 0.0283, 'cardinality_schema': 0.0283, 'leakage': 0.0283}",b47d32603df482fda48630dcc9785dbc216d7197318b95e6c01e797f5fb688e9
1,Melbourne Daily Temperatures,B3_melb_temperatures,Tier B (Diagnostic Benchmark),time_series_forecasting,45,NO_VETO,Temp,Date,96.7,96.7,2.49,2.4505,-0.0395,RMSE,lower_is_better,N/A (Veto Disabled),No Remediation Required,Successfully Evaluated,"[91.1, 92.5] (SE=0.36)",BYPASSED,"{'timeliness': 0.3, 'completeness': 0.18, 'outlier_anomaly': 0.14, 'consistency': 0.12, 'validity': 0.1, 'distribution_balance': 0.06, 'coverage_representativeness': 0.06, 'uniqueness': 0.04}","{'timeliness': 0.3, 'completeness': 0.18, 'outlier_anomaly': 0.14, 'consistency': 0.12, 'validity': 0.1, 'distribution_balance': 0.06, 'coverage_representativeness': 0.06, 'uniqueness': 0.04}",7a9ad80e343f27eb775cbff61555be38231e22f64637970cc6c9758b326fc6d2
1,Melbourne Daily Temperatures,B3_melb_temperatures,Tier B (Diagnostic Benchmark),time_series_forecasting,45,NO_CALIBRATION,Temp,Date,96.7,96.68,2.5,2.4505,-0.0495,RMSE,lower_is_better,Disabled (Prior W_AHP Preserved),No Remediation Required,Successfully Evaluated,"[91.1, 92.5] (SE=0.36)",GREEN,"{'timeliness': 0.3, 'completeness': 0.18, 'outlier_anomaly': 0.14, 'consistency': 0.12, 'validity': 0.1, 'distribution_balance': 0.06, 'coverage_representativeness': 0.06, 'uniqueness': 0.04}","{'timeliness': 0.3, 'completeness': 0.18, 'outlier_anomaly': 0.14, 'consistency': 0.12, 'validity': 0.1, 'distribution_balance': 0.06, 'coverage_representativeness': 0.06, 'uniqueness': 0.04}",1bcec5df5eb9e632e4a2f34fc6ef334985dd76de4ca1f295cb98a4112e218656
1,Melbourne Daily Temperatures,B3_melb_temperatures,Tier B (Diagnostic Benchmark),time_series_forecasting,45,NO_REMEDIATION,Temp,Date,96.7,91.8,1.02,2.4505,1.44,RMSE,lower_is_better,Calibration Improved,Remediation Disabled (Raw Benchmark State),Successfully Evaluated,"[91.1, 92.5] (SE=0.36)",GREEN,"{'timeliness': 0.3, 'completeness': 0.18, 'outlier_anomaly': 0.14, 'consistency': 0.12, 'validity': 0.1, 'distribution_balance': 0.06, 'coverage_representativeness': 0.06, 'uniqueness': 0.04}","{'timeliness': 0.0849, 'completeness': 0.0509, 'outlier_anomaly': 0.4262, 'consistency': 0.1614, 'validity': 0.0283, 'distribution_balance': 0.0807, 'coverage_representativeness': 0.1444, 'uniqueness': 0.0232, 'label_integrity': 0.0807, 'outlier_resilience': 0.4262, 'missingness': 0.0509, 'drift_stability': 0.0849, 'temporal_validity': 0.0849, 'bias_imbalance': 0.0807, 'correlation_integrity': 0.0283, 'cardinality_schema': 0.0283, 'leakage': 0.0283}",bdbb2bd35a761b8f518637ce3d8bc1685465e48b1adc04d675455b63beca6b08
1,Melbourne Daily Temperatures,B3_melb_temperatures,Tier B (Diagnostic Benchmark),time_series_forecasting,46,STATIC_BASELINE,Temp,Date,95.88,95.88,2.62,2.4505,-0.1695,RMSE,lower_is_better,N/A (Static Baseline),None (Static Baseline),Successfully Evaluated,N/A,NONE,"{'completeness': 0.125, 'validity': 0.125, 'consistency': 0.125, 'uniqueness': 0.125, 'timeliness': 0.125, 'outlier_anomaly': 0.125, 'distribution_balance': 0.125, 'coverage_representativeness': 0.125}","{'completeness': 0.125, 'validity': 0.125, 'consistency': 0.125, 'uniqueness': 0.125, 'timeliness': 0.125, 'outlier_anomaly': 0.125, 'distribution_balance': 0.125, 'coverage_representativeness': 0.125}",ff592354eb72f88a8c12bd6d68f8dc4342f7957146ae0d3386486d832ca2fcd0
1,Melbourne Daily Temperatures,B3_melb_temperatures,Tier B (Diagnostic Benchmark),time_series_forecasting,46,FULL_DATATRUST,Temp,Date,96.7,91.8,1.02,2.4505,1.44,RMSE,lower_is_better,Calibration Improved,No Remediation Required,Successfully Evaluated,"[91.1, 92.5] (SE=0.36)",GREEN,"{'timeliness': 0.3, 'completeness': 0.18, 'outlier_anomaly': 0.14, 'consistency': 0.12, 'validity': 0.1, 'distribution_balance': 0.06, 'coverage_representativeness': 0.06, 'uniqueness': 0.04}","{'timeliness': 0.0849, 'completeness': 0.0509, 'outlier_anomaly': 0.4262, 'consistency': 0.1614, 'validity': 0.0283, 'distribution_balance': 0.0807, 'coverage_representativeness': 0.1444, 'uniqueness': 0.0232, 'label_integrity': 0.0807, 'outlier_resilience': 0.4262, 'missingness': 0.0509, 'drift_stability': 0.0849, 'temporal_validity': 0.0849, 'bias_imbalance': 0.0807, 'correlation_integrity': 0.0283, 'cardinality_schema': 0.0283, 'leakage': 0.0283}",b47d32603df482fda48630dcc9785dbc216d7197318b95e6c01e797f5fb688e9
1,Melbourne Daily Temperatures,B3_melb_temperatures,Tier B (Diagnostic Benchmark),time_series_forecasting,46,NO_VETO,Temp,Date,96.7,96.7,2.49,2.4505,-0.0395,RMSE,lower_is_better,N/A (Veto Disabled),No Remediation Required,Successfully Evaluated,"[91.1, 92.5] (SE=0.36)",BYPASSED,"{'timeliness': 0.3, 'completeness': 0.18, 'outlier_anomaly': 0.14, 'consistency': 0.12, 'validity': 0.1, 'distribution_balance': 0.06, 'coverage_representativeness': 0.06, 'uniqueness': 0.04}","{'timeliness': 0.3, 'completeness': 0.18, 'outlier_anomaly': 0.14, 'consistency': 0.12, 'validity': 0.1, 'distribution_balance': 0.06, 'coverage_representativeness': 0.06, 'uniqueness': 0.04}",a6e391b9612bdc0420db7dd2c2b7944ba0d88361cfa72b82b0c31468225a1796
1,Melbourne Daily Temperatures,B3_melb_temperatures,Tier B (Diagnostic Benchmark),time_series_forecasting,46,NO_CALIBRATION,Temp,Date,96.7,96.68,2.5,2.4505,-0.0495,RMSE,lower_is_better,Disabled (Prior W_AHP Preserved),No Remediation Required,Successfully Evaluated,"[91.1, 92.5] (SE=0.36)",GREEN,"{'timeliness': 0.3, 'completeness': 0.18, 'outlier_anomaly': 0.14, 'consistency': 0.12, 'validity': 0.1, 'distribution_balance': 0.06, 'coverage_representativeness': 0.06, 'uniqueness': 0.04}","{'timeliness': 0.3, 'completeness': 0.18, 'outlier_anomaly': 0.14, 'consistency': 0.12, 'validity': 0.1, 'distribution_balance': 0.06, 'coverage_representativeness': 0.06, 'uniqueness': 0.04}",5196847ed67a7984dd54e03230b8cfbc840f20f96c3c0bdfb1fdc5b5c065eafd
1,Melbourne Daily Temperatures,B3_melb_temperatures,Tier B (Diagnostic Benchmark),time_series_forecasting,46,NO_REMEDIATION,Temp,Date,96.7,91.8,1.02,2.4505,1.44,RMSE,lower_is_better,Calibration Improved,Remediation Disabled (Raw Benchmark State),Successfully Evaluated,"[91.1, 92.5] (SE=0.36)",GREEN,"{'timeliness': 0.3, 'completeness': 0.18, 'outlier_anomaly': 0.14, 'consistency': 0.12, 'validity': 0.1, 'distribution_balance': 0.06, 'coverage_representativeness': 0.06, 'uniqueness': 0.04}","{'timeliness': 0.0849, 'completeness': 0.0509, 'outlier_anomaly': 0.4262, 'consistency': 0.1614, 'validity': 0.0283, 'distribution_balance': 0.0807, 'coverage_representativeness': 0.1444, 'uniqueness': 0.0232, 'label_integrity': 0.0807, 'outlier_resilience': 0.4262, 'missingness': 0.0509, 'drift_stability': 0.0849, 'temporal_validity': 0.0849, 'bias_imbalance': 0.0807, 'correlation_integrity': 0.0283, 'cardinality_schema': 0.0283, 'leakage': 0.0283}",aa6fd3c3a44060909a0373e1119a3e531c2c4a7cf503f43dd8310a29d33fb5f5
1,Iris Species Morphometrics,B4_iris_species,Tier B (Diagnostic Benchmark),supervised_classification,42,STATIC_BASELINE,variety,,91.38,91.38,0.85,0.981,0.131,Macro F1,higher_is_better,N/A (Static Baseline),None (Static Baseline),Successfully Evaluated,N/A,NONE,"{'completeness': 0.125, 'validity': 0.125, 'consistency': 0.125, 'uniqueness': 0.125, 'timeliness': 0.125, 'outlier_anomaly': 0.125, 'distribution_balance': 0.125, 'coverage_representativeness': 0.125}","{'completeness': 0.125, 'validity': 0.125, 'consistency': 0.125, 'uniqueness': 0.125, 'timeliness': 0.125, 'outlier_anomaly': 0.125, 'distribution_balance': 0.125, 'coverage_representativeness': 0.125}",8eecf5eaf29af5b1ee1cfd4686e0ac438353c45a57222837a379d8216923ab5b
1,Iris Species Morphometrics,B4_iris_species,Tier B (Diagnostic Benchmark),supervised_classification,42,FULL_DATATRUST,variety,,95.6,70.0,0.62,0.981,0.38,Macro F1,higher_is_better,Calibration Improved,Policy Veto Enforced,Successfully Evaluated,"[69.5, 70.5] (SE=0.22)",YELLOW,"{'distribution_balance': 0.22, 'validity': 0.18, 'completeness': 0.14, 'outlier_anomaly': 0.12, 'consistency': 0.12, 'coverage_representativeness': 0.1, 'uniqueness': 0.08, 'timeliness': 0.04}","{'distribution_balance': 0.2331, 'validity': 0.1907, 'completeness': 0.1483, 'outlier_anomaly': 0.1025, 'consistency': 0.1168, 'coverage_representativeness': 0.1059, 'uniqueness': 0.084, 'timeliness': 0.0187, 'label_integrity': 0.2331, 'outlier_resilience': 0.1025, 'missingness': 0.1483, 'drift_stability': 0.0187, 'temporal_validity': 0.0187, 'bias_imbalance': 0.2331, 'correlation_integrity': 0.1907, 'cardinality_schema': 0.1907, 'leakage': 0.1907}",8f2d0356c49a48ae9a63ae66c4acb92483dc1b9586f677097bb9911436a74549
1,Iris Species Morphometrics,B4_iris_species,Tier B (Diagnostic Benchmark),supervised_classification,42,NO_VETO,variety,,95.6,95.6,0.89,0.981,0.091,Macro F1,higher_is_better,N/A (Veto Disabled),Policy Veto Enforced,Successfully Evaluated,"[69.5, 70.5] (SE=0.22)",BYPASSED,"{'distribution_balance': 0.22, 'validity': 0.18, 'completeness': 0.14, 'outlier_anomaly': 0.12, 'consistency': 0.12, 'coverage_representativeness': 0.1, 'uniqueness': 0.08, 'timeliness': 0.04}","{'distribution_balance': 0.22, 'validity': 0.18, 'completeness': 0.14, 'outlier_anomaly': 0.12, 'consistency': 0.12, 'coverage_representativeness': 0.1, 'uniqueness': 0.08, 'timeliness': 0.04}",5c86301ae9a9728ae5a200257e0dacc08b0a0adda041e454c9d35a557d94d737
1,Iris Species Morphometrics,B4_iris_species,Tier B (Diagnostic Benchmark),supervised_classification,42,NO_CALIBRATION,variety,,95.6,70.0,0.62,0.981,0.361,Macro F1,higher_is_better,Disabled (Prior W_AHP Preserved),Policy Veto Enforced,Successfully Evaluated,"[69.5, 70.5] (SE=0.22)",YELLOW,"{'distribution_balance': 0.22, 'validity': 0.18, 'completeness': 0.14, 'outlier_anomaly': 0.12, 'consistency': 0.12, 'coverage_representativeness': 0.1, 'uniqueness': 0.08, 'timeliness': 0.04}","{'distribution_balance': 0.22, 'validity': 0.18, 'completeness': 0.14, 'outlier_anomaly': 0.12, 'consistency': 0.12, 'coverage_representativeness': 0.1, 'uniqueness': 0.08, 'timeliness': 0.04}",81f1104d1d45732566cdf18a8bb168dc7794fc54bfeab317b4c610c56e329532
1,Iris Species Morphometrics,B4_iris_species,Tier B (Diagnostic Benchmark),supervised_classification,42,NO_REMEDIATION,variety,,95.6,70.0,0.62,0.981,0.38,Macro F1,higher_is_better,Calibration Improved,Remediation Disabled (Raw Benchmark State),Successfully Evaluated,"[69.5, 70.5] (SE=0.22)",YELLOW,"{'distribution_balance': 0.22, 'validity': 0.18, 'completeness': 0.14, 'outlier_anomaly': 0.12, 'consistency': 0.12, 'coverage_representativeness': 0.1, 'uniqueness': 0.08, 'timeliness': 0.04}","{'distribution_balance': 0.2331, 'validity': 0.1907, 'completeness': 0.1483, 'outlier_anomaly': 0.1025, 'consistency': 0.1168, 'coverage_representativeness': 0.1059, 'uniqueness': 0.084, 'timeliness': 0.0187, 'label_integrity': 0.2331, 'outlier_resilience': 0.1025, 'missingness': 0.1483, 'drift_stability': 0.0187, 'temporal_validity': 0.0187, 'bias_imbalance': 0.2331, 'correlation_integrity': 0.1907, 'cardinality_schema': 0.1907, 'leakage': 0.1907}",a67ac2ff696c3979fca0ea133076d2be1d769fa20a8baeb57631c36eac07c549
1,Iris Species Morphometrics,B4_iris_species,Tier B (Diagnostic Benchmark),supervised_classification,43,STATIC_BASELINE,variety,,91.38,91.38,0.85,0.9778,0.1278,Macro F1,higher_is_better,N/A (Static Baseline),None (Static Baseline),Successfully Evaluated,N/A,NONE,"{'completeness': 0.125, 'validity': 0.125, 'consistency': 0.125, 'uniqueness': 0.125, 'timeliness': 0.125, 'outlier_anomaly': 0.125, 'distribution_balance': 0.125, 'coverage_representativeness': 0.125}","{'completeness': 0.125, 'validity': 0.125, 'consistency': 0.125, 'uniqueness': 0.125, 'timeliness': 0.125, 'outlier_anomaly': 0.125, 'distribution_balance': 0.125, 'coverage_representativeness': 0.125}",d74499509c4354894f0a01c0c6ac8231eeba3deb028ac287feb002db8b5c2066
1,Iris Species Morphometrics,B4_iris_species,Tier B (Diagnostic Benchmark),supervised_classification,43,FULL_DATATRUST,variety,,95.6,70.0,0.62,0.9778,0.38,Macro F1,higher_is_better,Calibration Improved,Policy Veto Enforced,Successfully Evaluated,"[69.5, 70.5] (SE=0.22)",YELLOW,"{'distribution_balance': 0.22, 'validity': 0.18, 'completeness': 0.14, 'outlier_anomaly': 0.12, 'consistency': 0.12, 'coverage_representativeness': 0.1, 'uniqueness': 0.08, 'timeliness': 0.04}","{'distribution_balance': 0.2331, 'validity': 0.1907, 'completeness': 0.1483, 'outlier_anomaly': 0.1025, 'consistency': 0.1168, 'coverage_representativeness': 0.1059, 'uniqueness': 0.084, 'timeliness': 0.0187, 'label_integrity': 0.2331, 'outlier_resilience': 0.1025, 'missingness': 0.1483, 'drift_stability': 0.0187, 'temporal_validity': 0.0187, 'bias_imbalance': 0.2331, 'correlation_integrity': 0.1907, 'cardinality_schema': 0.1907, 'leakage': 0.1907}",8f2d0356c49a48ae9a63ae66c4acb92483dc1b9586f677097bb9911436a74549
1,Iris Species Morphometrics,B4_iris_species,Tier B (Diagnostic Benchmark),supervised_classification,43,NO_VETO,variety,,95.6,95.6,0.89,0.9778,0.0878,Macro F1,higher_is_better,N/A (Veto Disabled),Policy Veto Enforced,Successfully Evaluated,"[69.5, 70.5] (SE=0.22)",BYPASSED,"{'distribution_balance': 0.22, 'validity': 0.18, 'completeness': 0.14, 'outlier_anomaly': 0.12, 'consistency': 0.12, 'coverage_representativeness': 0.1, 'uniqueness': 0.08, 'timeliness': 0.04}","{'distribution_balance': 0.22, 'validity': 0.18, 'completeness': 0.14, 'outlier_anomaly': 0.12, 'consistency': 0.12, 'coverage_representativeness': 0.1, 'uniqueness': 0.08, 'timeliness': 0.04}",2d0a32598e7ad0109e3636c72829de90bbfc1c0e1684bf5fbd874d754e25fe6a
1,Iris Species Morphometrics,B4_iris_species,Tier B (Diagnostic Benchmark),supervised_classification,43,NO_CALIBRATION,variety,,95.6,70.0,0.62,0.9778,0.3578,Macro F1,higher_is_better,Disabled (Prior W_AHP Preserved),Policy Veto Enforced,Successfully Evaluated,"[69.5, 70.5] (SE=0.22)",YELLOW,"{'distribution_balance': 0.22, 'validity': 0.18, 'completeness': 0.14, 'outlier_anomaly': 0.12, 'consistency': 0.12, 'coverage_representativeness': 0.1, 'uniqueness': 0.08, 'timeliness': 0.04}","{'distribution_balance': 0.22, 'validity': 0.18, 'completeness': 0.14, 'outlier_anomaly': 0.12, 'consistency': 0.12, 'coverage_representativeness': 0.1, 'uniqueness': 0.08, 'timeliness': 0.04}",412326630547a368a6bcd6a94b0e54a832220f40d3f5ccc83892d060225215e9
1,Iris Species Morphometrics,B4_iris_species,Tier B (Diagnostic Benchmark),supervised_classification,43,NO_REMEDIATION,variety,,95.6,70.0,0.62,0.9778,0.38,Macro F1,higher_is_better,Calibration Improved,Remediation Disabled (Raw Benchmark State),Successfully Evaluated,"[69.5, 70.5] (SE=0.22)",YELLOW,"{'distribution_balance': 0.22, 'validity': 0.18, 'completeness': 0.14, 'outlier_anomaly': 0.12, 'consistency': 0.12, 'coverage_representativeness': 0.1, 'uniqueness': 0.08, 'timeliness': 0.04}","{'distribution_balance': 0.2331, 'validity': 0.1907, 'completeness': 0.1483, 'outlier_anomaly': 0.1025, 'consistency': 0.1168, 'coverage_representativeness': 0.1059, 'uniqueness': 0.084, 'timeliness': 0.0187, 'label_integrity': 0.2331, 'outlier_resilience': 0.1025, 'missingness': 0.1483, 'drift_stability': 0.0187, 'temporal_validity': 0.0187, 'bias_imbalance': 0.2331, 'correlation_integrity': 0.1907, 'cardinality_schema': 0.1907, 'leakage': 0.1907}",9e9719252906b21e59e81f8ab3665d4df1c8b880d40bb8136764983d1235c709
1,Iris Species Morphometrics,B4_iris_species,Tier B (Diagnostic Benchmark),supervised_classification,44,STATIC_BASELINE,variety,,91.38,91.38,0.85,0.981,0.131,Macro F1,higher_is_better,N/A (Static Baseline),None (Static Baseline),Successfully Evaluated,N/A,NONE,"{'completeness': 0.125, 'validity': 0.125, 'consistency': 0.125, 'uniqueness': 0.125, 'timeliness': 0.125, 'outlier_anomaly': 0.125, 'distribution_balance': 0.125, 'coverage_representativeness': 0.125}","{'completeness': 0.125, 'validity': 0.125, 'consistency': 0.125, 'uniqueness': 0.125, 'timeliness': 0.125, 'outlier_anomaly': 0.125, 'distribution_balance': 0.125, 'coverage_representativeness': 0.125}",efb5d7884ea398fd4b964fc18234ce20be3b1089783385b2e82e7b3e081233d9
1,Iris Species Morphometrics,B4_iris_species,Tier B (Diagnostic Benchmark),supervised_classification,44,FULL_DATATRUST,variety,,95.6,70.0,0.62,0.981,0.38,Macro F1,higher_is_better,Calibration Improved,Policy Veto Enforced,Successfully Evaluated,"[69.5, 70.5] (SE=0.22)",YELLOW,"{'distribution_balance': 0.22, 'validity': 0.18, 'completeness': 0.14, 'outlier_anomaly': 0.12, 'consistency': 0.12, 'coverage_representativeness': 0.1, 'uniqueness': 0.08, 'timeliness': 0.04}","{'distribution_balance': 0.2331, 'validity': 0.1907, 'completeness': 0.1483, 'outlier_anomaly': 0.1025, 'consistency': 0.1168, 'coverage_representativeness': 0.1059, 'uniqueness': 0.084, 'timeliness': 0.0187, 'label_integrity': 0.2331, 'outlier_resilience': 0.1025, 'missingness': 0.1483, 'drift_stability': 0.0187, 'temporal_validity': 0.0187, 'bias_imbalance': 0.2331, 'correlation_integrity': 0.1907, 'cardinality_schema': 0.1907, 'leakage': 0.1907}",8f2d0356c49a48ae9a63ae66c4acb92483dc1b9586f677097bb9911436a74549
1,Iris Species Morphometrics,B4_iris_species,Tier B (Diagnostic Benchmark),supervised_classification,44,NO_VETO,variety,,95.6,95.6,0.89,0.981,0.091,Macro F1,higher_is_better,N/A (Veto Disabled),Policy Veto Enforced,Successfully Evaluated,"[69.5, 70.5] (SE=0.22)",BYPASSED,"{'distribution_balance': 0.22, 'validity': 0.18, 'completeness': 0.14, 'outlier_anomaly': 0.12, 'consistency': 0.12, 'coverage_representativeness': 0.1, 'uniqueness': 0.08, 'timeliness': 0.04}","{'distribution_balance': 0.22, 'validity': 0.18, 'completeness': 0.14, 'outlier_anomaly': 0.12, 'consistency': 0.12, 'coverage_representativeness': 0.1, 'uniqueness': 0.08, 'timeliness': 0.04}",e93fc093600548e69ae3d90284e9b72dc8699ba51b06c3b744f8fac1208e1b11
1,Iris Species Morphometrics,B4_iris_species,Tier B (Diagnostic Benchmark),supervised_classification,44,NO_CALIBRATION,variety,,95.6,70.0,0.62,0.981,0.361,Macro F1,higher_is_better,Disabled (Prior W_AHP Preserved),Policy Veto Enforced,Successfully Evaluated,"[69.5, 70.5] (SE=0.22)",YELLOW,"{'distribution_balance': 0.22, 'validity': 0.18, 'completeness': 0.14, 'outlier_anomaly': 0.12, 'consistency': 0.12, 'coverage_representativeness': 0.1, 'uniqueness': 0.08, 'timeliness': 0.04}","{'distribution_balance': 0.22, 'validity': 0.18, 'completeness': 0.14, 'outlier_anomaly': 0.12, 'consistency': 0.12, 'coverage_representativeness': 0.1, 'uniqueness': 0.08, 'timeliness': 0.04}",12b1ae70a39a14ce1fe24d8aa170e6fcfa118ceffa715f053cf4db589de7162c
1,Iris Species Morphometrics,B4_iris_species,Tier B (Diagnostic Benchmark),supervised_classification,44,NO_REMEDIATION,variety,,95.6,70.0,0.62,0.981,0.38,Macro F1,higher_is_better,Calibration Improved,Remediation Disabled (Raw Benchmark State),Successfully Evaluated,"[69.5, 70.5] (SE=0.22)",YELLOW,"{'distribution_balance': 0.22, 'validity': 0.18, 'completeness': 0.14, 'outlier_anomaly': 0.12, 'consistency': 0.12, 'coverage_representativeness': 0.1, 'uniqueness': 0.08, 'timeliness': 0.04}","{'distribution_balance': 0.2331, 'validity': 0.1907, 'completeness': 0.1483, 'outlier_anomaly': 0.1025, 'consistency': 0.1168, 'coverage_representativeness': 0.1059, 'uniqueness': 0.084, 'timeliness': 0.0187, 'label_integrity': 0.2331, 'outlier_resilience': 0.1025, 'missingness': 0.1483, 'drift_stability': 0.0187, 'temporal_validity': 0.0187, 'bias_imbalance': 0.2331, 'correlation_integrity': 0.1907, 'cardinality_schema': 0.1907, 'leakage': 0.1907}",da1e17b3c1cc2e7e427a0e548bd8bf01ed6fde03c6558842e1d7296610b30e45
1,Iris Species Morphometrics,B4_iris_species,Tier B (Diagnostic Benchmark),supervised_classification,45,STATIC_BASELINE,variety,,91.38,91.38,0.85,0.9327,0.0827,Macro F1,higher_is_better,N/A (Static Baseline),None (Static Baseline),Successfully Evaluated,N/A,NONE,"{'completeness': 0.125, 'validity': 0.125, 'consistency': 0.125, 'uniqueness': 0.125, 'timeliness': 0.125, 'outlier_anomaly': 0.125, 'distribution_balance': 0.125, 'coverage_representativeness': 0.125}","{'completeness': 0.125, 'validity': 0.125, 'consistency': 0.125, 'uniqueness': 0.125, 'timeliness': 0.125, 'outlier_anomaly': 0.125, 'distribution_balance': 0.125, 'coverage_representativeness': 0.125}",7a1dfe277974c6ad6ed6c5b6d215539175c13d26c89d0bf51fb0b4fc5ea7586f
1,Iris Species Morphometrics,B4_iris_species,Tier B (Diagnostic Benchmark),supervised_classification,45,FULL_DATATRUST,variety,,95.6,70.0,0.62,0.9327,0.38,Macro F1,higher_is_better,Calibration Improved,Policy Veto Enforced,Successfully Evaluated,"[69.5, 70.5] (SE=0.22)",YELLOW,"{'distribution_balance': 0.22, 'validity': 0.18, 'completeness': 0.14, 'outlier_anomaly': 0.12, 'consistency': 0.12, 'coverage_representativeness': 0.1, 'uniqueness': 0.08, 'timeliness': 0.04}","{'distribution_balance': 0.2331, 'validity': 0.1907, 'completeness': 0.1483, 'outlier_anomaly': 0.1025, 'consistency': 0.1168, 'coverage_representativeness': 0.1059, 'uniqueness': 0.084, 'timeliness': 0.0187, 'label_integrity': 0.2331, 'outlier_resilience': 0.1025, 'missingness': 0.1483, 'drift_stability': 0.0187, 'temporal_validity': 0.0187, 'bias_imbalance': 0.2331, 'correlation_integrity': 0.1907, 'cardinality_schema': 0.1907, 'leakage': 0.1907}",8f2d0356c49a48ae9a63ae66c4acb92483dc1b9586f677097bb9911436a74549
1,Iris Species Morphometrics,B4_iris_species,Tier B (Diagnostic Benchmark),supervised_classification,45,NO_VETO,variety,,95.6,95.6,0.89,0.9327,0.0427,Macro F1,higher_is_better,N/A (Veto Disabled),Policy Veto Enforced,Successfully Evaluated,"[69.5, 70.5] (SE=0.22)",BYPASSED,"{'distribution_balance': 0.22, 'validity': 0.18, 'completeness': 0.14, 'outlier_anomaly': 0.12, 'consistency': 0.12, 'coverage_representativeness': 0.1, 'uniqueness': 0.08, 'timeliness': 0.04}","{'distribution_balance': 0.22, 'validity': 0.18, 'completeness': 0.14, 'outlier_anomaly': 0.12, 'consistency': 0.12, 'coverage_representativeness': 0.1, 'uniqueness': 0.08, 'timeliness': 0.04}",df398a281f4300ee9f8f6d650c031559e772676bfd910d1eaf2e08dace3b6fd8
1,Iris Species Morphometrics,B4_iris_species,Tier B (Diagnostic Benchmark),supervised_classification,45,NO_CALIBRATION,variety,,95.6,70.0,0.62,0.9327,0.3127,Macro F1,higher_is_better,Disabled (Prior W_AHP Preserved),Policy Veto Enforced,Successfully Evaluated,"[69.5, 70.5] (SE=0.22)",YELLOW,"{'distribution_balance': 0.22, 'validity': 0.18, 'completeness': 0.14, 'outlier_anomaly': 0.12, 'consistency': 0.12, 'coverage_representativeness': 0.1, 'uniqueness': 0.08, 'timeliness': 0.04}","{'distribution_balance': 0.22, 'validity': 0.18, 'completeness': 0.14, 'outlier_anomaly': 0.12, 'consistency': 0.12, 'coverage_representativeness': 0.1, 'uniqueness': 0.08, 'timeliness': 0.04}",57c2719ae5d94aa01a317b087f2475052e01401064ee00bc429fa355c44519ac
1,Iris Species Morphometrics,B4_iris_species,Tier B (Diagnostic Benchmark),supervised_classification,45,NO_REMEDIATION,variety,,95.6,70.0,0.62,0.9327,0.38,Macro F1,higher_is_better,Calibration Improved,Remediation Disabled (Raw Benchmark State),Successfully Evaluated,"[69.5, 70.5] (SE=0.22)",YELLOW,"{'distribution_balance': 0.22, 'validity': 0.18, 'completeness': 0.14, 'outlier_anomaly': 0.12, 'consistency': 0.12, 'coverage_representativeness': 0.1, 'uniqueness': 0.08, 'timeliness': 0.04}","{'distribution_balance': 0.2331, 'validity': 0.1907, 'completeness': 0.1483, 'outlier_anomaly': 0.1025, 'consistency': 0.1168, 'coverage_representativeness': 0.1059, 'uniqueness': 0.084, 'timeliness': 0.0187, 'label_integrity': 0.2331, 'outlier_resilience': 0.1025, 'missingness': 0.1483, 'drift_stability': 0.0187, 'temporal_validity': 0.0187, 'bias_imbalance': 0.2331, 'correlation_integrity': 0.1907, 'cardinality_schema': 0.1907, 'leakage': 0.1907}",9a97f9941ec6f11db72ae2a823e3e13eaf3873ac5ee7d2ba31257722cc6d31e9
1,Iris Species Morphometrics,B4_iris_species,Tier B (Diagnostic Benchmark),supervised_classification,46,STATIC_BASELINE,variety,,91.38,91.38,0.85,0.9611,0.1111,Macro F1,higher_is_better,N/A (Static Baseline),None (Static Baseline),Successfully Evaluated,N/A,NONE,"{'completeness': 0.125, 'validity': 0.125, 'consistency': 0.125, 'uniqueness': 0.125, 'timeliness': 0.125, 'outlier_anomaly': 0.125, 'distribution_balance': 0.125, 'coverage_representativeness': 0.125}","{'completeness': 0.125, 'validity': 0.125, 'consistency': 0.125, 'uniqueness': 0.125, 'timeliness': 0.125, 'outlier_anomaly': 0.125, 'distribution_balance': 0.125, 'coverage_representativeness': 0.125}",bc7d1fddeb52582789be6079999471e73213fdaff499bb7cd4f23c4517f49225
1,Iris Species Morphometrics,B4_iris_species,Tier B (Diagnostic Benchmark),supervised_classification,46,FULL_DATATRUST,variety,,95.6,70.0,0.62,0.9611,0.38,Macro F1,higher_is_better,Calibration Improved,Policy Veto Enforced,Successfully Evaluated,"[69.5, 70.5] (SE=0.22)",YELLOW,"{'distribution_balance': 0.22, 'validity': 0.18, 'completeness': 0.14, 'outlier_anomaly': 0.12, 'consistency': 0.12, 'coverage_representativeness': 0.1, 'uniqueness': 0.08, 'timeliness': 0.04}","{'distribution_balance': 0.2331, 'validity': 0.1907, 'completeness': 0.1483, 'outlier_anomaly': 0.1025, 'consistency': 0.1168, 'coverage_representativeness': 0.1059, 'uniqueness': 0.084, 'timeliness': 0.0187, 'label_integrity': 0.2331, 'outlier_resilience': 0.1025, 'missingness': 0.1483, 'drift_stability': 0.0187, 'temporal_validity': 0.0187, 'bias_imbalance': 0.2331, 'correlation_integrity': 0.1907, 'cardinality_schema': 0.1907, 'leakage': 0.1907}",8f2d0356c49a48ae9a63ae66c4acb92483dc1b9586f677097bb9911436a74549
1,Iris Species Morphometrics,B4_iris_species,Tier B (Diagnostic Benchmark),supervised_classification,46,NO_VETO,variety,,95.6,95.6,0.89,0.9611,0.0711,Macro F1,higher_is_better,N/A (Veto Disabled),Policy Veto Enforced,Successfully Evaluated,"[69.5, 70.5] (SE=0.22)",BYPASSED,"{'distribution_balance': 0.22, 'validity': 0.18, 'completeness': 0.14, 'outlier_anomaly': 0.12, 'consistency': 0.12, 'coverage_representativeness': 0.1, 'uniqueness': 0.08, 'timeliness': 0.04}","{'distribution_balance': 0.22, 'validity': 0.18, 'completeness': 0.14, 'outlier_anomaly': 0.12, 'consistency': 0.12, 'coverage_representativeness': 0.1, 'uniqueness': 0.08, 'timeliness': 0.04}",b686bb0da5ac63c5dbceeabda66af30c86649d15f2d840b0b21d678c865a766a
1,Iris Species Morphometrics,B4_iris_species,Tier B (Diagnostic Benchmark),supervised_classification,46,NO_CALIBRATION,variety,,95.6,70.0,0.62,0.9611,0.3411,Macro F1,higher_is_better,Disabled (Prior W_AHP Preserved),Policy Veto Enforced,Successfully Evaluated,"[69.5, 70.5] (SE=0.22)",YELLOW,"{'distribution_balance': 0.22, 'validity': 0.18, 'completeness': 0.14, 'outlier_anomaly': 0.12, 'consistency': 0.12, 'coverage_representativeness': 0.1, 'uniqueness': 0.08, 'timeliness': 0.04}","{'distribution_balance': 0.22, 'validity': 0.18, 'completeness': 0.14, 'outlier_anomaly': 0.12, 'consistency': 0.12, 'coverage_representativeness': 0.1, 'uniqueness': 0.08, 'timeliness': 0.04}",f764e0de4d840eaf6ec7786e4b373044b62ddb39fb2fa824122a917cdccf8ee2
1,Iris Species Morphometrics,B4_iris_species,Tier B (Diagnostic Benchmark),supervised_classification,46,NO_REMEDIATION,variety,,95.6,70.0,0.62,0.9611,0.38,Macro F1,higher_is_better,Calibration Improved,Remediation Disabled (Raw Benchmark State),Successfully Evaluated,"[69.5, 70.5] (SE=0.22)",YELLOW,"{'distribution_balance': 0.22, 'validity': 0.18, 'completeness': 0.14, 'outlier_anomaly': 0.12, 'consistency': 0.12, 'coverage_representativeness': 0.1, 'uniqueness': 0.08, 'timeliness': 0.04}","{'distribution_balance': 0.2331, 'validity': 0.1907, 'completeness': 0.1483, 'outlier_anomaly': 0.1025, 'consistency': 0.1168, 'coverage_representativeness': 0.1059, 'uniqueness': 0.084, 'timeliness': 0.0187, 'label_integrity': 0.2331, 'outlier_resilience': 0.1025, 'missingness': 0.1483, 'drift_stability': 0.0187, 'temporal_validity': 0.0187, 'bias_imbalance': 0.2331, 'correlation_integrity': 0.1907, 'cardinality_schema': 0.1907, 'leakage': 0.1907}",1dfaf3b7ee669c0194a54c31e2437c2e64ba9396b3eda4a348dae95d5278e3c4
1,California Housing,C1_cal_housing,Tier C (Held-Out Generalization),supervised_regression,42,STATIC_BASELINE,MedHouseVal,,94.75,94.75,2.79,0.4199,-2.3701,RMSE,lower_is_better,N/A (Static Baseline),None (Static Baseline),Successfully Evaluated,N/A,NONE,"{'completeness': 0.125, 'validity': 0.125, 'consistency': 0.125, 'uniqueness': 0.125, 'timeliness': 0.125, 'outlier_anomaly': 0.125, 'distribution_balance': 0.125, 'coverage_representativeness': 0.125}","{'completeness': 0.125, 'validity': 0.125, 'consistency': 0.125, 'uniqueness': 0.125, 'timeliness': 0.125, 'outlier_anomaly': 0.125, 'distribution_balance': 0.125, 'coverage_representativeness': 0.125}",6d7cdbec2ad33f4aac1393c437729b9ba096489aa4dcb12ae304a237d5ad3ad1
1,California Housing,C1_cal_housing,Tier C (Held-Out Generalization),supervised_regression,42,FULL_DATATRUST,MedHouseVal,,94.7,70.0,0.57,0.4199,-0.19,RMSE,lower_is_better,Calibration Improved,Policy Veto Enforced,Successfully Evaluated,"[69.5, 70.5] (SE=0.23)",YELLOW,"{'outlier_anomaly': 0.291, 'completeness': 0.1679, 'validity': 0.1493, 'consistency': 0.1306, 'distribution_balance': 0.0933, 'coverage_representativeness': 0.0746, 'uniqueness': 0.056, 'timeliness': 0.0373}","{'outlier_anomaly': 0.291, 'completeness': 0.1679, 'validity': 0.1493, 'consistency': 0.1306, 'distribution_balance': 0.0933, 'coverage_representativeness': 0.0746, 'uniqueness': 0.056, 'timeliness': 0.0373, 'label_integrity': 0.0933, 'outlier_resilience': 0.291, 'missingness': 0.1679, 'drift_stability': 0.0373, 'temporal_validity': 0.0373, 'bias_imbalance': 0.0933, 'correlation_integrity': 0.1493, 'cardinality_schema': 0.1493, 'leakage': 0.1493}",98da3bc5e099441db347223e886d437845e99123ba589bdf322f15c8a5def5e9
1,California Housing,C1_cal_housing,Tier C (Held-Out Generalization),supervised_regression,42,NO_VETO,MedHouseVal,,94.7,94.7,2.79,0.4199,-2.3701,RMSE,lower_is_better,N/A (Veto Disabled),Policy Veto Enforced,Successfully Evaluated,"[69.5, 70.5] (SE=0.23)",BYPASSED,"{'outlier_anomaly': 0.291, 'completeness': 0.1679, 'validity': 0.1493, 'consistency': 0.1306, 'distribution_balance': 0.0933, 'coverage_representativeness': 0.0746, 'uniqueness': 0.056, 'timeliness': 0.0373}","{'outlier_anomaly': 0.291, 'completeness': 0.1679, 'validity': 0.1493, 'consistency': 0.1306, 'distribution_balance': 0.0933, 'coverage_representativeness': 0.0746, 'uniqueness': 0.056, 'timeliness': 0.0373}",4d5b385694882df7fc9535c7e36cd7784b8bd0b5d1ff40b5654c135328e0fbbe
1,California Housing,C1_cal_housing,Tier C (Held-Out Generalization),supervised_regression,42,NO_CALIBRATION,MedHouseVal,,94.7,70.0,6.5,0.4199,-6.0801,RMSE,lower_is_better,Disabled (Prior W_AHP Preserved),Policy Veto Enforced,Successfully Evaluated,"[69.5, 70.5] (SE=0.23)",YELLOW,"{'outlier_anomaly': 0.291, 'completeness': 0.1679, 'validity': 0.1493, 'consistency': 0.1306, 'distribution_balance': 0.0933, 'coverage_representativeness': 0.0746, 'uniqueness': 0.056, 'timeliness': 0.0373}","{'outlier_anomaly': 0.291, 'completeness': 0.1679, 'validity': 0.1493, 'consistency': 0.1306, 'distribution_balance': 0.0933, 'coverage_representativeness': 0.0746, 'uniqueness': 0.056, 'timeliness': 0.0373}",a838c8c2ecd2059f7010867d3568048f392f896b5076dad21f90fdb67271ea41
1,California Housing,C1_cal_housing,Tier C (Held-Out Generalization),supervised_regression,42,NO_REMEDIATION,MedHouseVal,,94.7,70.0,0.57,0.4199,-0.19,RMSE,lower_is_better,Calibration Improved,Remediation Disabled (Raw Benchmark State),Successfully Evaluated,"[69.5, 70.5] (SE=0.23)",YELLOW,"{'outlier_anomaly': 0.291, 'completeness': 0.1679, 'validity': 0.1493, 'consistency': 0.1306, 'distribution_balance': 0.0933, 'coverage_representativeness': 0.0746, 'uniqueness': 0.056, 'timeliness': 0.0373}","{'outlier_anomaly': 0.291, 'completeness': 0.1679, 'validity': 0.1493, 'consistency': 0.1306, 'distribution_balance': 0.0933, 'coverage_representativeness': 0.0746, 'uniqueness': 0.056, 'timeliness': 0.0373, 'label_integrity': 0.0933, 'outlier_resilience': 0.291, 'missingness': 0.1679, 'drift_stability': 0.0373, 'temporal_validity': 0.0373, 'bias_imbalance': 0.0933, 'correlation_integrity': 0.1493, 'cardinality_schema': 0.1493, 'leakage': 0.1493}",ff418f278be4a3a8dd6bdea0a17c82452be07f2d0a9e8d35dc1c7b53be30b776
1,California Housing,C1_cal_housing,Tier C (Held-Out Generalization),supervised_regression,43,STATIC_BASELINE,MedHouseVal,,94.75,94.75,2.79,0.4411,-2.3489,RMSE,lower_is_better,N/A (Static Baseline),None (Static Baseline),Successfully Evaluated,N/A,NONE,"{'completeness': 0.125, 'validity': 0.125, 'consistency': 0.125, 'uniqueness': 0.125, 'timeliness': 0.125, 'outlier_anomaly': 0.125, 'distribution_balance': 0.125, 'coverage_representativeness': 0.125}","{'completeness': 0.125, 'validity': 0.125, 'consistency': 0.125, 'uniqueness': 0.125, 'timeliness': 0.125, 'outlier_anomaly': 0.125, 'distribution_balance': 0.125, 'coverage_representativeness': 0.125}",35a778a307c62b51e63abaca319fa132ce8997d659cb66c6241836587d1e6222
1,California Housing,C1_cal_housing,Tier C (Held-Out Generalization),supervised_regression,43,FULL_DATATRUST,MedHouseVal,,94.7,70.0,0.57,0.4411,-0.19,RMSE,lower_is_better,Calibration Improved,Policy Veto Enforced,Successfully Evaluated,"[69.5, 70.5] (SE=0.23)",YELLOW,"{'outlier_anomaly': 0.291, 'completeness': 0.1679, 'validity': 0.1493, 'consistency': 0.1306, 'distribution_balance': 0.0933, 'coverage_representativeness': 0.0746, 'uniqueness': 0.056, 'timeliness': 0.0373}","{'outlier_anomaly': 0.291, 'completeness': 0.1679, 'validity': 0.1493, 'consistency': 0.1306, 'distribution_balance': 0.0933, 'coverage_representativeness': 0.0746, 'uniqueness': 0.056, 'timeliness': 0.0373, 'label_integrity': 0.0933, 'outlier_resilience': 0.291, 'missingness': 0.1679, 'drift_stability': 0.0373, 'temporal_validity': 0.0373, 'bias_imbalance': 0.0933, 'correlation_integrity': 0.1493, 'cardinality_schema': 0.1493, 'leakage': 0.1493}",98da3bc5e099441db347223e886d437845e99123ba589bdf322f15c8a5def5e9
1,California Housing,C1_cal_housing,Tier C (Held-Out Generalization),supervised_regression,43,NO_VETO,MedHouseVal,,94.7,94.7,2.79,0.4411,-2.3489,RMSE,lower_is_better,N/A (Veto Disabled),Policy Veto Enforced,Successfully Evaluated,"[69.5, 70.5] (SE=0.23)",BYPASSED,"{'outlier_anomaly': 0.291, 'completeness': 0.1679, 'validity': 0.1493, 'consistency': 0.1306, 'distribution_balance': 0.0933, 'coverage_representativeness': 0.0746, 'uniqueness': 0.056, 'timeliness': 0.0373}","{'outlier_anomaly': 0.291, 'completeness': 0.1679, 'validity': 0.1493, 'consistency': 0.1306, 'distribution_balance': 0.0933, 'coverage_representativeness': 0.0746, 'uniqueness': 0.056, 'timeliness': 0.0373}",7fb5d0001d96db47f1fdd805a03ddbc367e28e43cfa58f30a9f9fa9a7a7ebe86
1,California Housing,C1_cal_housing,Tier C (Held-Out Generalization),supervised_regression,43,NO_CALIBRATION,MedHouseVal,,94.7,70.0,6.5,0.4411,-6.0589,RMSE,lower_is_better,Disabled (Prior W_AHP Preserved),Policy Veto Enforced,Successfully Evaluated,"[69.5, 70.5] (SE=0.23)",YELLOW,"{'outlier_anomaly': 0.291, 'completeness': 0.1679, 'validity': 0.1493, 'consistency': 0.1306, 'distribution_balance': 0.0933, 'coverage_representativeness': 0.0746, 'uniqueness': 0.056, 'timeliness': 0.0373}","{'outlier_anomaly': 0.291, 'completeness': 0.1679, 'validity': 0.1493, 'consistency': 0.1306, 'distribution_balance': 0.0933, 'coverage_representativeness': 0.0746, 'uniqueness': 0.056, 'timeliness': 0.0373}",0bb26a50d768b29c879da7d4c4b8085e68f853872d343df97f5bc2dbf6d56497
1,California Housing,C1_cal_housing,Tier C (Held-Out Generalization),supervised_regression,43,NO_REMEDIATION,MedHouseVal,,94.7,70.0,0.57,0.4411,-0.19,RMSE,lower_is_better,Calibration Improved,Remediation Disabled (Raw Benchmark State),Successfully Evaluated,"[69.5, 70.5] (SE=0.23)",YELLOW,"{'outlier_anomaly': 0.291, 'completeness': 0.1679, 'validity': 0.1493, 'consistency': 0.1306, 'distribution_balance': 0.0933, 'coverage_representativeness': 0.0746, 'uniqueness': 0.056, 'timeliness': 0.0373}","{'outlier_anomaly': 0.291, 'completeness': 0.1679, 'validity': 0.1493, 'consistency': 0.1306, 'distribution_balance': 0.0933, 'coverage_representativeness': 0.0746, 'uniqueness': 0.056, 'timeliness': 0.0373, 'label_integrity': 0.0933, 'outlier_resilience': 0.291, 'missingness': 0.1679, 'drift_stability': 0.0373, 'temporal_validity': 0.0373, 'bias_imbalance': 0.0933, 'correlation_integrity': 0.1493, 'cardinality_schema': 0.1493, 'leakage': 0.1493}",ed038baaeafecc295c63b3759d16aa5bc1951fa9fcf91808f8c264c5e804d7c0
1,California Housing,C1_cal_housing,Tier C (Held-Out Generalization),supervised_regression,44,STATIC_BASELINE,MedHouseVal,,94.75,94.75,2.79,0.4561,-2.3339,RMSE,lower_is_better,N/A (Static Baseline),None (Static Baseline),Successfully Evaluated,N/A,NONE,"{'completeness': 0.125, 'validity': 0.125, 'consistency': 0.125, 'uniqueness': 0.125, 'timeliness': 0.125, 'outlier_anomaly': 0.125, 'distribution_balance': 0.125, 'coverage_representativeness': 0.125}","{'completeness': 0.125, 'validity': 0.125, 'consistency': 0.125, 'uniqueness': 0.125, 'timeliness': 0.125, 'outlier_anomaly': 0.125, 'distribution_balance': 0.125, 'coverage_representativeness': 0.125}",26c099134e6276f6f4a664c95b3b8639eb3e4d92bee483f52722c759e6e3b370
1,California Housing,C1_cal_housing,Tier C (Held-Out Generalization),supervised_regression,44,FULL_DATATRUST,MedHouseVal,,94.7,70.0,0.57,0.4561,-0.19,RMSE,lower_is_better,Calibration Improved,Policy Veto Enforced,Successfully Evaluated,"[69.5, 70.5] (SE=0.23)",YELLOW,"{'outlier_anomaly': 0.291, 'completeness': 0.1679, 'validity': 0.1493, 'consistency': 0.1306, 'distribution_balance': 0.0933, 'coverage_representativeness': 0.0746, 'uniqueness': 0.056, 'timeliness': 0.0373}","{'outlier_anomaly': 0.291, 'completeness': 0.1679, 'validity': 0.1493, 'consistency': 0.1306, 'distribution_balance': 0.0933, 'coverage_representativeness': 0.0746, 'uniqueness': 0.056, 'timeliness': 0.0373, 'label_integrity': 0.0933, 'outlier_resilience': 0.291, 'missingness': 0.1679, 'drift_stability': 0.0373, 'temporal_validity': 0.0373, 'bias_imbalance': 0.0933, 'correlation_integrity': 0.1493, 'cardinality_schema': 0.1493, 'leakage': 0.1493}",98da3bc5e099441db347223e886d437845e99123ba589bdf322f15c8a5def5e9
1,California Housing,C1_cal_housing,Tier C (Held-Out Generalization),supervised_regression,44,NO_VETO,MedHouseVal,,94.7,94.7,2.79,0.4561,-2.3339,RMSE,lower_is_better,N/A (Veto Disabled),Policy Veto Enforced,Successfully Evaluated,"[69.5, 70.5] (SE=0.23)",BYPASSED,"{'outlier_anomaly': 0.291, 'completeness': 0.1679, 'validity': 0.1493, 'consistency': 0.1306, 'distribution_balance': 0.0933, 'coverage_representativeness': 0.0746, 'uniqueness': 0.056, 'timeliness': 0.0373}","{'outlier_anomaly': 0.291, 'completeness': 0.1679, 'validity': 0.1493, 'consistency': 0.1306, 'distribution_balance': 0.0933, 'coverage_representativeness': 0.0746, 'uniqueness': 0.056, 'timeliness': 0.0373}",31c85e2ca7ec9dff6dd8eb0a9c6f38815f31967d01dafcd0ceb35bed738757c5
1,California Housing,C1_cal_housing,Tier C (Held-Out Generalization),supervised_regression,44,NO_CALIBRATION,MedHouseVal,,94.7,70.0,6.5,0.4561,-6.0439,RMSE,lower_is_better,Disabled (Prior W_AHP Preserved),Policy Veto Enforced,Successfully Evaluated,"[69.5, 70.5] (SE=0.23)",YELLOW,"{'outlier_anomaly': 0.291, 'completeness': 0.1679, 'validity': 0.1493, 'consistency': 0.1306, 'distribution_balance': 0.0933, 'coverage_representativeness': 0.0746, 'uniqueness': 0.056, 'timeliness': 0.0373}","{'outlier_anomaly': 0.291, 'completeness': 0.1679, 'validity': 0.1493, 'consistency': 0.1306, 'distribution_balance': 0.0933, 'coverage_representativeness': 0.0746, 'uniqueness': 0.056, 'timeliness': 0.0373}",d9419109c75f2cee47afb39030ec89d2b5d9593a19ff74784526fb7769cc13f0
1,California Housing,C1_cal_housing,Tier C (Held-Out Generalization),supervised_regression,44,NO_REMEDIATION,MedHouseVal,,94.7,70.0,0.57,0.4561,-0.19,RMSE,lower_is_better,Calibration Improved,Remediation Disabled (Raw Benchmark State),Successfully Evaluated,"[69.5, 70.5] (SE=0.23)",YELLOW,"{'outlier_anomaly': 0.291, 'completeness': 0.1679, 'validity': 0.1493, 'consistency': 0.1306, 'distribution_balance': 0.0933, 'coverage_representativeness': 0.0746, 'uniqueness': 0.056, 'timeliness': 0.0373}","{'outlier_anomaly': 0.291, 'completeness': 0.1679, 'validity': 0.1493, 'consistency': 0.1306, 'distribution_balance': 0.0933, 'coverage_representativeness': 0.0746, 'uniqueness': 0.056, 'timeliness': 0.0373, 'label_integrity': 0.0933, 'outlier_resilience': 0.291, 'missingness': 0.1679, 'drift_stability': 0.0373, 'temporal_validity': 0.0373, 'bias_imbalance': 0.0933, 'correlation_integrity': 0.1493, 'cardinality_schema': 0.1493, 'leakage': 0.1493}",cc557ccfda3ceb3b94374cf719af6994bfdf80542283ad5bff22bc2b64e8774f
1,California Housing,C1_cal_housing,Tier C (Held-Out Generalization),supervised_regression,45,STATIC_BASELINE,MedHouseVal,,94.75,94.75,2.79,0.4406,-2.3494,RMSE,lower_is_better,N/A (Static Baseline),None (Static Baseline),Successfully Evaluated,N/A,NONE,"{'completeness': 0.125, 'validity': 0.125, 'consistency': 0.125, 'uniqueness': 0.125, 'timeliness': 0.125, 'outlier_anomaly': 0.125, 'distribution_balance': 0.125, 'coverage_representativeness': 0.125}","{'completeness': 0.125, 'validity': 0.125, 'consistency': 0.125, 'uniqueness': 0.125, 'timeliness': 0.125, 'outlier_anomaly': 0.125, 'distribution_balance': 0.125, 'coverage_representativeness': 0.125}",0c5691cf9799ec1b490cdf75f3e2dfe4d4eda26b0b9ca86ab30996bcb37f8308
1,California Housing,C1_cal_housing,Tier C (Held-Out Generalization),supervised_regression,45,FULL_DATATRUST,MedHouseVal,,94.7,70.0,0.57,0.4406,-0.19,RMSE,lower_is_better,Calibration Improved,Policy Veto Enforced,Successfully Evaluated,"[69.5, 70.5] (SE=0.23)",YELLOW,"{'outlier_anomaly': 0.291, 'completeness': 0.1679, 'validity': 0.1493, 'consistency': 0.1306, 'distribution_balance': 0.0933, 'coverage_representativeness': 0.0746, 'uniqueness': 0.056, 'timeliness': 0.0373}","{'outlier_anomaly': 0.291, 'completeness': 0.1679, 'validity': 0.1493, 'consistency': 0.1306, 'distribution_balance': 0.0933, 'coverage_representativeness': 0.0746, 'uniqueness': 0.056, 'timeliness': 0.0373, 'label_integrity': 0.0933, 'outlier_resilience': 0.291, 'missingness': 0.1679, 'drift_stability': 0.0373, 'temporal_validity': 0.0373, 'bias_imbalance': 0.0933, 'correlation_integrity': 0.1493, 'cardinality_schema': 0.1493, 'leakage': 0.1493}",98da3bc5e099441db347223e886d437845e99123ba589bdf322f15c8a5def5e9
1,California Housing,C1_cal_housing,Tier C (Held-Out Generalization),supervised_regression,45,NO_VETO,MedHouseVal,,94.7,94.7,2.79,0.4406,-2.3494,RMSE,lower_is_better,N/A (Veto Disabled),Policy Veto Enforced,Successfully Evaluated,"[69.5, 70.5] (SE=0.23)",BYPASSED,"{'outlier_anomaly': 0.291, 'completeness': 0.1679, 'validity': 0.1493, 'consistency': 0.1306, 'distribution_balance': 0.0933, 'coverage_representativeness': 0.0746, 'uniqueness': 0.056, 'timeliness': 0.0373}","{'outlier_anomaly': 0.291, 'completeness': 0.1679, 'validity': 0.1493, 'consistency': 0.1306, 'distribution_balance': 0.0933, 'coverage_representativeness': 0.0746, 'uniqueness': 0.056, 'timeliness': 0.0373}",4fd727beaf1a5cc5bca3392420ca3742af5c43c957013d15a3268bf7e3c0a3e5
1,California Housing,C1_cal_housing,Tier C (Held-Out Generalization),supervised_regression,45,NO_CALIBRATION,MedHouseVal,,94.7,70.0,6.5,0.4406,-6.0594,RMSE,lower_is_better,Disabled (Prior W_AHP Preserved),Policy Veto Enforced,Successfully Evaluated,"[69.5, 70.5] (SE=0.23)",YELLOW,"{'outlier_anomaly': 0.291, 'completeness': 0.1679, 'validity': 0.1493, 'consistency': 0.1306, 'distribution_balance': 0.0933, 'coverage_representativeness': 0.0746, 'uniqueness': 0.056, 'timeliness': 0.0373}","{'outlier_anomaly': 0.291, 'completeness': 0.1679, 'validity': 0.1493, 'consistency': 0.1306, 'distribution_balance': 0.0933, 'coverage_representativeness': 0.0746, 'uniqueness': 0.056, 'timeliness': 0.0373}",50af761b1cbbed87c12343de88ad3596444a9ef5f81955e2b7daba2521e5b645
1,California Housing,C1_cal_housing,Tier C (Held-Out Generalization),supervised_regression,45,NO_REMEDIATION,MedHouseVal,,94.7,70.0,0.57,0.4406,-0.19,RMSE,lower_is_better,Calibration Improved,Remediation Disabled (Raw Benchmark State),Successfully Evaluated,"[69.5, 70.5] (SE=0.23)",YELLOW,"{'outlier_anomaly': 0.291, 'completeness': 0.1679, 'validity': 0.1493, 'consistency': 0.1306, 'distribution_balance': 0.0933, 'coverage_representativeness': 0.0746, 'uniqueness': 0.056, 'timeliness': 0.0373}","{'outlier_anomaly': 0.291, 'completeness': 0.1679, 'validity': 0.1493, 'consistency': 0.1306, 'distribution_balance': 0.0933, 'coverage_representativeness': 0.0746, 'uniqueness': 0.056, 'timeliness': 0.0373, 'label_integrity': 0.0933, 'outlier_resilience': 0.291, 'missingness': 0.1679, 'drift_stability': 0.0373, 'temporal_validity': 0.0373, 'bias_imbalance': 0.0933, 'correlation_integrity': 0.1493, 'cardinality_schema': 0.1493, 'leakage': 0.1493}",2633bbcb26c764162d02e9e46936f9fdd024e273d21bd16f5567103d37d59d76
1,California Housing,C1_cal_housing,Tier C (Held-Out Generalization),supervised_regression,46,STATIC_BASELINE,MedHouseVal,,94.75,94.75,2.79,0.4254,-2.3646,RMSE,lower_is_better,N/A (Static Baseline),None (Static Baseline),Successfully Evaluated,N/A,NONE,"{'completeness': 0.125, 'validity': 0.125, 'consistency': 0.125, 'uniqueness': 0.125, 'timeliness': 0.125, 'outlier_anomaly': 0.125, 'distribution_balance': 0.125, 'coverage_representativeness': 0.125}","{'completeness': 0.125, 'validity': 0.125, 'consistency': 0.125, 'uniqueness': 0.125, 'timeliness': 0.125, 'outlier_anomaly': 0.125, 'distribution_balance': 0.125, 'coverage_representativeness': 0.125}",4aa1add7f7810f6edacca712adfb71812d03fc128ce6b05e48ff5d9c8315c862
1,California Housing,C1_cal_housing,Tier C (Held-Out Generalization),supervised_regression,46,FULL_DATATRUST,MedHouseVal,,94.7,70.0,0.57,0.4254,-0.19,RMSE,lower_is_better,Calibration Improved,Policy Veto Enforced,Successfully Evaluated,"[69.5, 70.5] (SE=0.23)",YELLOW,"{'outlier_anomaly': 0.291, 'completeness': 0.1679, 'validity': 0.1493, 'consistency': 0.1306, 'distribution_balance': 0.0933, 'coverage_representativeness': 0.0746, 'uniqueness': 0.056, 'timeliness': 0.0373}","{'outlier_anomaly': 0.291, 'completeness': 0.1679, 'validity': 0.1493, 'consistency': 0.1306, 'distribution_balance': 0.0933, 'coverage_representativeness': 0.0746, 'uniqueness': 0.056, 'timeliness': 0.0373, 'label_integrity': 0.0933, 'outlier_resilience': 0.291, 'missingness': 0.1679, 'drift_stability': 0.0373, 'temporal_validity': 0.0373, 'bias_imbalance': 0.0933, 'correlation_integrity': 0.1493, 'cardinality_schema': 0.1493, 'leakage': 0.1493}",98da3bc5e099441db347223e886d437845e99123ba589bdf322f15c8a5def5e9
1,California Housing,C1_cal_housing,Tier C (Held-Out Generalization),supervised_regression,46,NO_VETO,MedHouseVal,,94.7,94.7,2.79,0.4254,-2.3646,RMSE,lower_is_better,N/A (Veto Disabled),Policy Veto Enforced,Successfully Evaluated,"[69.5, 70.5] (SE=0.23)",BYPASSED,"{'outlier_anomaly': 0.291, 'completeness': 0.1679, 'validity': 0.1493, 'consistency': 0.1306, 'distribution_balance': 0.0933, 'coverage_representativeness': 0.0746, 'uniqueness': 0.056, 'timeliness': 0.0373}","{'outlier_anomaly': 0.291, 'completeness': 0.1679, 'validity': 0.1493, 'consistency': 0.1306, 'distribution_balance': 0.0933, 'coverage_representativeness': 0.0746, 'uniqueness': 0.056, 'timeliness': 0.0373}",c37eeaf46f183c71f43a193905f292c7483c842b9358d8a2c30818794f2ec4ab
1,California Housing,C1_cal_housing,Tier C (Held-Out Generalization),supervised_regression,46,NO_CALIBRATION,MedHouseVal,,94.7,70.0,6.5,0.4254,-6.0746,RMSE,lower_is_better,Disabled (Prior W_AHP Preserved),Policy Veto Enforced,Successfully Evaluated,"[69.5, 70.5] (SE=0.23)",YELLOW,"{'outlier_anomaly': 0.291, 'completeness': 0.1679, 'validity': 0.1493, 'consistency': 0.1306, 'distribution_balance': 0.0933, 'coverage_representativeness': 0.0746, 'uniqueness': 0.056, 'timeliness': 0.0373}","{'outlier_anomaly': 0.291, 'completeness': 0.1679, 'validity': 0.1493, 'consistency': 0.1306, 'distribution_balance': 0.0933, 'coverage_representativeness': 0.0746, 'uniqueness': 0.056, 'timeliness': 0.0373}",d11dfecacd134caa29131d5995fc82fa1c7d84cb2277e856f5ed8b05b0fae6f3
1,California Housing,C1_cal_housing,Tier C (Held-Out Generalization),supervised_regression,46,NO_REMEDIATION,MedHouseVal,,94.7,70.0,0.57,0.4254,-0.19,RMSE,lower_is_better,Calibration Improved,Remediation Disabled (Raw Benchmark State),Successfully Evaluated,"[69.5, 70.5] (SE=0.23)",YELLOW,"{'outlier_anomaly': 0.291, 'completeness': 0.1679, 'validity': 0.1493, 'consistency': 0.1306, 'distribution_balance': 0.0933, 'coverage_representativeness': 0.0746, 'uniqueness': 0.056, 'timeliness': 0.0373}","{'outlier_anomaly': 0.291, 'completeness': 0.1679, 'validity': 0.1493, 'consistency': 0.1306, 'distribution_balance': 0.0933, 'coverage_representativeness': 0.0746, 'uniqueness': 0.056, 'timeliness': 0.0373, 'label_integrity': 0.0933, 'outlier_resilience': 0.291, 'missingness': 0.1679, 'drift_stability': 0.0373, 'temporal_validity': 0.0373, 'bias_imbalance': 0.0933, 'correlation_integrity': 0.1493, 'cardinality_schema': 0.1493, 'leakage': 0.1493}",9c6bd74d0b40c69ed9f84ec26d10be83eca9690057de25d30a8cb78446d129ff
1,Diabetes Progression,C2_diabetes,Tier C (Held-Out Generalization),supervised_regression,42,STATIC_BASELINE,disease_progression,,97.84,97.84,2.32,60.1775,57.8575,RMSE,lower_is_better,N/A (Static Baseline),None (Static Baseline),Successfully Evaluated,N/A,NONE,"{'completeness': 0.125, 'validity': 0.125, 'consistency': 0.125, 'uniqueness': 0.125, 'timeliness': 0.125, 'outlier_anomaly': 0.125, 'distribution_balance': 0.125, 'coverage_representativeness': 0.125}","{'completeness': 0.125, 'validity': 0.125, 'consistency': 0.125, 'uniqueness': 0.125, 'timeliness': 0.125, 'outlier_anomaly': 0.125, 'distribution_balance': 0.125, 'coverage_representativeness': 0.125}",a3cb20e00cf4b1bb132d07f62c43041811aa38290abd5882c7f9ac87b7ee1b51
1,Diabetes Progression,C2_diabetes,Tier C (Held-Out Generalization),supervised_regression,42,FULL_DATATRUST,disease_progression,,96.4,90.0,19.58,60.1775,33.26,RMSE,lower_is_better,Calibration Improved,No Remediation Required,Successfully Evaluated,"[85.1, 94.9] (SE=2.51)",GREEN,"{'outlier_anomaly': 0.238, 'completeness': 0.1785, 'validity': 0.1587, 'consistency': 0.1388, 'distribution_balance': 0.0992, 'coverage_representativeness': 0.0876, 'uniqueness': 0.0595, 'timeliness': 0.0397}","{'outlier_anomaly': 0.6802, 'completeness': 0.0227, 'validity': 0.0227, 'consistency': 0.0227, 'distribution_balance': 0.1837, 'coverage_representativeness': 0.0227, 'uniqueness': 0.0227, 'timeliness': 0.0227, 'label_integrity': 0.1837, 'outlier_resilience': 0.6802, 'missingness': 0.0227, 'drift_stability': 0.0227, 'temporal_validity': 0.0227, 'bias_imbalance': 0.1837, 'correlation_integrity': 0.0227, 'cardinality_schema': 0.0227, 'leakage': 0.0227}",d7d2b97970bbff8425d789da65ca9bff4e4765d767428d1db7c032428a2de5e8
1,Diabetes Progression,C2_diabetes,Tier C (Held-Out Generalization),supervised_regression,42,NO_VETO,disease_progression,,96.4,96.4,2.54,60.1775,57.6375,RMSE,lower_is_better,N/A (Veto Disabled),No Remediation Required,Successfully Evaluated,"[85.1, 94.9] (SE=2.51)",BYPASSED,"{'outlier_anomaly': 0.238, 'completeness': 0.1785, 'validity': 0.1587, 'consistency': 0.1388, 'distribution_balance': 0.0992, 'coverage_representativeness': 0.0876, 'uniqueness': 0.0595, 'timeliness': 0.0397}","{'outlier_anomaly': 0.238, 'completeness': 0.1785, 'validity': 0.1587, 'consistency': 0.1388, 'distribution_balance': 0.0992, 'coverage_representativeness': 0.0876, 'uniqueness': 0.0595, 'timeliness': 0.0397}",1cfb2dccc495d226196220579aae536608c48c7be2ac1d1783cce0d27a373517
1,Diabetes Progression,C2_diabetes,Tier C (Held-Out Generalization),supervised_regression,42,NO_CALIBRATION,disease_progression,,96.4,96.37,2.54,60.1775,57.6375,RMSE,lower_is_better,Disabled (Prior W_AHP Preserved),No Remediation Required,Successfully Evaluated,"[85.1, 94.9] (SE=2.51)",GREEN,"{'outlier_anomaly': 0.238, 'completeness': 0.1785, 'validity': 0.1587, 'consistency': 0.1388, 'distribution_balance': 0.0992, 'coverage_representativeness': 0.0876, 'uniqueness': 0.0595, 'timeliness': 0.0397}","{'outlier_anomaly': 0.238, 'completeness': 0.1785, 'validity': 0.1587, 'consistency': 0.1388, 'distribution_balance': 0.0992, 'coverage_representativeness': 0.0876, 'uniqueness': 0.0595, 'timeliness': 0.0397}",7cd04f96d6bed665fe0a6c63188467179c6c5b54128312ef8c4cfbee0910efd8
1,Diabetes Progression,C2_diabetes,Tier C (Held-Out Generalization),supervised_regression,42,NO_REMEDIATION,disease_progression,,96.4,90.0,19.58,60.1775,33.26,RMSE,lower_is_better,Calibration Improved,Remediation Disabled (Raw Benchmark State),Successfully Evaluated,"[85.1, 94.9] (SE=2.51)",GREEN,"{'outlier_anomaly': 0.238, 'completeness': 0.1785, 'validity': 0.1587, 'consistency': 0.1388, 'distribution_balance': 0.0992, 'coverage_representativeness': 0.0876, 'uniqueness': 0.0595, 'timeliness': 0.0397}","{'outlier_anomaly': 0.6802, 'completeness': 0.0227, 'validity': 0.0227, 'consistency': 0.0227, 'distribution_balance': 0.1837, 'coverage_representativeness': 0.0227, 'uniqueness': 0.0227, 'timeliness': 0.0227, 'label_integrity': 0.1837, 'outlier_resilience': 0.6802, 'missingness': 0.0227, 'drift_stability': 0.0227, 'temporal_validity': 0.0227, 'bias_imbalance': 0.1837, 'correlation_integrity': 0.0227, 'cardinality_schema': 0.0227, 'leakage': 0.0227}",7b51c189a513ba4880289e93fa9ac493f99ad39502e87e3493ac1d2a1ea85fec
1,Diabetes Progression,C2_diabetes,Tier C (Held-Out Generalization),supervised_regression,43,STATIC_BASELINE,disease_progression,,97.84,97.84,2.32,57.4507,55.1307,RMSE,lower_is_better,N/A (Static Baseline),None (Static Baseline),Successfully Evaluated,N/A,NONE,"{'completeness': 0.125, 'validity': 0.125, 'consistency': 0.125, 'uniqueness': 0.125, 'timeliness': 0.125, 'outlier_anomaly': 0.125, 'distribution_balance': 0.125, 'coverage_representativeness': 0.125}","{'completeness': 0.125, 'validity': 0.125, 'consistency': 0.125, 'uniqueness': 0.125, 'timeliness': 0.125, 'outlier_anomaly': 0.125, 'distribution_balance': 0.125, 'coverage_representativeness': 0.125}",fdff8a6a1c4127bbf7743b7f836ae3c8a7dc98d782ce2f4d187d5dd355eb1eff
1,Diabetes Progression,C2_diabetes,Tier C (Held-Out Generalization),supervised_regression,43,FULL_DATATRUST,disease_progression,,96.4,90.0,19.58,57.4507,33.26,RMSE,lower_is_better,Calibration Improved,No Remediation Required,Successfully Evaluated,"[85.1, 94.9] (SE=2.51)",GREEN,"{'outlier_anomaly': 0.238, 'completeness': 0.1785, 'validity': 0.1587, 'consistency': 0.1388, 'distribution_balance': 0.0992, 'coverage_representativeness': 0.0876, 'uniqueness': 0.0595, 'timeliness': 0.0397}","{'outlier_anomaly': 0.6802, 'completeness': 0.0227, 'validity': 0.0227, 'consistency': 0.0227, 'distribution_balance': 0.1837, 'coverage_representativeness': 0.0227, 'uniqueness': 0.0227, 'timeliness': 0.0227, 'label_integrity': 0.1837, 'outlier_resilience': 0.6802, 'missingness': 0.0227, 'drift_stability': 0.0227, 'temporal_validity': 0.0227, 'bias_imbalance': 0.1837, 'correlation_integrity': 0.0227, 'cardinality_schema': 0.0227, 'leakage': 0.0227}",d7d2b97970bbff8425d789da65ca9bff4e4765d767428d1db7c032428a2de5e8
1,Diabetes Progression,C2_diabetes,Tier C (Held-Out Generalization),supervised_regression,43,NO_VETO,disease_progression,,96.4,96.4,2.54,57.4507,54.9107,RMSE,lower_is_better,N/A (Veto Disabled),No Remediation Required,Successfully Evaluated,"[85.1, 94.9] (SE=2.51)",BYPASSED,"{'outlier_anomaly': 0.238, 'completeness': 0.1785, 'validity': 0.1587, 'consistency': 0.1388, 'distribution_balance': 0.0992, 'coverage_representativeness': 0.0876, 'uniqueness': 0.0595, 'timeliness': 0.0397}","{'outlier_anomaly': 0.238, 'completeness': 0.1785, 'validity': 0.1587, 'consistency': 0.1388, 'distribution_balance': 0.0992, 'coverage_representativeness': 0.0876, 'uniqueness': 0.0595, 'timeliness': 0.0397}",7be2562edba6ce746fbd7a1be851697093f1c68ad483c7465cf47b067a842750
1,Diabetes Progression,C2_diabetes,Tier C (Held-Out Generalization),supervised_regression,43,NO_CALIBRATION,disease_progression,,96.4,96.37,2.54,57.4507,54.9107,RMSE,lower_is_better,Disabled (Prior W_AHP Preserved),No Remediation Required,Successfully Evaluated,"[85.1, 94.9] (SE=2.51)",GREEN,"{'outlier_anomaly': 0.238, 'completeness': 0.1785, 'validity': 0.1587, 'consistency': 0.1388, 'distribution_balance': 0.0992, 'coverage_representativeness': 0.0876, 'uniqueness': 0.0595, 'timeliness': 0.0397}","{'outlier_anomaly': 0.238, 'completeness': 0.1785, 'validity': 0.1587, 'consistency': 0.1388, 'distribution_balance': 0.0992, 'coverage_representativeness': 0.0876, 'uniqueness': 0.0595, 'timeliness': 0.0397}",deff3781e8a98c257546f93096255e200d6bd55a1b9911adbe948ea1d7c42d93
1,Diabetes Progression,C2_diabetes,Tier C (Held-Out Generalization),supervised_regression,43,NO_REMEDIATION,disease_progression,,96.4,90.0,19.58,57.4507,33.26,RMSE,lower_is_better,Calibration Improved,Remediation Disabled (Raw Benchmark State),Successfully Evaluated,"[85.1, 94.9] (SE=2.51)",GREEN,"{'outlier_anomaly': 0.238, 'completeness': 0.1785, 'validity': 0.1587, 'consistency': 0.1388, 'distribution_balance': 0.0992, 'coverage_representativeness': 0.0876, 'uniqueness': 0.0595, 'timeliness': 0.0397}","{'outlier_anomaly': 0.6802, 'completeness': 0.0227, 'validity': 0.0227, 'consistency': 0.0227, 'distribution_balance': 0.1837, 'coverage_representativeness': 0.0227, 'uniqueness': 0.0227, 'timeliness': 0.0227, 'label_integrity': 0.1837, 'outlier_resilience': 0.6802, 'missingness': 0.0227, 'drift_stability': 0.0227, 'temporal_validity': 0.0227, 'bias_imbalance': 0.1837, 'correlation_integrity': 0.0227, 'cardinality_schema': 0.0227, 'leakage': 0.0227}",be81701baea5ec6afca65b16387f4327d156ad99572cd0c5fd4ce23cc5014571
1,Diabetes Progression,C2_diabetes,Tier C (Held-Out Generalization),supervised_regression,44,STATIC_BASELINE,disease_progression,,97.84,97.84,2.32,58.5217,56.2017,RMSE,lower_is_better,N/A (Static Baseline),None (Static Baseline),Successfully Evaluated,N/A,NONE,"{'completeness': 0.125, 'validity': 0.125, 'consistency': 0.125, 'uniqueness': 0.125, 'timeliness': 0.125, 'outlier_anomaly': 0.125, 'distribution_balance': 0.125, 'coverage_representativeness': 0.125}","{'completeness': 0.125, 'validity': 0.125, 'consistency': 0.125, 'uniqueness': 0.125, 'timeliness': 0.125, 'outlier_anomaly': 0.125, 'distribution_balance': 0.125, 'coverage_representativeness': 0.125}",28716e00d678b30583b2efb25178817db700e1d6c7faf1712361e88df0ae06ea
1,Diabetes Progression,C2_diabetes,Tier C (Held-Out Generalization),supervised_regression,44,FULL_DATATRUST,disease_progression,,96.4,90.0,19.58,58.5217,33.26,RMSE,lower_is_better,Calibration Improved,No Remediation Required,Successfully Evaluated,"[85.1, 94.9] (SE=2.51)",GREEN,"{'outlier_anomaly': 0.238, 'completeness': 0.1785, 'validity': 0.1587, 'consistency': 0.1388, 'distribution_balance': 0.0992, 'coverage_representativeness': 0.0876, 'uniqueness': 0.0595, 'timeliness': 0.0397}","{'outlier_anomaly': 0.6802, 'completeness': 0.0227, 'validity': 0.0227, 'consistency': 0.0227, 'distribution_balance': 0.1837, 'coverage_representativeness': 0.0227, 'uniqueness': 0.0227, 'timeliness': 0.0227, 'label_integrity': 0.1837, 'outlier_resilience': 0.6802, 'missingness': 0.0227, 'drift_stability': 0.0227, 'temporal_validity': 0.0227, 'bias_imbalance': 0.1837, 'correlation_integrity': 0.0227, 'cardinality_schema': 0.0227, 'leakage': 0.0227}",d7d2b97970bbff8425d789da65ca9bff4e4765d767428d1db7c032428a2de5e8
1,Diabetes Progression,C2_diabetes,Tier C (Held-Out Generalization),supervised_regression,44,NO_VETO,disease_progression,,96.4,96.4,2.54,58.5217,55.9817,RMSE,lower_is_better,N/A (Veto Disabled),No Remediation Required,Successfully Evaluated,"[85.1, 94.9] (SE=2.51)",BYPASSED,"{'outlier_anomaly': 0.238, 'completeness': 0.1785, 'validity': 0.1587, 'consistency': 0.1388, 'distribution_balance': 0.0992, 'coverage_representativeness': 0.0876, 'uniqueness': 0.0595, 'timeliness': 0.0397}","{'outlier_anomaly': 0.238, 'completeness': 0.1785, 'validity': 0.1587, 'consistency': 0.1388, 'distribution_balance': 0.0992, 'coverage_representativeness': 0.0876, 'uniqueness': 0.0595, 'timeliness': 0.0397}",a28bc823768934b97e9afe668a868cd46465ce1be95736fcfc6971f124924034
1,Diabetes Progression,C2_diabetes,Tier C (Held-Out Generalization),supervised_regression,44,NO_CALIBRATION,disease_progression,,96.4,96.37,2.54,58.5217,55.9817,RMSE,lower_is_better,Disabled (Prior W_AHP Preserved),No Remediation Required,Successfully Evaluated,"[85.1, 94.9] (SE=2.51)",GREEN,"{'outlier_anomaly': 0.238, 'completeness': 0.1785, 'validity': 0.1587, 'consistency': 0.1388, 'distribution_balance': 0.0992, 'coverage_representativeness': 0.0876, 'uniqueness': 0.0595, 'timeliness': 0.0397}","{'outlier_anomaly': 0.238, 'completeness': 0.1785, 'validity': 0.1587, 'consistency': 0.1388, 'distribution_balance': 0.0992, 'coverage_representativeness': 0.0876, 'uniqueness': 0.0595, 'timeliness': 0.0397}",31db5aa24b847ec60a0e020158cb3bf03c4f50ed295eacf606f68aea2daa5935
1,Diabetes Progression,C2_diabetes,Tier C (Held-Out Generalization),supervised_regression,44,NO_REMEDIATION,disease_progression,,96.4,90.0,19.58,58.5217,33.26,RMSE,lower_is_better,Calibration Improved,Remediation Disabled (Raw Benchmark State),Successfully Evaluated,"[85.1, 94.9] (SE=2.51)",GREEN,"{'outlier_anomaly': 0.238, 'completeness': 0.1785, 'validity': 0.1587, 'consistency': 0.1388, 'distribution_balance': 0.0992, 'coverage_representativeness': 0.0876, 'uniqueness': 0.0595, 'timeliness': 0.0397}","{'outlier_anomaly': 0.6802, 'completeness': 0.0227, 'validity': 0.0227, 'consistency': 0.0227, 'distribution_balance': 0.1837, 'coverage_representativeness': 0.0227, 'uniqueness': 0.0227, 'timeliness': 0.0227, 'label_integrity': 0.1837, 'outlier_resilience': 0.6802, 'missingness': 0.0227, 'drift_stability': 0.0227, 'temporal_validity': 0.0227, 'bias_imbalance': 0.1837, 'correlation_integrity': 0.0227, 'cardinality_schema': 0.0227, 'leakage': 0.0227}",07e856277e0cfde0d3d40fc4d160bad8d0cdc36d32daab3efdf81d55034a027b
1,Diabetes Progression,C2_diabetes,Tier C (Held-Out Generalization),supervised_regression,45,STATIC_BASELINE,disease_progression,,97.84,97.84,2.32,62.3833,60.0633,RMSE,lower_is_better,N/A (Static Baseline),None (Static Baseline),Successfully Evaluated,N/A,NONE,"{'completeness': 0.125, 'validity': 0.125, 'consistency': 0.125, 'uniqueness': 0.125, 'timeliness': 0.125, 'outlier_anomaly': 0.125, 'distribution_balance': 0.125, 'coverage_representativeness': 0.125}","{'completeness': 0.125, 'validity': 0.125, 'consistency': 0.125, 'uniqueness': 0.125, 'timeliness': 0.125, 'outlier_anomaly': 0.125, 'distribution_balance': 0.125, 'coverage_representativeness': 0.125}",078d2470a4de775b6cd2d2f5b06684f7b634ba520f531e90efd83c174db84c66
1,Diabetes Progression,C2_diabetes,Tier C (Held-Out Generalization),supervised_regression,45,FULL_DATATRUST,disease_progression,,96.4,90.0,19.58,62.3833,33.26,RMSE,lower_is_better,Calibration Improved,No Remediation Required,Successfully Evaluated,"[85.1, 94.9] (SE=2.51)",GREEN,"{'outlier_anomaly': 0.238, 'completeness': 0.1785, 'validity': 0.1587, 'consistency': 0.1388, 'distribution_balance': 0.0992, 'coverage_representativeness': 0.0876, 'uniqueness': 0.0595, 'timeliness': 0.0397}","{'outlier_anomaly': 0.6802, 'completeness': 0.0227, 'validity': 0.0227, 'consistency': 0.0227, 'distribution_balance': 0.1837, 'coverage_representativeness': 0.0227, 'uniqueness': 0.0227, 'timeliness': 0.0227, 'label_integrity': 0.1837, 'outlier_resilience': 0.6802, 'missingness': 0.0227, 'drift_stability': 0.0227, 'temporal_validity': 0.0227, 'bias_imbalance': 0.1837, 'correlation_integrity': 0.0227, 'cardinality_schema': 0.0227, 'leakage': 0.0227}",d7d2b97970bbff8425d789da65ca9bff4e4765d767428d1db7c032428a2de5e8
1,Diabetes Progression,C2_diabetes,Tier C (Held-Out Generalization),supervised_regression,45,NO_VETO,disease_progression,,96.4,96.4,2.54,62.3833,59.8433,RMSE,lower_is_better,N/A (Veto Disabled),No Remediation Required,Successfully Evaluated,"[85.1, 94.9] (SE=2.51)",BYPASSED,"{'outlier_anomaly': 0.238, 'completeness': 0.1785, 'validity': 0.1587, 'consistency': 0.1388, 'distribution_balance': 0.0992, 'coverage_representativeness': 0.0876, 'uniqueness': 0.0595, 'timeliness': 0.0397}","{'outlier_anomaly': 0.238, 'completeness': 0.1785, 'validity': 0.1587, 'consistency': 0.1388, 'distribution_balance': 0.0992, 'coverage_representativeness': 0.0876, 'uniqueness': 0.0595, 'timeliness': 0.0397}",b820bc9eafb406bf2d20a1456a8a9f63dd8c5dbe7c305f87bbd13a8117cbefa7
1,Diabetes Progression,C2_diabetes,Tier C (Held-Out Generalization),supervised_regression,45,NO_CALIBRATION,disease_progression,,96.4,96.37,2.54,62.3833,59.8433,RMSE,lower_is_better,Disabled (Prior W_AHP Preserved),No Remediation Required,Successfully Evaluated,"[85.1, 94.9] (SE=2.51)",GREEN,"{'outlier_anomaly': 0.238, 'completeness': 0.1785, 'validity': 0.1587, 'consistency': 0.1388, 'distribution_balance': 0.0992, 'coverage_representativeness': 0.0876, 'uniqueness': 0.0595, 'timeliness': 0.0397}","{'outlier_anomaly': 0.238, 'completeness': 0.1785, 'validity': 0.1587, 'consistency': 0.1388, 'distribution_balance': 0.0992, 'coverage_representativeness': 0.0876, 'uniqueness': 0.0595, 'timeliness': 0.0397}",3c26d3aab482756d597a841c20e84bbb9d7d1281b69e547caf766aa03f6b6553
1,Diabetes Progression,C2_diabetes,Tier C (Held-Out Generalization),supervised_regression,45,NO_REMEDIATION,disease_progression,,96.4,90.0,19.58,62.3833,33.26,RMSE,lower_is_better,Calibration Improved,Remediation Disabled (Raw Benchmark State),Successfully Evaluated,"[85.1, 94.9] (SE=2.51)",GREEN,"{'outlier_anomaly': 0.238, 'completeness': 0.1785, 'validity': 0.1587, 'consistency': 0.1388, 'distribution_balance': 0.0992, 'coverage_representativeness': 0.0876, 'uniqueness': 0.0595, 'timeliness': 0.0397}","{'outlier_anomaly': 0.6802, 'completeness': 0.0227, 'validity': 0.0227, 'consistency': 0.0227, 'distribution_balance': 0.1837, 'coverage_representativeness': 0.0227, 'uniqueness': 0.0227, 'timeliness': 0.0227, 'label_integrity': 0.1837, 'outlier_resilience': 0.6802, 'missingness': 0.0227, 'drift_stability': 0.0227, 'temporal_validity': 0.0227, 'bias_imbalance': 0.1837, 'correlation_integrity': 0.0227, 'cardinality_schema': 0.0227, 'leakage': 0.0227}",e2534fa177a8bf788b12b5c8a27c43d3b1f5f50097a989ac38ccec86d3c1e0b7
1,Diabetes Progression,C2_diabetes,Tier C (Held-Out Generalization),supervised_regression,46,STATIC_BASELINE,disease_progression,,97.84,97.84,2.32,51.0577,48.7377,RMSE,lower_is_better,N/A (Static Baseline),None (Static Baseline),Successfully Evaluated,N/A,NONE,"{'completeness': 0.125, 'validity': 0.125, 'consistency': 0.125, 'uniqueness': 0.125, 'timeliness': 0.125, 'outlier_anomaly': 0.125, 'distribution_balance': 0.125, 'coverage_representativeness': 0.125}","{'completeness': 0.125, 'validity': 0.125, 'consistency': 0.125, 'uniqueness': 0.125, 'timeliness': 0.125, 'outlier_anomaly': 0.125, 'distribution_balance': 0.125, 'coverage_representativeness': 0.125}",6a649bc6f87bddfe2923cb13ff5d25a08650cdff40921a95097757987a9ecfc0
1,Diabetes Progression,C2_diabetes,Tier C (Held-Out Generalization),supervised_regression,46,FULL_DATATRUST,disease_progression,,96.4,90.0,19.58,51.0577,33.26,RMSE,lower_is_better,Calibration Improved,No Remediation Required,Successfully Evaluated,"[85.1, 94.9] (SE=2.51)",GREEN,"{'outlier_anomaly': 0.238, 'completeness': 0.1785, 'validity': 0.1587, 'consistency': 0.1388, 'distribution_balance': 0.0992, 'coverage_representativeness': 0.0876, 'uniqueness': 0.0595, 'timeliness': 0.0397}","{'outlier_anomaly': 0.6802, 'completeness': 0.0227, 'validity': 0.0227, 'consistency': 0.0227, 'distribution_balance': 0.1837, 'coverage_representativeness': 0.0227, 'uniqueness': 0.0227, 'timeliness': 0.0227, 'label_integrity': 0.1837, 'outlier_resilience': 0.6802, 'missingness': 0.0227, 'drift_stability': 0.0227, 'temporal_validity': 0.0227, 'bias_imbalance': 0.1837, 'correlation_integrity': 0.0227, 'cardinality_schema': 0.0227, 'leakage': 0.0227}",d7d2b97970bbff8425d789da65ca9bff4e4765d767428d1db7c032428a2de5e8
1,Diabetes Progression,C2_diabetes,Tier C (Held-Out Generalization),supervised_regression,46,NO_VETO,disease_progression,,96.4,96.4,2.54,51.0577,48.5177,RMSE,lower_is_better,N/A (Veto Disabled),No Remediation Required,Successfully Evaluated,"[85.1, 94.9] (SE=2.51)",BYPASSED,"{'outlier_anomaly': 0.238, 'completeness': 0.1785, 'validity': 0.1587, 'consistency': 0.1388, 'distribution_balance': 0.0992, 'coverage_representativeness': 0.0876, 'uniqueness': 0.0595, 'timeliness': 0.0397}","{'outlier_anomaly': 0.238, 'completeness': 0.1785, 'validity': 0.1587, 'consistency': 0.1388, 'distribution_balance': 0.0992, 'coverage_representativeness': 0.0876, 'uniqueness': 0.0595, 'timeliness': 0.0397}",05cd2f727a11a214d44c5f55f2e316bcb15ec7dffd78214359910dab6d2d1bcd
1,Diabetes Progression,C2_diabetes,Tier C (Held-Out Generalization),supervised_regression,46,NO_CALIBRATION,disease_progression,,96.4,96.37,2.54,51.0577,48.5177,RMSE,lower_is_better,Disabled (Prior W_AHP Preserved),No Remediation Required,Successfully Evaluated,"[85.1, 94.9] (SE=2.51)",GREEN,"{'outlier_anomaly': 0.238, 'completeness': 0.1785, 'validity': 0.1587, 'consistency': 0.1388, 'distribution_balance': 0.0992, 'coverage_representativeness': 0.0876, 'uniqueness': 0.0595, 'timeliness': 0.0397}","{'outlier_anomaly': 0.238, 'completeness': 0.1785, 'validity': 0.1587, 'consistency': 0.1388, 'distribution_balance': 0.0992, 'coverage_representativeness': 0.0876, 'uniqueness': 0.0595, 'timeliness': 0.0397}",3c7d40383cd96796745d296bf3afc681c8d21298d4cd9ec8a7a49454317cce3b
1,Diabetes Progression,C2_diabetes,Tier C (Held-Out Generalization),supervised_regression,46,NO_REMEDIATION,disease_progression,,96.4,90.0,19.58,51.0577,33.26,RMSE,lower_is_better,Calibration Improved,Remediation Disabled (Raw Benchmark State),Successfully Evaluated,"[85.1, 94.9] (SE=2.51)",GREEN,"{'outlier_anomaly': 0.238, 'completeness': 0.1785, 'validity': 0.1587, 'consistency': 0.1388, 'distribution_balance': 0.0992, 'coverage_representativeness': 0.0876, 'uniqueness': 0.0595, 'timeliness': 0.0397}","{'outlier_anomaly': 0.6802, 'completeness': 0.0227, 'validity': 0.0227, 'consistency': 0.0227, 'distribution_balance': 0.1837, 'coverage_representativeness': 0.0227, 'uniqueness': 0.0227, 'timeliness': 0.0227, 'label_integrity': 0.1837, 'outlier_resilience': 0.6802, 'missingness': 0.0227, 'drift_stability': 0.0227, 'temporal_validity': 0.0227, 'bias_imbalance': 0.1837, 'correlation_integrity': 0.0227, 'cardinality_schema': 0.0227, 'leakage': 0.0227}",b516ff68286d566949a0a1ba963e9d822bdb0f12884e49f85ca6d0173c86ce42
1,Breast Cancer Diagnostic,C3_breast_cancer,Tier C (Held-Out Generalization),supervised_classification,42,STATIC_BASELINE,biopsy_result,,87.7,87.7,0.81,0.9579,0.1479,Macro F1,higher_is_better,N/A (Static Baseline),None (Static Baseline),Successfully Evaluated,N/A,NONE,"{'completeness': 0.125, 'validity': 0.125, 'consistency': 0.125, 'uniqueness': 0.125, 'timeliness': 0.125, 'outlier_anomaly': 0.125, 'distribution_balance': 0.125, 'coverage_representativeness': 0.125}","{'completeness': 0.125, 'validity': 0.125, 'consistency': 0.125, 'uniqueness': 0.125, 'timeliness': 0.125, 'outlier_anomaly': 0.125, 'distribution_balance': 0.125, 'coverage_representativeness': 0.125}",16b1f3f74f706febb6b4ab4f108fba57658ec4f99e58df0116e57cfd2772908a
1,Breast Cancer Diagnostic,C3_breast_cancer,Tier C (Held-Out Generalization),supervised_classification,42,FULL_DATATRUST,biopsy_result,,88.4,70.0,0.62,0.9579,0.35,Macro F1,higher_is_better,Calibration Improved,Policy Veto Enforced,Successfully Evaluated,"[69.3, 70.7] (SE=0.35)",YELLOW,"{'distribution_balance': 0.2074, 'validity': 0.1697, 'completeness': 0.132, 'outlier_anomaly': 0.147, 'consistency': 0.1131, 'coverage_representativeness': 0.1178, 'uniqueness': 0.0754, 'timeliness': 0.0377}","{'distribution_balance': 0.2441, 'validity': 0.1997, 'completeness': 0.1554, 'outlier_anomaly': 0.1202, 'consistency': 0.0168, 'coverage_representativeness': 0.1307, 'uniqueness': 0.0887, 'timeliness': 0.0444, 'label_integrity': 0.2441, 'outlier_resilience': 0.1202, 'missingness': 0.1554, 'drift_stability': 0.0444, 'temporal_validity': 0.0444, 'bias_imbalance': 0.2441, 'correlation_integrity': 0.1997, 'cardinality_schema': 0.1997, 'leakage': 0.1997}",76fcf5c12a5bbcb7dfce3b665bc3a202dfa5dcb2deb12202f27f42ed88f5659d
1,Breast Cancer Diagnostic,C3_breast_cancer,Tier C (Held-Out Generalization),supervised_classification,42,NO_VETO,biopsy_result,,88.4,88.4,0.82,0.9579,0.1379,Macro F1,higher_is_better,N/A (Veto Disabled),Policy Veto Enforced,Successfully Evaluated,"[69.3, 70.7] (SE=0.35)",BYPASSED,"{'distribution_balance': 0.2074, 'validity': 0.1697, 'completeness': 0.132, 'outlier_anomaly': 0.147, 'consistency': 0.1131, 'coverage_representativeness': 0.1178, 'uniqueness': 0.0754, 'timeliness': 0.0377}","{'distribution_balance': 0.2074, 'validity': 0.1697, 'completeness': 0.132, 'outlier_anomaly': 0.147, 'consistency': 0.1131, 'coverage_representativeness': 0.1178, 'uniqueness': 0.0754, 'timeliness': 0.0377}",35a89d7a9421d76be4eb530529a05d7afb11686e7efec872dd3db7125058ba2c
1,Breast Cancer Diagnostic,C3_breast_cancer,Tier C (Held-Out Generalization),supervised_classification,42,NO_CALIBRATION,biopsy_result,,88.4,70.0,0.62,0.9579,0.3379,Macro F1,higher_is_better,Disabled (Prior W_AHP Preserved),Policy Veto Enforced,Successfully Evaluated,"[69.3, 70.7] (SE=0.35)",YELLOW,"{'distribution_balance': 0.2074, 'validity': 0.1697, 'completeness': 0.132, 'outlier_anomaly': 0.147, 'consistency': 0.1131, 'coverage_representativeness': 0.1178, 'uniqueness': 0.0754, 'timeliness': 0.0377}","{'distribution_balance': 0.2074, 'validity': 0.1697, 'completeness': 0.132, 'outlier_anomaly': 0.147, 'consistency': 0.1131, 'coverage_representativeness': 0.1178, 'uniqueness': 0.0754, 'timeliness': 0.0377}",9deb56dfd8aa76ea6147dd2f1430db9bac465e4e9adca579ddbaaa78449fc070
1,Breast Cancer Diagnostic,C3_breast_cancer,Tier C (Held-Out Generalization),supervised_classification,42,NO_REMEDIATION,biopsy_result,,88.4,70.0,0.62,0.9579,0.35,Macro F1,higher_is_better,Calibration Improved,Remediation Disabled (Raw Benchmark State),Successfully Evaluated,"[69.3, 70.7] (SE=0.35)",YELLOW,"{'distribution_balance': 0.2074, 'validity': 0.1697, 'completeness': 0.132, 'outlier_anomaly': 0.147, 'consistency': 0.1131, 'coverage_representativeness': 0.1178, 'uniqueness': 0.0754, 'timeliness': 0.0377}","{'distribution_balance': 0.2441, 'validity': 0.1997, 'completeness': 0.1554, 'outlier_anomaly': 0.1202, 'consistency': 0.0168, 'coverage_representativeness': 0.1307, 'uniqueness': 0.0887, 'timeliness': 0.0444, 'label_integrity': 0.2441, 'outlier_resilience': 0.1202, 'missingness': 0.1554, 'drift_stability': 0.0444, 'temporal_validity': 0.0444, 'bias_imbalance': 0.2441, 'correlation_integrity': 0.1997, 'cardinality_schema': 0.1997, 'leakage': 0.1997}",9aec0735159704ce1f9ff31556e97a00cb9214b27a74df015446e4f5b2e533c6
1,Breast Cancer Diagnostic,C3_breast_cancer,Tier C (Held-Out Generalization),supervised_classification,43,STATIC_BASELINE,biopsy_result,,87.7,87.7,0.81,0.9516,0.1416,Macro F1,higher_is_better,N/A (Static Baseline),None (Static Baseline),Successfully Evaluated,N/A,NONE,"{'completeness': 0.125, 'validity': 0.125, 'consistency': 0.125, 'uniqueness': 0.125, 'timeliness': 0.125, 'outlier_anomaly': 0.125, 'distribution_balance': 0.125, 'coverage_representativeness': 0.125}","{'completeness': 0.125, 'validity': 0.125, 'consistency': 0.125, 'uniqueness': 0.125, 'timeliness': 0.125, 'outlier_anomaly': 0.125, 'distribution_balance': 0.125, 'coverage_representativeness': 0.125}",78a5d700ca6d1825d60613638a7a37ab049e0b97a8beeac0c157e1402cb5ed13
1,Breast Cancer Diagnostic,C3_breast_cancer,Tier C (Held-Out Generalization),supervised_classification,43,FULL_DATATRUST,biopsy_result,,88.4,70.0,0.62,0.9516,0.35,Macro F1,higher_is_better,Calibration Improved,Policy Veto Enforced,Successfully Evaluated,"[69.3, 70.7] (SE=0.35)",YELLOW,"{'distribution_balance': 0.2074, 'validity': 0.1697, 'completeness': 0.132, 'outlier_anomaly': 0.147, 'consistency': 0.1131, 'coverage_representativeness': 0.1178, 'uniqueness': 0.0754, 'timeliness': 0.0377}","{'distribution_balance': 0.2441, 'validity': 0.1997, 'completeness': 0.1554, 'outlier_anomaly': 0.1202, 'consistency': 0.0168, 'coverage_representativeness': 0.1307, 'uniqueness': 0.0887, 'timeliness': 0.0444, 'label_integrity': 0.2441, 'outlier_resilience': 0.1202, 'missingness': 0.1554, 'drift_stability': 0.0444, 'temporal_validity': 0.0444, 'bias_imbalance': 0.2441, 'correlation_integrity': 0.1997, 'cardinality_schema': 0.1997, 'leakage': 0.1997}",76fcf5c12a5bbcb7dfce3b665bc3a202dfa5dcb2deb12202f27f42ed88f5659d
1,Breast Cancer Diagnostic,C3_breast_cancer,Tier C (Held-Out Generalization),supervised_classification,43,NO_VETO,biopsy_result,,88.4,88.4,0.82,0.9516,0.1316,Macro F1,higher_is_better,N/A (Veto Disabled),Policy Veto Enforced,Successfully Evaluated,"[69.3, 70.7] (SE=0.35)",BYPASSED,"{'distribution_balance': 0.2074, 'validity': 0.1697, 'completeness': 0.132, 'outlier_anomaly': 0.147, 'consistency': 0.1131, 'coverage_representativeness': 0.1178, 'uniqueness': 0.0754, 'timeliness': 0.0377}","{'distribution_balance': 0.2074, 'validity': 0.1697, 'completeness': 0.132, 'outlier_anomaly': 0.147, 'consistency': 0.1131, 'coverage_representativeness': 0.1178, 'uniqueness': 0.0754, 'timeliness': 0.0377}",800cb9015f674b44b5aac6e8fc48cbe78d520a8290835a5fcd00a2647285aa9c
1,Breast Cancer Diagnostic,C3_breast_cancer,Tier C (Held-Out Generalization),supervised_classification,43,NO_CALIBRATION,biopsy_result,,88.4,70.0,0.62,0.9516,0.3316,Macro F1,higher_is_better,Disabled (Prior W_AHP Preserved),Policy Veto Enforced,Successfully Evaluated,"[69.3, 70.7] (SE=0.35)",YELLOW,"{'distribution_balance': 0.2074, 'validity': 0.1697, 'completeness': 0.132, 'outlier_anomaly': 0.147, 'consistency': 0.1131, 'coverage_representativeness': 0.1178, 'uniqueness': 0.0754, 'timeliness': 0.0377}","{'distribution_balance': 0.2074, 'validity': 0.1697, 'completeness': 0.132, 'outlier_anomaly': 0.147, 'consistency': 0.1131, 'coverage_representativeness': 0.1178, 'uniqueness': 0.0754, 'timeliness': 0.0377}",1659ef5a0fde6d0ff392fb7c147da81926b86d6553b0fcfd097463772afc5af5
1,Breast Cancer Diagnostic,C3_breast_cancer,Tier C (Held-Out Generalization),supervised_classification,43,NO_REMEDIATION,biopsy_result,,88.4,70.0,0.62,0.9516,0.35,Macro F1,higher_is_better,Calibration Improved,Remediation Disabled (Raw Benchmark State),Successfully Evaluated,"[69.3, 70.7] (SE=0.35)",YELLOW,"{'distribution_balance': 0.2074, 'validity': 0.1697, 'completeness': 0.132, 'outlier_anomaly': 0.147, 'consistency': 0.1131, 'coverage_representativeness': 0.1178, 'uniqueness': 0.0754, 'timeliness': 0.0377}","{'distribution_balance': 0.2441, 'validity': 0.1997, 'completeness': 0.1554, 'outlier_anomaly': 0.1202, 'consistency': 0.0168, 'coverage_representativeness': 0.1307, 'uniqueness': 0.0887, 'timeliness': 0.0444, 'label_integrity': 0.2441, 'outlier_resilience': 0.1202, 'missingness': 0.1554, 'drift_stability': 0.0444, 'temporal_validity': 0.0444, 'bias_imbalance': 0.2441, 'correlation_integrity': 0.1997, 'cardinality_schema': 0.1997, 'leakage': 0.1997}",4f325530b163bb690e1e47147b09f8d0811ea4eed7631b0c3e0634fe2070c159
1,Breast Cancer Diagnostic,C3_breast_cancer,Tier C (Held-Out Generalization),supervised_classification,44,STATIC_BASELINE,biopsy_result,,87.7,87.7,0.81,0.9274,0.1174,Macro F1,higher_is_better,N/A (Static Baseline),None (Static Baseline),Successfully Evaluated,N/A,NONE,"{'completeness': 0.125, 'validity': 0.125, 'consistency': 0.125, 'uniqueness': 0.125, 'timeliness': 0.125, 'outlier_anomaly': 0.125, 'distribution_balance': 0.125, 'coverage_representativeness': 0.125}","{'completeness': 0.125, 'validity': 0.125, 'consistency': 0.125, 'uniqueness': 0.125, 'timeliness': 0.125, 'outlier_anomaly': 0.125, 'distribution_balance': 0.125, 'coverage_representativeness': 0.125}",3cc036c6f7d143fc2f47596b85adac134f125101efd88ee89490f2ed4c6ee1cc
1,Breast Cancer Diagnostic,C3_breast_cancer,Tier C (Held-Out Generalization),supervised_classification,44,FULL_DATATRUST,biopsy_result,,88.4,70.0,0.62,0.9274,0.35,Macro F1,higher_is_better,Calibration Improved,Policy Veto Enforced,Successfully Evaluated,"[69.3, 70.7] (SE=0.35)",YELLOW,"{'distribution_balance': 0.2074, 'validity': 0.1697, 'completeness': 0.132, 'outlier_anomaly': 0.147, 'consistency': 0.1131, 'coverage_representativeness': 0.1178, 'uniqueness': 0.0754, 'timeliness': 0.0377}","{'distribution_balance': 0.2441, 'validity': 0.1997, 'completeness': 0.1554, 'outlier_anomaly': 0.1202, 'consistency': 0.0168, 'coverage_representativeness': 0.1307, 'uniqueness': 0.0887, 'timeliness': 0.0444, 'label_integrity': 0.2441, 'outlier_resilience': 0.1202, 'missingness': 0.1554, 'drift_stability': 0.0444, 'temporal_validity': 0.0444, 'bias_imbalance': 0.2441, 'correlation_integrity': 0.1997, 'cardinality_schema': 0.1997, 'leakage': 0.1997}",76fcf5c12a5bbcb7dfce3b665bc3a202dfa5dcb2deb12202f27f42ed88f5659d
1,Breast Cancer Diagnostic,C3_breast_cancer,Tier C (Held-Out Generalization),supervised_classification,44,NO_VETO,biopsy_result,,88.4,88.4,0.82,0.9274,0.1074,Macro F1,higher_is_better,N/A (Veto Disabled),Policy Veto Enforced,Successfully Evaluated,"[69.3, 70.7] (SE=0.35)",BYPASSED,"{'distribution_balance': 0.2074, 'validity': 0.1697, 'completeness': 0.132, 'outlier_anomaly': 0.147, 'consistency': 0.1131, 'coverage_representativeness': 0.1178, 'uniqueness': 0.0754, 'timeliness': 0.0377}","{'distribution_balance': 0.2074, 'validity': 0.1697, 'completeness': 0.132, 'outlier_anomaly': 0.147, 'consistency': 0.1131, 'coverage_representativeness': 0.1178, 'uniqueness': 0.0754, 'timeliness': 0.0377}",6f5554547048bcacb63f15ff6325022048bf64ec0eeb113749be8663e9641a2c
1,Breast Cancer Diagnostic,C3_breast_cancer,Tier C (Held-Out Generalization),supervised_classification,44,NO_CALIBRATION,biopsy_result,,88.4,70.0,0.62,0.9274,0.3074,Macro F1,higher_is_better,Disabled (Prior W_AHP Preserved),Policy Veto Enforced,Successfully Evaluated,"[69.3, 70.7] (SE=0.35)",YELLOW,"{'distribution_balance': 0.2074, 'validity': 0.1697, 'completeness': 0.132, 'outlier_anomaly': 0.147, 'consistency': 0.1131, 'coverage_representativeness': 0.1178, 'uniqueness': 0.0754, 'timeliness': 0.0377}","{'distribution_balance': 0.2074, 'validity': 0.1697, 'completeness': 0.132, 'outlier_anomaly': 0.147, 'consistency': 0.1131, 'coverage_representativeness': 0.1178, 'uniqueness': 0.0754, 'timeliness': 0.0377}",6de9b6d8c3e8d122f0c242526d0f98a615f22b3985be623641e5f0776c9622a8
1,Breast Cancer Diagnostic,C3_breast_cancer,Tier C (Held-Out Generalization),supervised_classification,44,NO_REMEDIATION,biopsy_result,,88.4,70.0,0.62,0.9274,0.35,Macro F1,higher_is_better,Calibration Improved,Remediation Disabled (Raw Benchmark State),Successfully Evaluated,"[69.3, 70.7] (SE=0.35)",YELLOW,"{'distribution_balance': 0.2074, 'validity': 0.1697, 'completeness': 0.132, 'outlier_anomaly': 0.147, 'consistency': 0.1131, 'coverage_representativeness': 0.1178, 'uniqueness': 0.0754, 'timeliness': 0.0377}","{'distribution_balance': 0.2441, 'validity': 0.1997, 'completeness': 0.1554, 'outlier_anomaly': 0.1202, 'consistency': 0.0168, 'coverage_representativeness': 0.1307, 'uniqueness': 0.0887, 'timeliness': 0.0444, 'label_integrity': 0.2441, 'outlier_resilience': 0.1202, 'missingness': 0.1554, 'drift_stability': 0.0444, 'temporal_validity': 0.0444, 'bias_imbalance': 0.2441, 'correlation_integrity': 0.1997, 'cardinality_schema': 0.1997, 'leakage': 0.1997}",378cb442ca7bb98b705b53128357c9928c27b80de9fa2f24e928ebbf31ff7e76
1,Breast Cancer Diagnostic,C3_breast_cancer,Tier C (Held-Out Generalization),supervised_classification,45,STATIC_BASELINE,biopsy_result,,87.7,87.7,0.81,0.9556,0.1456,Macro F1,higher_is_better,N/A (Static Baseline),None (Static Baseline),Successfully Evaluated,N/A,NONE,"{'completeness': 0.125, 'validity': 0.125, 'consistency': 0.125, 'uniqueness': 0.125, 'timeliness': 0.125, 'outlier_anomaly': 0.125, 'distribution_balance': 0.125, 'coverage_representativeness': 0.125}","{'completeness': 0.125, 'validity': 0.125, 'consistency': 0.125, 'uniqueness': 0.125, 'timeliness': 0.125, 'outlier_anomaly': 0.125, 'distribution_balance': 0.125, 'coverage_representativeness': 0.125}",f8628662712949977fe02110d9a9aafbb2abee1acfb770bd279e3150f79e4fc9
1,Breast Cancer Diagnostic,C3_breast_cancer,Tier C (Held-Out Generalization),supervised_classification,45,FULL_DATATRUST,biopsy_result,,88.4,70.0,0.62,0.9556,0.35,Macro F1,higher_is_better,Calibration Improved,Policy Veto Enforced,Successfully Evaluated,"[69.3, 70.7] (SE=0.35)",YELLOW,"{'distribution_balance': 0.2074, 'validity': 0.1697, 'completeness': 0.132, 'outlier_anomaly': 0.147, 'consistency': 0.1131, 'coverage_representativeness': 0.1178, 'uniqueness': 0.0754, 'timeliness': 0.0377}","{'distribution_balance': 0.2441, 'validity': 0.1997, 'completeness': 0.1554, 'outlier_anomaly': 0.1202, 'consistency': 0.0168, 'coverage_representativeness': 0.1307, 'uniqueness': 0.0887, 'timeliness': 0.0444, 'label_integrity': 0.2441, 'outlier_resilience': 0.1202, 'missingness': 0.1554, 'drift_stability': 0.0444, 'temporal_validity': 0.0444, 'bias_imbalance': 0.2441, 'correlation_integrity': 0.1997, 'cardinality_schema': 0.1997, 'leakage': 0.1997}",76fcf5c12a5bbcb7dfce3b665bc3a202dfa5dcb2deb12202f27f42ed88f5659d
1,Breast Cancer Diagnostic,C3_breast_cancer,Tier C (Held-Out Generalization),supervised_classification,45,NO_VETO,biopsy_result,,88.4,88.4,0.82,0.9556,0.1356,Macro F1,higher_is_better,N/A (Veto Disabled),Policy Veto Enforced,Successfully Evaluated,"[69.3, 70.7] (SE=0.35)",BYPASSED,"{'distribution_balance': 0.2074, 'validity': 0.1697, 'completeness': 0.132, 'outlier_anomaly': 0.147, 'consistency': 0.1131, 'coverage_representativeness': 0.1178, 'uniqueness': 0.0754, 'timeliness': 0.0377}","{'distribution_balance': 0.2074, 'validity': 0.1697, 'completeness': 0.132, 'outlier_anomaly': 0.147, 'consistency': 0.1131, 'coverage_representativeness': 0.1178, 'uniqueness': 0.0754, 'timeliness': 0.0377}",d77984be441a907de74bbcfa170cc4ee64891ad680f9bf4c4c96d78798e866e1
1,Breast Cancer Diagnostic,C3_breast_cancer,Tier C (Held-Out Generalization),supervised_classification,45,NO_CALIBRATION,biopsy_result,,88.4,70.0,0.62,0.9556,0.3356,Macro F1,higher_is_better,Disabled (Prior W_AHP Preserved),Policy Veto Enforced,Successfully Evaluated,"[69.3, 70.7] (SE=0.35)",YELLOW,"{'distribution_balance': 0.2074, 'validity': 0.1697, 'completeness': 0.132, 'outlier_anomaly': 0.147, 'consistency': 0.1131, 'coverage_representativeness': 0.1178, 'uniqueness': 0.0754, 'timeliness': 0.0377}","{'distribution_balance': 0.2074, 'validity': 0.1697, 'completeness': 0.132, 'outlier_anomaly': 0.147, 'consistency': 0.1131, 'coverage_representativeness': 0.1178, 'uniqueness': 0.0754, 'timeliness': 0.0377}",9759faba41e7fb33a5516816cb01caeff79a8778821c74fdc91c5b88d1ec8a5b
1,Breast Cancer Diagnostic,C3_breast_cancer,Tier C (Held-Out Generalization),supervised_classification,45,NO_REMEDIATION,biopsy_result,,88.4,70.0,0.62,0.9556,0.35,Macro F1,higher_is_better,Calibration Improved,Remediation Disabled (Raw Benchmark State),Successfully Evaluated,"[69.3, 70.7] (SE=0.35)",YELLOW,"{'distribution_balance': 0.2074, 'validity': 0.1697, 'completeness': 0.132, 'outlier_anomaly': 0.147, 'consistency': 0.1131, 'coverage_representativeness': 0.1178, 'uniqueness': 0.0754, 'timeliness': 0.0377}","{'distribution_balance': 0.2441, 'validity': 0.1997, 'completeness': 0.1554, 'outlier_anomaly': 0.1202, 'consistency': 0.0168, 'coverage_representativeness': 0.1307, 'uniqueness': 0.0887, 'timeliness': 0.0444, 'label_integrity': 0.2441, 'outlier_resilience': 0.1202, 'missingness': 0.1554, 'drift_stability': 0.0444, 'temporal_validity': 0.0444, 'bias_imbalance': 0.2441, 'correlation_integrity': 0.1997, 'cardinality_schema': 0.1997, 'leakage': 0.1997}",c2296cdf6c2c9d57a63f2c17f163554c721487c475cb3a3f23f4c6bb4e110543
1,Breast Cancer Diagnostic,C3_breast_cancer,Tier C (Held-Out Generalization),supervised_classification,46,STATIC_BASELINE,biopsy_result,,87.7,87.7,0.81,0.9446,0.1346,Macro F1,higher_is_better,N/A (Static Baseline),None (Static Baseline),Successfully Evaluated,N/A,NONE,"{'completeness': 0.125, 'validity': 0.125, 'consistency': 0.125, 'uniqueness': 0.125, 'timeliness': 0.125, 'outlier_anomaly': 0.125, 'distribution_balance': 0.125, 'coverage_representativeness': 0.125}","{'completeness': 0.125, 'validity': 0.125, 'consistency': 0.125, 'uniqueness': 0.125, 'timeliness': 0.125, 'outlier_anomaly': 0.125, 'distribution_balance': 0.125, 'coverage_representativeness': 0.125}",4b754bb137cc56fa6f03294d3d6952b95a7652dda0fdfb1cf238a05527679525
1,Breast Cancer Diagnostic,C3_breast_cancer,Tier C (Held-Out Generalization),supervised_classification,46,FULL_DATATRUST,biopsy_result,,88.4,70.0,0.62,0.9446,0.35,Macro F1,higher_is_better,Calibration Improved,Policy Veto Enforced,Successfully Evaluated,"[69.3, 70.7] (SE=0.35)",YELLOW,"{'distribution_balance': 0.2074, 'validity': 0.1697, 'completeness': 0.132, 'outlier_anomaly': 0.147, 'consistency': 0.1131, 'coverage_representativeness': 0.1178, 'uniqueness': 0.0754, 'timeliness': 0.0377}","{'distribution_balance': 0.2441, 'validity': 0.1997, 'completeness': 0.1554, 'outlier_anomaly': 0.1202, 'consistency': 0.0168, 'coverage_representativeness': 0.1307, 'uniqueness': 0.0887, 'timeliness': 0.0444, 'label_integrity': 0.2441, 'outlier_resilience': 0.1202, 'missingness': 0.1554, 'drift_stability': 0.0444, 'temporal_validity': 0.0444, 'bias_imbalance': 0.2441, 'correlation_integrity': 0.1997, 'cardinality_schema': 0.1997, 'leakage': 0.1997}",76fcf5c12a5bbcb7dfce3b665bc3a202dfa5dcb2deb12202f27f42ed88f5659d
1,Breast Cancer Diagnostic,C3_breast_cancer,Tier C (Held-Out Generalization),supervised_classification,46,NO_VETO,biopsy_result,,88.4,88.4,0.82,0.9446,0.1246,Macro F1,higher_is_better,N/A (Veto Disabled),Policy Veto Enforced,Successfully Evaluated,"[69.3, 70.7] (SE=0.35)",BYPASSED,"{'distribution_balance': 0.2074, 'validity': 0.1697, 'completeness': 0.132, 'outlier_anomaly': 0.147, 'consistency': 0.1131, 'coverage_representativeness': 0.1178, 'uniqueness': 0.0754, 'timeliness': 0.0377}","{'distribution_balance': 0.2074, 'validity': 0.1697, 'completeness': 0.132, 'outlier_anomaly': 0.147, 'consistency': 0.1131, 'coverage_representativeness': 0.1178, 'uniqueness': 0.0754, 'timeliness': 0.0377}",f17f3def9fd77b8da89a813a4a26cffe268f657bd6f9aa7c6d8845e064ec3574
1,Breast Cancer Diagnostic,C3_breast_cancer,Tier C (Held-Out Generalization),supervised_classification,46,NO_CALIBRATION,biopsy_result,,88.4,70.0,0.62,0.9446,0.3246,Macro F1,higher_is_better,Disabled (Prior W_AHP Preserved),Policy Veto Enforced,Successfully Evaluated,"[69.3, 70.7] (SE=0.35)",YELLOW,"{'distribution_balance': 0.2074, 'validity': 0.1697, 'completeness': 0.132, 'outlier_anomaly': 0.147, 'consistency': 0.1131, 'coverage_representativeness': 0.1178, 'uniqueness': 0.0754, 'timeliness': 0.0377}","{'distribution_balance': 0.2074, 'validity': 0.1697, 'completeness': 0.132, 'outlier_anomaly': 0.147, 'consistency': 0.1131, 'coverage_representativeness': 0.1178, 'uniqueness': 0.0754, 'timeliness': 0.0377}",0629f5b73b6269da775462ebd0d5d91f00944122f1d2dc46882d182525e1688f
1,Breast Cancer Diagnostic,C3_breast_cancer,Tier C (Held-Out Generalization),supervised_classification,46,NO_REMEDIATION,biopsy_result,,88.4,70.0,0.62,0.9446,0.35,Macro F1,higher_is_better,Calibration Improved,Remediation Disabled (Raw Benchmark State),Successfully Evaluated,"[69.3, 70.7] (SE=0.35)",YELLOW,"{'distribution_balance': 0.2074, 'validity': 0.1697, 'completeness': 0.132, 'outlier_anomaly': 0.147, 'consistency': 0.1131, 'coverage_representativeness': 0.1178, 'uniqueness': 0.0754, 'timeliness': 0.0377}","{'distribution_balance': 0.2441, 'validity': 0.1997, 'completeness': 0.1554, 'outlier_anomaly': 0.1202, 'consistency': 0.0168, 'coverage_representativeness': 0.1307, 'uniqueness': 0.0887, 'timeliness': 0.0444, 'label_integrity': 0.2441, 'outlier_resilience': 0.1202, 'missingness': 0.1554, 'drift_stability': 0.0444, 'temporal_validity': 0.0444, 'bias_imbalance': 0.2441, 'correlation_integrity': 0.1997, 'cardinality_schema': 0.1997, 'leakage': 0.1997}",ec254d01aa6a1af2673715f45bf4aa12957461a1b925386ded96b1bb2d3bc79d
1,Retail Store Sales,C4_retail_sales,Tier C (Held-Out Generalization),supervised_regression,42,STATIC_BASELINE,sales_amount,order_date,87.57,87.57,3.86,262.2034,258.3434,RMSE,lower_is_better,N/A (Static Baseline),None (Static Baseline),Successfully Evaluated,N/A,NONE,"{'completeness': 0.125, 'validity': 0.125, 'consistency': 0.125, 'uniqueness': 0.125, 'timeliness': 0.125, 'outlier_anomaly': 0.125, 'distribution_balance': 0.125, 'coverage_representativeness': 0.125}","{'completeness': 0.125, 'validity': 0.125, 'consistency': 0.125, 'uniqueness': 0.125, 'timeliness': 0.125, 'outlier_anomaly': 0.125, 'distribution_balance': 0.125, 'coverage_representativeness': 0.125}",5633bc9dd9aaf1af95f1adad0054a6e7ee87b0f784f27dc6b58e7180c0ff7a50
1,Retail Store Sales,C4_retail_sales,Tier C (Held-Out Generalization),supervised_regression,42,FULL_DATATRUST,sales_amount,order_date,93.3,46.3,74.2,262.2034,193.78,RMSE,lower_is_better,Calibration Improved,No Remediation Required,Successfully Evaluated,"[41.3, 51.3] (SE=2.53)",GREEN,"{'outlier_anomaly': 0.24, 'completeness': 0.18, 'validity': 0.16, 'consistency': 0.14, 'distribution_balance': 0.1, 'coverage_representativeness': 0.08, 'uniqueness': 0.06, 'timeliness': 0.04}","{'outlier_anomaly': 0.2931, 'completeness': 0.0203, 'validity': 0.0203, 'consistency': 0.0203, 'distribution_balance': 0.0203, 'coverage_representativeness': 0.0203, 'uniqueness': 0.0203, 'timeliness': 0.5853, 'label_integrity': 0.0203, 'outlier_resilience': 0.2931, 'missingness': 0.0203, 'drift_stability': 0.5853, 'temporal_validity': 0.5853, 'bias_imbalance': 0.0203, 'correlation_integrity': 0.0203, 'cardinality_schema': 0.0203, 'leakage': 0.0203}",870fae1619e2a9f1273dae4c641a70eeaf67a184ee1de4ea2af4b89ff092936c
1,Retail Store Sales,C4_retail_sales,Tier C (Held-Out Generalization),supervised_regression,42,NO_VETO,sales_amount,order_date,93.3,93.3,3.01,262.2034,259.1934,RMSE,lower_is_better,N/A (Veto Disabled),No Remediation Required,Successfully Evaluated,"[41.3, 51.3] (SE=2.53)",BYPASSED,"{'outlier_anomaly': 0.24, 'completeness': 0.18, 'validity': 0.16, 'consistency': 0.14, 'distribution_balance': 0.1, 'coverage_representativeness': 0.08, 'uniqueness': 0.06, 'timeliness': 0.04}","{'outlier_anomaly': 0.24, 'completeness': 0.18, 'validity': 0.16, 'consistency': 0.14, 'distribution_balance': 0.1, 'coverage_representativeness': 0.08, 'uniqueness': 0.06, 'timeliness': 0.04}",2742002cc6cd1fa109d47e97c56cbd4d20abe2963e4f267703271c177906dcc1
1,Retail Store Sales,C4_retail_sales,Tier C (Held-Out Generalization),supervised_regression,42,NO_CALIBRATION,sales_amount,order_date,93.3,93.26,3.01,262.2034,259.1934,RMSE,lower_is_better,Disabled (Prior W_AHP Preserved),No Remediation Required,Successfully Evaluated,"[41.3, 51.3] (SE=2.53)",GREEN,"{'outlier_anomaly': 0.24, 'completeness': 0.18, 'validity': 0.16, 'consistency': 0.14, 'distribution_balance': 0.1, 'coverage_representativeness': 0.08, 'uniqueness': 0.06, 'timeliness': 0.04}","{'outlier_anomaly': 0.24, 'completeness': 0.18, 'validity': 0.16, 'consistency': 0.14, 'distribution_balance': 0.1, 'coverage_representativeness': 0.08, 'uniqueness': 0.06, 'timeliness': 0.04}",72f127f584d480ea56fc237a51c8e5f63bcbe62634097e4031fdf18cf165b9ed
1,Retail Store Sales,C4_retail_sales,Tier C (Held-Out Generalization),supervised_regression,42,NO_REMEDIATION,sales_amount,order_date,93.3,46.3,74.2,262.2034,193.78,RMSE,lower_is_better,Calibration Improved,Remediation Disabled (Raw Benchmark State),Successfully Evaluated,"[41.3, 51.3] (SE=2.53)",GREEN,"{'outlier_anomaly': 0.24, 'completeness': 0.18, 'validity': 0.16, 'consistency': 0.14, 'distribution_balance': 0.1, 'coverage_representativeness': 0.08, 'uniqueness': 0.06, 'timeliness': 0.04}","{'outlier_anomaly': 0.2931, 'completeness': 0.0203, 'validity': 0.0203, 'consistency': 0.0203, 'distribution_balance': 0.0203, 'coverage_representativeness': 0.0203, 'uniqueness': 0.0203, 'timeliness': 0.5853, 'label_integrity': 0.0203, 'outlier_resilience': 0.2931, 'missingness': 0.0203, 'drift_stability': 0.5853, 'temporal_validity': 0.5853, 'bias_imbalance': 0.0203, 'correlation_integrity': 0.0203, 'cardinality_schema': 0.0203, 'leakage': 0.0203}",1084d9b3b2f024d1aea73bbc754325582dfc67dbd68a281789cec46c0425d31a
1,Retail Store Sales,C4_retail_sales,Tier C (Held-Out Generalization),supervised_regression,43,STATIC_BASELINE,sales_amount,order_date,87.57,87.57,3.86,280.0135,276.1535,RMSE,lower_is_better,N/A (Static Baseline),None (Static Baseline),Successfully Evaluated,N/A,NONE,"{'completeness': 0.125, 'validity': 0.125, 'consistency': 0.125, 'uniqueness': 0.125, 'timeliness': 0.125, 'outlier_anomaly': 0.125, 'distribution_balance': 0.125, 'coverage_representativeness': 0.125}","{'completeness': 0.125, 'validity': 0.125, 'consistency': 0.125, 'uniqueness': 0.125, 'timeliness': 0.125, 'outlier_anomaly': 0.125, 'distribution_balance': 0.125, 'coverage_representativeness': 0.125}",d7739ab080a275677d16a314cab49bb894ca09fb00cd1ae332d409be8555669d
1,Retail Store Sales,C4_retail_sales,Tier C (Held-Out Generalization),supervised_regression,43,FULL_DATATRUST,sales_amount,order_date,93.3,46.3,74.2,280.0135,193.78,RMSE,lower_is_better,Calibration Improved,No Remediation Required,Successfully Evaluated,"[41.3, 51.3] (SE=2.53)",GREEN,"{'outlier_anomaly': 0.24, 'completeness': 0.18, 'validity': 0.16, 'consistency': 0.14, 'distribution_balance': 0.1, 'coverage_representativeness': 0.08, 'uniqueness': 0.06, 'timeliness': 0.04}","{'outlier_anomaly': 0.2931, 'completeness': 0.0203, 'validity': 0.0203, 'consistency': 0.0203, 'distribution_balance': 0.0203, 'coverage_representativeness': 0.0203, 'uniqueness': 0.0203, 'timeliness': 0.5853, 'label_integrity': 0.0203, 'outlier_resilience': 0.2931, 'missingness': 0.0203, 'drift_stability': 0.5853, 'temporal_validity': 0.5853, 'bias_imbalance': 0.0203, 'correlation_integrity': 0.0203, 'cardinality_schema': 0.0203, 'leakage': 0.0203}",870fae1619e2a9f1273dae4c641a70eeaf67a184ee1de4ea2af4b89ff092936c
1,Retail Store Sales,C4_retail_sales,Tier C (Held-Out Generalization),supervised_regression,43,NO_VETO,sales_amount,order_date,93.3,93.3,3.01,280.0135,277.0035,RMSE,lower_is_better,N/A (Veto Disabled),No Remediation Required,Successfully Evaluated,"[41.3, 51.3] (SE=2.53)",BYPASSED,"{'outlier_anomaly': 0.24, 'completeness': 0.18, 'validity': 0.16, 'consistency': 0.14, 'distribution_balance': 0.1, 'coverage_representativeness': 0.08, 'uniqueness': 0.06, 'timeliness': 0.04}","{'outlier_anomaly': 0.24, 'completeness': 0.18, 'validity': 0.16, 'consistency': 0.14, 'distribution_balance': 0.1, 'coverage_representativeness': 0.08, 'uniqueness': 0.06, 'timeliness': 0.04}",f2e487c95f00ed306d0a3b1c1de9f732ba8029f7ccf8094e90956a31d87d0c1a
1,Retail Store Sales,C4_retail_sales,Tier C (Held-Out Generalization),supervised_regression,43,NO_CALIBRATION,sales_amount,order_date,93.3,93.26,3.01,280.0135,277.0035,RMSE,lower_is_better,Disabled (Prior W_AHP Preserved),No Remediation Required,Successfully Evaluated,"[41.3, 51.3] (SE=2.53)",GREEN,"{'outlier_anomaly': 0.24, 'completeness': 0.18, 'validity': 0.16, 'consistency': 0.14, 'distribution_balance': 0.1, 'coverage_representativeness': 0.08, 'uniqueness': 0.06, 'timeliness': 0.04}","{'outlier_anomaly': 0.24, 'completeness': 0.18, 'validity': 0.16, 'consistency': 0.14, 'distribution_balance': 0.1, 'coverage_representativeness': 0.08, 'uniqueness': 0.06, 'timeliness': 0.04}",13f4972b78909c2e1814c92ee6be13f51f130dfc93052a183b98ef1de6e8c71e
1,Retail Store Sales,C4_retail_sales,Tier C (Held-Out Generalization),supervised_regression,43,NO_REMEDIATION,sales_amount,order_date,93.3,46.3,74.2,280.0135,193.78,RMSE,lower_is_better,Calibration Improved,Remediation Disabled (Raw Benchmark State),Successfully Evaluated,"[41.3, 51.3] (SE=2.53)",GREEN,"{'outlier_anomaly': 0.24, 'completeness': 0.18, 'validity': 0.16, 'consistency': 0.14, 'distribution_balance': 0.1, 'coverage_representativeness': 0.08, 'uniqueness': 0.06, 'timeliness': 0.04}","{'outlier_anomaly': 0.2931, 'completeness': 0.0203, 'validity': 0.0203, 'consistency': 0.0203, 'distribution_balance': 0.0203, 'coverage_representativeness': 0.0203, 'uniqueness': 0.0203, 'timeliness': 0.5853, 'label_integrity': 0.0203, 'outlier_resilience': 0.2931, 'missingness': 0.0203, 'drift_stability': 0.5853, 'temporal_validity': 0.5853, 'bias_imbalance': 0.0203, 'correlation_integrity': 0.0203, 'cardinality_schema': 0.0203, 'leakage': 0.0203}",0e965ba4859ae8f6bc8649d38fd9de38bc16ddbffd5db55e851c3924ee9e7f30
1,Retail Store Sales,C4_retail_sales,Tier C (Held-Out Generalization),supervised_regression,44,STATIC_BASELINE,sales_amount,order_date,87.57,87.57,3.86,288.7074,284.8474,RMSE,lower_is_better,N/A (Static Baseline),None (Static Baseline),Successfully Evaluated,N/A,NONE,"{'completeness': 0.125, 'validity': 0.125, 'consistency': 0.125, 'uniqueness': 0.125, 'timeliness': 0.125, 'outlier_anomaly': 0.125, 'distribution_balance': 0.125, 'coverage_representativeness': 0.125}","{'completeness': 0.125, 'validity': 0.125, 'consistency': 0.125, 'uniqueness': 0.125, 'timeliness': 0.125, 'outlier_anomaly': 0.125, 'distribution_balance': 0.125, 'coverage_representativeness': 0.125}",87f9561daf4fbbfb30eee4f39aa0366e70f289464fa29de04eb1d913a6f88782
1,Retail Store Sales,C4_retail_sales,Tier C (Held-Out Generalization),supervised_regression,44,FULL_DATATRUST,sales_amount,order_date,93.3,46.3,74.2,288.7074,193.78,RMSE,lower_is_better,Calibration Improved,No Remediation Required,Successfully Evaluated,"[41.3, 51.3] (SE=2.53)",GREEN,"{'outlier_anomaly': 0.24, 'completeness': 0.18, 'validity': 0.16, 'consistency': 0.14, 'distribution_balance': 0.1, 'coverage_representativeness': 0.08, 'uniqueness': 0.06, 'timeliness': 0.04}","{'outlier_anomaly': 0.2931, 'completeness': 0.0203, 'validity': 0.0203, 'consistency': 0.0203, 'distribution_balance': 0.0203, 'coverage_representativeness': 0.0203, 'uniqueness': 0.0203, 'timeliness': 0.5853, 'label_integrity': 0.0203, 'outlier_resilience': 0.2931, 'missingness': 0.0203, 'drift_stability': 0.5853, 'temporal_validity': 0.5853, 'bias_imbalance': 0.0203, 'correlation_integrity': 0.0203, 'cardinality_schema': 0.0203, 'leakage': 0.0203}",870fae1619e2a9f1273dae4c641a70eeaf67a184ee1de4ea2af4b89ff092936c
1,Retail Store Sales,C4_retail_sales,Tier C (Held-Out Generalization),supervised_regression,44,NO_VETO,sales_amount,order_date,93.3,93.3,3.01,288.7074,285.6974,RMSE,lower_is_better,N/A (Veto Disabled),No Remediation Required,Successfully Evaluated,"[41.3, 51.3] (SE=2.53)",BYPASSED,"{'outlier_anomaly': 0.24, 'completeness': 0.18, 'validity': 0.16, 'consistency': 0.14, 'distribution_balance': 0.1, 'coverage_representativeness': 0.08, 'uniqueness': 0.06, 'timeliness': 0.04}","{'outlier_anomaly': 0.24, 'completeness': 0.18, 'validity': 0.16, 'consistency': 0.14, 'distribution_balance': 0.1, 'coverage_representativeness': 0.08, 'uniqueness': 0.06, 'timeliness': 0.04}",1fbbebaf53274e58ca4c512b092dba3f063b5832741bf1b082d9e37aa2bd77ba
1,Retail Store Sales,C4_retail_sales,Tier C (Held-Out Generalization),supervised_regression,44,NO_CALIBRATION,sales_amount,order_date,93.3,93.26,3.01,288.7074,285.6974,RMSE,lower_is_better,Disabled (Prior W_AHP Preserved),No Remediation Required,Successfully Evaluated,"[41.3, 51.3] (SE=2.53)",GREEN,"{'outlier_anomaly': 0.24, 'completeness': 0.18, 'validity': 0.16, 'consistency': 0.14, 'distribution_balance': 0.1, 'coverage_representativeness': 0.08, 'uniqueness': 0.06, 'timeliness': 0.04}","{'outlier_anomaly': 0.24, 'completeness': 0.18, 'validity': 0.16, 'consistency': 0.14, 'distribution_balance': 0.1, 'coverage_representativeness': 0.08, 'uniqueness': 0.06, 'timeliness': 0.04}",f01a9d12bef3a0f7051497cbd5e02e0fe9d98867d889461cd70bd7abf9a1f3d9
1,Retail Store Sales,C4_retail_sales,Tier C (Held-Out Generalization),supervised_regression,44,NO_REMEDIATION,sales_amount,order_date,93.3,46.3,74.2,288.7074,193.78,RMSE,lower_is_better,Calibration Improved,Remediation Disabled (Raw Benchmark State),Successfully Evaluated,"[41.3, 51.3] (SE=2.53)",GREEN,"{'outlier_anomaly': 0.24, 'completeness': 0.18, 'validity': 0.16, 'consistency': 0.14, 'distribution_balance': 0.1, 'coverage_representativeness': 0.08, 'uniqueness': 0.06, 'timeliness': 0.04}","{'outlier_anomaly': 0.2931, 'completeness': 0.0203, 'validity': 0.0203, 'consistency': 0.0203, 'distribution_balance': 0.0203, 'coverage_representativeness': 0.0203, 'uniqueness': 0.0203, 'timeliness': 0.5853, 'label_integrity': 0.0203, 'outlier_resilience': 0.2931, 'missingness': 0.0203, 'drift_stability': 0.5853, 'temporal_validity': 0.5853, 'bias_imbalance': 0.0203, 'correlation_integrity': 0.0203, 'cardinality_schema': 0.0203, 'leakage': 0.0203}",3aa1cc843a244aec628a99ccced76ff7fde35a4c10167a155f6d84932e24504e
1,Retail Store Sales,C4_retail_sales,Tier C (Held-Out Generalization),supervised_regression,45,STATIC_BASELINE,sales_amount,order_date,87.57,87.57,3.86,269.0377,265.1777,RMSE,lower_is_better,N/A (Static Baseline),None (Static Baseline),Successfully Evaluated,N/A,NONE,"{'completeness': 0.125, 'validity': 0.125, 'consistency': 0.125, 'uniqueness': 0.125, 'timeliness': 0.125, 'outlier_anomaly': 0.125, 'distribution_balance': 0.125, 'coverage_representativeness': 0.125}","{'completeness': 0.125, 'validity': 0.125, 'consistency': 0.125, 'uniqueness': 0.125, 'timeliness': 0.125, 'outlier_anomaly': 0.125, 'distribution_balance': 0.125, 'coverage_representativeness': 0.125}",8c386bd71812098366aea714f42b0f7c0f63909789378e8051cbeb298bd95d69
1,Retail Store Sales,C4_retail_sales,Tier C (Held-Out Generalization),supervised_regression,45,FULL_DATATRUST,sales_amount,order_date,93.3,46.3,74.2,269.0377,193.78,RMSE,lower_is_better,Calibration Improved,No Remediation Required,Successfully Evaluated,"[41.3, 51.3] (SE=2.53)",GREEN,"{'outlier_anomaly': 0.24, 'completeness': 0.18, 'validity': 0.16, 'consistency': 0.14, 'distribution_balance': 0.1, 'coverage_representativeness': 0.08, 'uniqueness': 0.06, 'timeliness': 0.04}","{'outlier_anomaly': 0.2931, 'completeness': 0.0203, 'validity': 0.0203, 'consistency': 0.0203, 'distribution_balance': 0.0203, 'coverage_representativeness': 0.0203, 'uniqueness': 0.0203, 'timeliness': 0.5853, 'label_integrity': 0.0203, 'outlier_resilience': 0.2931, 'missingness': 0.0203, 'drift_stability': 0.5853, 'temporal_validity': 0.5853, 'bias_imbalance': 0.0203, 'correlation_integrity': 0.0203, 'cardinality_schema': 0.0203, 'leakage': 0.0203}",870fae1619e2a9f1273dae4c641a70eeaf67a184ee1de4ea2af4b89ff092936c
1,Retail Store Sales,C4_retail_sales,Tier C (Held-Out Generalization),supervised_regression,45,NO_VETO,sales_amount,order_date,93.3,93.3,3.01,269.0377,266.0277,RMSE,lower_is_better,N/A (Veto Disabled),No Remediation Required,Successfully Evaluated,"[41.3, 51.3] (SE=2.53)",BYPASSED,"{'outlier_anomaly': 0.24, 'completeness': 0.18, 'validity': 0.16, 'consistency': 0.14, 'distribution_balance': 0.1, 'coverage_representativeness': 0.08, 'uniqueness': 0.06, 'timeliness': 0.04}","{'outlier_anomaly': 0.24, 'completeness': 0.18, 'validity': 0.16, 'consistency': 0.14, 'distribution_balance': 0.1, 'coverage_representativeness': 0.08, 'uniqueness': 0.06, 'timeliness': 0.04}",9df144a1cb6182a5d56274adbca89c6eb4f88ef00d88c0db94b0b82db5620eff
1,Retail Store Sales,C4_retail_sales,Tier C (Held-Out Generalization),supervised_regression,45,NO_CALIBRATION,sales_amount,order_date,93.3,93.26,3.01,269.0377,266.0277,RMSE,lower_is_better,Disabled (Prior W_AHP Preserved),No Remediation Required,Successfully Evaluated,"[41.3, 51.3] (SE=2.53)",GREEN,"{'outlier_anomaly': 0.24, 'completeness': 0.18, 'validity': 0.16, 'consistency': 0.14, 'distribution_balance': 0.1, 'coverage_representativeness': 0.08, 'uniqueness': 0.06, 'timeliness': 0.04}","{'outlier_anomaly': 0.24, 'completeness': 0.18, 'validity': 0.16, 'consistency': 0.14, 'distribution_balance': 0.1, 'coverage_representativeness': 0.08, 'uniqueness': 0.06, 'timeliness': 0.04}",9c3016d66af2722899dcf5ac21bebb13438fda76a4c3a654ecb512760c7f9db1
1,Retail Store Sales,C4_retail_sales,Tier C (Held-Out Generalization),supervised_regression,45,NO_REMEDIATION,sales_amount,order_date,93.3,46.3,74.2,269.0377,193.78,RMSE,lower_is_better,Calibration Improved,Remediation Disabled (Raw Benchmark State),Successfully Evaluated,"[41.3, 51.3] (SE=2.53)",GREEN,"{'outlier_anomaly': 0.24, 'completeness': 0.18, 'validity': 0.16, 'consistency': 0.14, 'distribution_balance': 0.1, 'coverage_representativeness': 0.08, 'uniqueness': 0.06, 'timeliness': 0.04}","{'outlier_anomaly': 0.2931, 'completeness': 0.0203, 'validity': 0.0203, 'consistency': 0.0203, 'distribution_balance': 0.0203, 'coverage_representativeness': 0.0203, 'uniqueness': 0.0203, 'timeliness': 0.5853, 'label_integrity': 0.0203, 'outlier_resilience': 0.2931, 'missingness': 0.0203, 'drift_stability': 0.5853, 'temporal_validity': 0.5853, 'bias_imbalance': 0.0203, 'correlation_integrity': 0.0203, 'cardinality_schema': 0.0203, 'leakage': 0.0203}",5a111cad1d02a2ad9403881cd6b25ccb1f3a947517d6096f6f1940138eac9cab
1,Retail Store Sales,C4_retail_sales,Tier C (Held-Out Generalization),supervised_regression,46,STATIC_BASELINE,sales_amount,order_date,87.57,87.57,3.86,292.2166,288.3566,RMSE,lower_is_better,N/A (Static Baseline),None (Static Baseline),Successfully Evaluated,N/A,NONE,"{'completeness': 0.125, 'validity': 0.125, 'consistency': 0.125, 'uniqueness': 0.125, 'timeliness': 0.125, 'outlier_anomaly': 0.125, 'distribution_balance': 0.125, 'coverage_representativeness': 0.125}","{'completeness': 0.125, 'validity': 0.125, 'consistency': 0.125, 'uniqueness': 0.125, 'timeliness': 0.125, 'outlier_anomaly': 0.125, 'distribution_balance': 0.125, 'coverage_representativeness': 0.125}",cd2857fa8982f44654aa316d80306d2d5f69e83f89cfae1c256b7d8e763333b5
1,Retail Store Sales,C4_retail_sales,Tier C (Held-Out Generalization),supervised_regression,46,FULL_DATATRUST,sales_amount,order_date,93.3,46.3,74.2,292.2166,193.78,RMSE,lower_is_better,Calibration Improved,No Remediation Required,Successfully Evaluated,"[41.3, 51.3] (SE=2.53)",GREEN,"{'outlier_anomaly': 0.24, 'completeness': 0.18, 'validity': 0.16, 'consistency': 0.14, 'distribution_balance': 0.1, 'coverage_representativeness': 0.08, 'uniqueness': 0.06, 'timeliness': 0.04}","{'outlier_anomaly': 0.2931, 'completeness': 0.0203, 'validity': 0.0203, 'consistency': 0.0203, 'distribution_balance': 0.0203, 'coverage_representativeness': 0.0203, 'uniqueness': 0.0203, 'timeliness': 0.5853, 'label_integrity': 0.0203, 'outlier_resilience': 0.2931, 'missingness': 0.0203, 'drift_stability': 0.5853, 'temporal_validity': 0.5853, 'bias_imbalance': 0.0203, 'correlation_integrity': 0.0203, 'cardinality_schema': 0.0203, 'leakage': 0.0203}",870fae1619e2a9f1273dae4c641a70eeaf67a184ee1de4ea2af4b89ff092936c
1,Retail Store Sales,C4_retail_sales,Tier C (Held-Out Generalization),supervised_regression,46,NO_VETO,sales_amount,order_date,93.3,93.3,3.01,292.2166,289.2066,RMSE,lower_is_better,N/A (Veto Disabled),No Remediation Required,Successfully Evaluated,"[41.3, 51.3] (SE=2.53)",BYPASSED,"{'outlier_anomaly': 0.24, 'completeness': 0.18, 'validity': 0.16, 'consistency': 0.14, 'distribution_balance': 0.1, 'coverage_representativeness': 0.08, 'uniqueness': 0.06, 'timeliness': 0.04}","{'outlier_anomaly': 0.24, 'completeness': 0.18, 'validity': 0.16, 'consistency': 0.14, 'distribution_balance': 0.1, 'coverage_representativeness': 0.08, 'uniqueness': 0.06, 'timeliness': 0.04}",9b6bd586f6e08fb7be293fdb8be582574675cfff58df34797903c1f9606ba23a
1,Retail Store Sales,C4_retail_sales,Tier C (Held-Out Generalization),supervised_regression,46,NO_CALIBRATION,sales_amount,order_date,93.3,93.26,3.01,292.2166,289.2066,RMSE,lower_is_better,Disabled (Prior W_AHP Preserved),No Remediation Required,Successfully Evaluated,"[41.3, 51.3] (SE=2.53)",GREEN,"{'outlier_anomaly': 0.24, 'completeness': 0.18, 'validity': 0.16, 'consistency': 0.14, 'distribution_balance': 0.1, 'coverage_representativeness': 0.08, 'uniqueness': 0.06, 'timeliness': 0.04}","{'outlier_anomaly': 0.24, 'completeness': 0.18, 'validity': 0.16, 'consistency': 0.14, 'distribution_balance': 0.1, 'coverage_representativeness': 0.08, 'uniqueness': 0.06, 'timeliness': 0.04}",deb09bf5ea47b6f3f4bb02d9281060dff2c3b8010b9ff0061e87b91b075c0bf5
1,Retail Store Sales,C4_retail_sales,Tier C (Held-Out Generalization),supervised_regression,46,NO_REMEDIATION,sales_amount,order_date,93.3,46.3,74.2,292.2166,193.78,RMSE,lower_is_better,Calibration Improved,Remediation Disabled (Raw Benchmark State),Successfully Evaluated,"[41.3, 51.3] (SE=2.53)",GREEN,"{'outlier_anomaly': 0.24, 'completeness': 0.18, 'validity': 0.16, 'consistency': 0.14, 'distribution_balance': 0.1, 'coverage_representativeness': 0.08, 'uniqueness': 0.06, 'timeliness': 0.04}","{'outlier_anomaly': 0.2931, 'completeness': 0.0203, 'validity': 0.0203, 'consistency': 0.0203, 'distribution_balance': 0.0203, 'coverage_representativeness': 0.0203, 'uniqueness': 0.0203, 'timeliness': 0.5853, 'label_integrity': 0.0203, 'outlier_resilience': 0.2931, 'missingness': 0.0203, 'drift_stability': 0.5853, 'temporal_validity': 0.5853, 'bias_imbalance': 0.0203, 'correlation_integrity': 0.0203, 'cardinality_schema': 0.0203, 'leakage': 0.0203}",298eee5778d4748155d88687421e1bc690c33d874ffcbf7e4e69e1c548fda842
