Date,Time,CO(GT),PT08.S1(CO),NMHC(GT),C6H6(GT),PT08.S2(NMHC),NOx(GT),PT08.S3(NOx),NO2(GT),PT08.S4(NO2),PT08.S5(O3),T,RH,AH,timestamp
10/03/2004,18:00:00,2.6,1360.0,150.0,11.9,1046.0,166.0,1056.0,113.0,1692.0,1268.0,13.6,48.9,0.7578,2004-03-10 18:00:00
10/03/2004,19:00:00,2.0,1292.0,112.0,9.4,955.0,103.0,1174.0,92.0,1559.0,972.0,13.3,47.7,0.7255,2004-03-10 19:00:00
10/03/2004,20:00:00,2.2,1402.0,88.0,9.0,939.0,131.0,1140.0,114.0,1555.0,1074.0,11.9,54.0,0.7502,2004-03-10 20:00:00
10/03/2004,21:00:00,2.2,1376.0,80.0,9.2,948.0,172.0,1092.0,122.0,1584.0,1203.0,11.0,60.0,0.7867,2004-03-10 21:00:00
10/03/2004,22:00:00,1.6,1272.0,51.0,6.5,836.0,131.0,1205.0,116.0,1490.0,1110.0,11.2,59.6,0.7888,2004-03-10 22:00:00
10/03/2004,23:00:00,1.2,1197.0,38.0,4.7,750.0,89.0,1337.0,96.0,1393.0,949.0,11.2,59.2,0.7848,2004-03-10 23:00:00
11/03/2004,00:00:00,1.2,1185.0,31.0,3.6,690.0,62.0,1462.0,77.0,1333.0,733.0,11.3,56.8,0.7603,2004-03-11 00:00:00
11/03/2004,01:00:00,1.0,1136.0,31.0,3.3,672.0,62.0,1453.0,76.0,1333.0,730.0,10.7,60.0,0.7702,2004-03-11 01:00:00
11/03/2004,02:00:00,0.9,1094.0,24.0,2.3,609.0,45.0,1579.0,60.0,1276.0,620.0,10.7,59.7,0.7648,2004-03-11 02:00:00
11/03/2004,03:00:00,0.6,1010.0,19.0,1.7,561.0,-200.0,1705.0,-200.0,1235.0,501.0,10.3,60.2,0.7517,2004-03-11 03:00:00
11/03/2004,04:00:00,-200.0,1011.0,14.0,1.3,527.0,21.0,1818.0,34.0,1197.0,445.0,10.1,60.5,0.7465,2004-03-11 04:00:00
11/03/2004,05:00:00,0.7,1066.0,8.0,1.1,512.0,16.0,1918.0,28.0,1182.0,422.0,11.0,56.2,0.7366,2004-03-11 05:00:00
11/03/2004,06:00:00,0.7,1052.0,16.0,1.6,553.0,34.0,1738.0,48.0,1221.0,472.0,10.5,58.1,0.7353,2004-03-11 06:00:00
11/03/2004,07:00:00,1.1,1144.0,29.0,3.2,667.0,98.0,1490.0,82.0,1339.0,730.0,10.2,59.6,0.7417,2004-03-11 07:00:00
11/03/2004,08:00:00,2.0,1333.0,64.0,8.0,900.0,174.0,1136.0,112.0,1517.0,1102.0,10.8,57.4,0.7408,2004-03-11 08:00:00
11/03/2004,09:00:00,2.2,1351.0,87.0,9.5,960.0,129.0,1079.0,101.0,1583.0,1028.0,10.5,60.6,0.7691,2004-03-11 09:00:00
11/03/2004,10:00:00,1.7,1233.0,77.0,6.3,827.0,112.0,1218.0,98.0,1446.0,860.0,10.8,58.4,0.7552,2004-03-11 10:00:00
11/03/2004,11:00:00,1.5,1179.0,43.0,5.0,762.0,95.0,1328.0,92.0,1362.0,671.0,10.5,57.9,0.7352,2004-03-11 11:00:00
11/03/2004,12:00:00,1.6,1236.0,61.0,5.2,774.0,104.0,1301.0,95.0,1401.0,664.0,9.5,66.8,0.7951,2004-03-11 12:00:00
11/03/2004,13:00:00,1.9,1286.0,63.0,7.3,869.0,146.0,1162.0,112.0,1537.0,799.0,8.3,76.4,0.8393,2004-03-11 13:00:00
11/03/2004,14:00:00,2.9,1371.0,164.0,11.5,1034.0,207.0,983.0,128.0,1730.0,1037.0,8.0,81.1,0.8736,2004-03-11 14:00:00
11/03/2004,15:00:00,2.2,1310.0,79.0,8.8,933.0,184.0,1082.0,126.0,1647.0,946.0,8.3,79.8,0.8778,2004-03-11 15:00:00
11/03/2004,16:00:00,2.2,1292.0,95.0,8.3,912.0,193.0,1103.0,131.0,1591.0,957.0,9.7,71.2,0.8569,2004-03-11 16:00:00
11/03/2004,17:00:00,2.9,1383.0,150.0,11.2,1020.0,243.0,1008.0,135.0,1719.0,1104.0,9.8,67.6,0.8185,2004-03-11 17:00:00
11/03/2004,18:00:00,4.8,1581.0,307.0,20.8,1319.0,281.0,799.0,151.0,2083.0,1409.0,10.3,64.2,0.8065,2004-03-11 18:00:00
11/03/2004,19:00:00,6.9,1776.0,461.0,27.4,1488.0,383.0,702.0,172.0,2333.0,1704.0,9.7,69.3,0.8319,2004-03-11 19:00:00
11/03/2004,20:00:00,6.1,1640.0,401.0,24.0,1404.0,351.0,743.0,165.0,2191.0,1654.0,9.6,67.8,0.8133,2004-03-11 20:00:00
11/03/2004,21:00:00,3.9,1313.0,197.0,12.8,1076.0,240.0,957.0,136.0,1707.0,1285.0,9.1,64.0,0.7419,2004-03-11 21:00:00
11/03/2004,22:00:00,1.5,965.0,61.0,4.7,749.0,94.0,1325.0,85.0,1333.0,821.0,8.2,63.4,0.6905,2004-03-11 22:00:00
11/03/2004,23:00:00,1.0,913.0,26.0,2.6,629.0,47.0,1565.0,53.0,1252.0,552.0,8.2,60.8,0.6657,2004-03-11 23:00:00
12/03/2004,00:00:00,1.7,1080.0,55.0,5.9,805.0,122.0,1254.0,97.0,1375.0,816.0,8.3,58.5,0.6438,2004-03-12 00:00:00
12/03/2004,01:00:00,1.9,1044.0,53.0,6.4,829.0,133.0,1247.0,110.0,1378.0,832.0,7.7,59.7,0.6308,2004-03-12 01:00:00
12/03/2004,02:00:00,1.4,988.0,40.0,4.1,718.0,82.0,1396.0,91.0,1304.0,692.0,7.1,61.8,0.6276,2004-03-12 02:00:00
12/03/2004,03:00:00,0.8,889.0,21.0,1.9,574.0,-200.0,1680.0,-200.0,1187.0,512.0,7.0,62.3,0.6261,2004-03-12 03:00:00
12/03/2004,04:00:00,-200.0,831.0,10.0,1.1,506.0,21.0,1893.0,32.0,1134.0,384.0,6.1,65.9,0.6248,2004-03-12 04:00:00
12/03/2004,05:00:00,0.6,847.0,7.0,1.0,501.0,30.0,1895.0,44.0,1155.0,394.0,6.3,65.0,0.6233,2004-03-12 05:00:00
12/03/2004,06:00:00,0.8,927.0,17.0,1.8,571.0,56.0,1685.0,71.0,1223.0,487.0,6.8,62.9,0.6234,2004-03-12 06:00:00
12/03/2004,07:00:00,1.4,1091.0,33.0,4.4,730.0,109.0,1387.0,104.0,1361.0,748.0,6.4,65.1,0.6316,2004-03-12 07:00:00
12/03/2004,08:00:00,4.4,1587.0,202.0,17.9,1236.0,307.0,897.0,141.0,1900.0,1400.0,7.3,63.1,0.6499,2004-03-12 08:00:00
12/03/2004,09:00:00,-200.0,1545.0,-200.0,22.1,1353.0,-200.0,767.0,-200.0,2058.0,1588.0,9.2,56.2,0.6561,2004-03-12 09:00:00
12/03/2004,10:00:00,3.1,1350.0,208.0,14.0,1118.0,187.0,912.0,122.0,1712.0,1237.0,13.2,41.7,0.632,2004-03-12 10:00:00
12/03/2004,11:00:00,2.7,1263.0,166.0,11.6,1037.0,216.0,969.0,143.0,1598.0,1167.0,14.3,38.4,0.6243,2004-03-12 11:00:00
12/03/2004,12:00:00,2.1,1206.0,114.0,10.2,986.0,143.0,1035.0,113.0,1537.0,959.0,15.0,36.5,0.6195,2004-03-12 12:00:00
12/03/2004,13:00:00,2.5,1252.0,140.0,11.0,1016.0,160.0,1008.0,116.0,1593.0,983.0,16.1,34.5,0.6262,2004-03-12 13:00:00
12/03/2004,14:00:00,2.7,1287.0,169.0,12.8,1078.0,163.0,949.0,123.0,1660.0,1061.0,16.3,35.7,0.656,2004-03-12 14:00:00
12/03/2004,15:00:00,2.9,1353.0,185.0,14.2,1122.0,190.0,922.0,126.0,1740.0,1139.0,15.8,37.0,0.661,2004-03-12 15:00:00
12/03/2004,16:00:00,2.8,1309.0,165.0,12.7,1073.0,178.0,954.0,120.0,1657.0,1112.0,15.9,37.2,0.6657,2004-03-12 16:00:00
12/03/2004,17:00:00,2.4,1274.0,133.0,11.7,1041.0,150.0,1006.0,119.0,1610.0,994.0,16.9,34.3,0.6549,2004-03-12 17:00:00
12/03/2004,18:00:00,3.9,1510.0,233.0,19.3,1277.0,206.0,812.0,149.0,1910.0,1410.0,15.1,39.6,0.6766,2004-03-12 18:00:00
12/03/2004,19:00:00,3.7,1525.0,242.0,18.2,1246.0,202.0,821.0,145.0,1847.0,1448.0,14.4,43.4,0.7084,2004-03-12 19:00:00
12/03/2004,20:00:00,6.6,1843.0,488.0,32.6,1610.0,340.0,624.0,170.0,2390.0,1887.0,12.9,50.5,0.7478,2004-03-12 20:00:00
12/03/2004,21:00:00,4.4,1598.0,333.0,20.1,1299.0,274.0,752.0,149.0,1941.0,1627.0,12.1,53.3,0.7536,2004-03-12 21:00:00
12/03/2004,22:00:00,3.5,1484.0,215.0,14.3,1127.0,253.0,839.0,139.0,1723.0,1491.0,11.0,59.1,0.774,2004-03-12 22:00:00
12/03/2004,23:00:00,5.4,1677.0,367.0,21.8,1346.0,300.0,741.0,134.0,2062.0,1657.0,9.7,64.6,0.7771,2004-03-12 23:00:00
13/03/2004,00:00:00,2.7,1280.0,122.0,9.6,964.0,193.0,963.0,113.0,1544.0,1285.0,9.5,64.1,0.7597,2004-03-13 00:00:00
13/03/2004,01:00:00,1.9,1196.0,67.0,7.4,873.0,139.0,1071.0,97.0,1463.0,1144.0,9.1,63.9,0.7423,2004-03-13 01:00:00
13/03/2004,02:00:00,1.6,1184.0,43.0,5.4,782.0,83.0,1176.0,82.0,1365.0,1043.0,8.8,63.9,0.7256,2004-03-13 02:00:00
13/03/2004,03:00:00,1.7,1172.0,46.0,5.4,783.0,-200.0,1179.0,-200.0,1380.0,996.0,7.8,67.5,0.7173,2004-03-13 03:00:00
13/03/2004,04:00:00,-200.0,1147.0,56.0,6.2,821.0,109.0,1132.0,83.0,1412.0,992.0,7.0,71.1,0.7158,2004-03-13 04:00:00
13/03/2004,05:00:00,1.0,978.0,30.0,2.6,625.0,62.0,1420.0,65.0,1274.0,819.0,8.3,63.6,0.6982,2004-03-13 05:00:00
13/03/2004,06:00:00,1.2,1100.0,27.0,2.9,646.0,53.0,1406.0,60.0,1268.0,835.0,7.2,67.5,0.6887,2004-03-13 06:00:00
13/03/2004,07:00:00,1.5,1112.0,47.0,5.1,770.0,139.0,1228.0,77.0,1409.0,940.0,6.3,71.9,0.6932,2004-03-13 07:00:00
13/03/2004,08:00:00,2.7,1336.0,132.0,11.8,1043.0,256.0,935.0,96.0,1678.0,1192.0,6.5,71.6,0.6945,2004-03-13 08:00:00
13/03/2004,09:00:00,3.7,1408.0,239.0,15.1,1153.0,295.0,830.0,119.0,1777.0,1411.0,9.6,59.7,0.7124,2004-03-13 09:00:00
13/03/2004,10:00:00,3.2,1447.0,160.0,12.9,1081.0,250.0,869.0,126.0,1667.0,1465.0,12.4,51.2,0.7335,2004-03-13 10:00:00
13/03/2004,11:00:00,4.1,1542.0,283.0,16.1,1184.0,296.0,808.0,158.0,1780.0,1583.0,15.6,42.2,0.7451,2004-03-13 11:00:00
13/03/2004,12:00:00,3.6,1451.0,210.0,14.0,1117.0,239.0,875.0,161.0,1679.0,1387.0,18.4,33.8,0.709,2004-03-13 12:00:00
13/03/2004,13:00:00,2.8,1328.0,154.0,12.3,1059.0,153.0,987.0,124.0,1600.0,1101.0,19.4,31.3,0.695,2004-03-13 13:00:00
13/03/2004,14:00:00,2.0,1207.0,112.0,8.6,924.0,118.0,1088.0,102.0,1488.0,850.0,18.0,34.8,0.7127,2004-03-13 14:00:00
13/03/2004,15:00:00,2.0,1240.0,108.0,9.2,947.0,119.0,1049.0,116.0,1532.0,947.0,18.4,33.6,0.7042,2004-03-13 15:00:00
13/03/2004,16:00:00,2.5,1306.0,111.0,10.2,987.0,138.0,1004.0,124.0,1554.0,1078.0,17.6,35.1,0.7012,2004-03-13 16:00:00
13/03/2004,17:00:00,2.3,1326.0,97.0,10.6,1000.0,148.0,976.0,125.0,1602.0,1084.0,16.7,37.8,0.7117,2004-03-13 17:00:00
13/03/2004,18:00:00,3.2,1473.0,191.0,15.5,1163.0,227.0,831.0,148.0,1779.0,1395.0,16.1,41.0,0.7451,2004-03-13 18:00:00
13/03/2004,19:00:00,4.2,1609.0,258.0,19.6,1286.0,277.0,758.0,165.0,1922.0,1612.0,15.8,42.4,0.7569,2004-03-13 19:00:00
13/03/2004,20:00:00,4.2,1611.0,284.0,19.2,1274.0,279.0,754.0,161.0,1915.0,1697.0,15.7,44.1,0.7786,2004-03-13 20:00:00
13/03/2004,21:00:00,4.2,1621.0,269.0,18.3,1247.0,283.0,762.0,159.0,1860.0,1886.0,15.3,46.8,0.8091,2004-03-13 21:00:00
13/03/2004,22:00:00,3.1,1444.0,180.0,13.1,1089.0,214.0,844.0,143.0,1748.0,1624.0,14.6,48.6,0.806,2004-03-13 22:00:00
13/03/2004,23:00:00,2.6,1418.0,116.0,10.9,1010.0,172.0,892.0,130.0,1603.0,1536.0,14.7,49.3,0.8193,2004-03-13 23:00:00
14/03/2004,00:00:00,2.9,1534.0,93.0,11.0,1013.0,190.0,889.0,129.0,1611.0,1535.0,13.9,53.6,0.8498,2004-03-14 00:00:00
14/03/2004,01:00:00,2.8,1484.0,131.0,11.9,1045.0,174.0,880.0,119.0,1624.0,1530.0,14.6,51.5,0.8536,2004-03-14 01:00:00
14/03/2004,02:00:00,2.5,1367.0,92.0,8.6,925.0,128.0,953.0,104.0,1543.0,1337.0,12.5,58.9,0.8537,2004-03-14 02:00:00
14/03/2004,03:00:00,2.4,1344.0,132.0,9.7,968.0,-200.0,921.0,-200.0,1620.0,1278.0,11.6,63.4,0.8674,2004-03-14 03:00:00
14/03/2004,04:00:00,-200.0,1130.0,56.0,5.2,773.0,70.0,1130.0,82.0,1452.0,1051.0,12.1,61.1,0.8603,2004-03-14 04:00:00
14/03/2004,05:00:00,1.2,1062.0,32.0,3.7,691.0,53.0,1272.0,70.0,1377.0,929.0,11.5,63.1,0.8533,2004-03-14 05:00:00
14/03/2004,06:00:00,1.0,1076.0,29.0,2.5,618.0,44.0,1395.0,63.0,1333.0,872.0,11.6,62.2,0.8473,2004-03-14 06:00:00
14/03/2004,07:00:00,0.9,1028.0,27.0,2.4,615.0,74.0,1384.0,67.0,1340.0,853.0,10.4,67.6,0.853,2004-03-14 07:00:00
14/03/2004,08:00:00,1.4,1155.0,36.0,4.2,722.0,101.0,1225.0,84.0,1414.0,959.0,11.6,62.7,0.853,2004-03-14 08:00:00
14/03/2004,09:00:00,1.6,1235.0,57.0,6.4,828.0,118.0,1055.0,83.0,1527.0,1093.0,12.4,60.0,0.8627,2004-03-14 09:00:00
14/03/2004,10:00:00,2.2,1332.0,129.0,8.6,923.0,144.0,952.0,98.0,1614.0,1225.0,14.5,53.1,0.8728,2004-03-14 10:00:00
14/03/2004,11:00:00,2.8,1445.0,148.0,10.9,1009.0,176.0,878.0,114.0,1696.0,1355.0,16.9,46.1,0.8789,2004-03-14 11:00:00
14/03/2004,12:00:00,2.8,1416.0,145.0,10.7,1002.0,161.0,907.0,119.0,1677.0,1262.0,19.3,38.3,0.8474,2004-03-14 12:00:00
14/03/2004,13:00:00,2.0,1281.0,93.0,7.5,880.0,113.0,1084.0,104.0,1525.0,980.0,21.2,31.4,0.7812,2004-03-14 13:00:00
14/03/2004,14:00:00,1.8,1207.0,84.0,7.5,879.0,103.0,1104.0,102.0,1490.0,872.0,21.4,30.2,0.7616,2004-03-14 14:00:00
14/03/2004,15:00:00,1.9,1258.0,99.0,8.2,906.0,112.0,1081.0,107.0,1511.0,900.0,21.9,29.0,0.7525,2004-03-14 15:00:00
14/03/2004,16:00:00,3.0,1458.0,150.0,11.9,1045.0,170.0,974.0,129.0,1646.0,1099.0,22.2,28.4,0.7516,2004-03-14 16:00:00
14/03/2004,17:00:00,2.9,1438.0,156.0,12.0,1051.0,180.0,943.0,128.0,1668.0,1206.0,21.3,30.8,0.7696,2004-03-14 17:00:00
14/03/2004,18:00:00,2.5,1478.0,122.0,12.2,1055.0,160.0,929.0,121.0,1671.0,1262.0,19.7,36.7,0.8307,2004-03-14 18:00:00
14/03/2004,19:00:00,4.6,1808.0,262.0,20.6,1312.0,261.0,753.0,157.0,1993.0,1698.0,18.4,41.7,0.8732,2004-03-14 19:00:00
14/03/2004,20:00:00,5.9,1898.0,341.0,23.1,1381.0,325.0,681.0,173.0,2103.0,1905.0,17.6,46.1,0.921,2004-03-14 20:00:00
14/03/2004,21:00:00,3.4,1560.0,214.0,14.7,1140.0,217.0,784.0,146.0,1818.0,1648.0,16.7,49.6,0.932,2004-03-14 21:00:00
14/03/2004,22:00:00,2.1,1324.0,100.0,9.0,940.0,146.0,924.0,121.0,1587.0,1423.0,16.3,51.0,0.9341,2004-03-14 22:00:00
14/03/2004,23:00:00,2.2,1349.0,79.0,8.8,933.0,152.0,933.0,119.0,1617.0,1349.0,14.7,55.9,0.9314,2004-03-14 23:00:00
15/03/2004,00:00:00,1.8,1239.0,66.0,7.4,872.0,104.0,985.0,99.0,1547.0,1250.0,14.8,54.7,0.9164,2004-03-15 00:00:00
15/03/2004,01:00:00,1.8,1239.0,73.0,6.9,853.0,106.0,1010.0,93.0,1543.0,1174.0,14.0,57.0,0.9094,2004-03-15 01:00:00
15/03/2004,02:00:00,1.8,1224.0,66.0,7.0,855.0,108.0,998.0,88.0,1566.0,1149.0,13.4,61.3,0.9361,2004-03-15 02:00:00
15/03/2004,03:00:00,1.1,1078.0,44.0,4.4,734.0,-200.0,1128.0,-200.0,1487.0,1021.0,12.6,63.5,0.923,2004-03-15 03:00:00
15/03/2004,04:00:00,-200.0,1078.0,44.0,4.0,711.0,66.0,1150.0,71.0,1468.0,1013.0,12.3,65.4,0.9351,2004-03-15 04:00:00
15/03/2004,05:00:00,1.0,1075.0,39.0,3.9,703.0,88.0,1156.0,74.0,1464.0,1010.0,11.9,67.4,0.9375,2004-03-15 05:00:00
15/03/2004,06:00:00,1.4,1157.0,51.0,6.4,830.0,138.0,1030.0,80.0,1584.0,1083.0,11.4,70.5,0.9475,2004-03-15 06:00:00
15/03/2004,07:00:00,2.2,1314.0,107.0,9.7,966.0,228.0,897.0,89.0,1710.0,1235.0,11.3,70.2,0.9401,2004-03-15 07:00:00
15/03/2004,08:00:00,5.5,1797.0,336.0,25.9,1451.0,360.0,652.0,114.0,2323.0,1680.0,12.4,63.9,0.917,2004-03-15 08:00:00
15/03/2004,09:00:00,8.1,1961.0,618.0,36.7,1701.0,478.0,537.0,149.0,2665.0,2184.0,14.8,54.3,0.9076,2004-03-15 09:00:00
15/03/2004,10:00:00,5.8,1771.0,438.0,26.6,1470.0,394.0,622.0,157.0,2262.0,1973.0,17.4,45.6,0.8993,2004-03-15 10:00:00
15/03/2004,11:00:00,4.2,1564.0,334.0,20.1,1300.0,319.0,710.0,155.0,2029.0,1798.0,19.8,38.5,0.8801,2004-03-15 11:00:00
15/03/2004,12:00:00,3.1,1430.0,221.0,14.1,1120.0,201.0,831.0,134.0,1783.0,1522.0,22.0,34.1,0.8904,2004-03-15 12:00:00
15/03/2004,13:00:00,2.9,1417.0,207.0,14.9,1146.0,171.0,830.0,119.0,1831.0,1404.0,23.3,32.2,0.9096,2004-03-15 13:00:00
15/03/2004,14:00:00,2.9,1400.0,191.0,15.4,1162.0,159.0,838.0,111.0,1829.0,1263.0,23.9,30.0,0.8757,2004-03-15 14:00:00
15/03/2004,15:00:00,2.5,1317.0,185.0,12.1,1053.0,153.0,926.0,104.0,1707.0,1137.0,24.4,28.9,0.8736,2004-03-15 15:00:00
15/03/2004,16:00:00,2.3,1318.0,141.0,11.5,1033.0,143.0,950.0,99.0,1675.0,1068.0,24.4,29.4,0.8848,2004-03-15 16:00:00
15/03/2004,17:00:00,2.8,1445.0,214.0,14.8,1141.0,156.0,857.0,110.0,1824.0,1252.0,23.8,31.3,0.9137,2004-03-15 17:00:00
15/03/2004,18:00:00,6.1,1917.0,471.0,32.1,1601.0,314.0,631.0,162.0,2447.0,1843.0,22.5,35.4,0.9547,2004-03-15 18:00:00
15/03/2004,19:00:00,8.0,2040.0,685.0,39.2,1754.0,404.0,542.0,187.0,2679.0,2122.0,20.4,42.5,1.0086,2004-03-15 19:00:00
15/03/2004,20:00:00,6.5,1895.0,538.0,31.0,1573.0,320.0,565.0,165.0,2443.0,1992.0,18.3,52.6,1.0945,2004-03-15 20:00:00
15/03/2004,21:00:00,4.2,1595.0,319.0,19.9,1294.0,256.0,678.0,145.0,2058.0,1707.0,16.7,57.4,1.0786,2004-03-15 21:00:00
15/03/2004,22:00:00,3.2,1439.0,224.0,15.3,1159.0,193.0,764.0,125.0,1856.0,1494.0,15.7,60.2,1.0654,2004-03-15 22:00:00
15/03/2004,23:00:00,1.4,1142.0,67.0,6.9,852.0,89.0,1008.0,101.0,1547.0,1164.0,15.3,61.4,1.058,2004-03-15 23:00:00
16/03/2004,00:00:00,2.1,1304.0,155.0,11.1,1019.0,127.0,852.0,103.0,1731.0,1272.0,14.1,65.7,1.0494,2004-03-16 00:00:00
16/03/2004,01:00:00,1.2,1074.0,49.0,5.4,784.0,79.0,1098.0,88.0,1483.0,1040.0,14.8,60.6,1.0148,2004-03-16 01:00:00
16/03/2004,02:00:00,0.8,968.0,29.0,2.8,640.0,43.0,1320.0,61.0,1386.0,867.0,14.8,59.2,0.9879,2004-03-16 02:00:00
16/03/2004,03:00:00,0.7,929.0,25.0,2.3,608.0,-200.0,1376.0,-200.0,1364.0,826.0,13.6,62.1,0.9636,2004-03-16 03:00:00
16/03/2004,04:00:00,-200.0,941.0,25.0,2.6,626.0,59.0,1316.0,59.0,1373.0,840.0,12.3,66.2,0.945,2004-03-16 04:00:00
16/03/2004,05:00:00,0.6,937.0,17.0,2.0,585.0,38.0,1412.0,52.0,1348.0,793.0,12.8,63.2,0.9283,2004-03-16 05:00:00
16/03/2004,06:00:00,0.9,1017.0,27.0,3.5,681.0,82.0,1246.0,64.0,1418.0,870.0,11.2,68.5,0.9081,2004-03-16 06:00:00
16/03/2004,07:00:00,1.3,1171.0,50.0,5.1,770.0,99.0,1162.0,70.0,1467.0,930.0,11.0,66.5,0.8705,2004-03-16 07:00:00
16/03/2004,08:00:00,3.4,1541.0,218.0,16.2,1185.0,263.0,770.0,97.0,1889.0,1407.0,11.7,63.7,0.8719,2004-03-16 08:00:00
16/03/2004,09:00:00,3.7,1539.0,285.0,19.7,1287.0,229.0,698.0,95.0,2055.0,1507.0,13.6,56.3,0.8743,2004-03-16 09:00:00
16/03/2004,10:00:00,5.3,1735.0,437.0,25.1,1431.0,396.0,628.0,150.0,2211.0,1843.0,17.8,42.9,0.8672,2004-03-16 10:00:00
16/03/2004,11:00:00,4.1,1571.0,327.0,20.0,1297.0,314.0,730.0,162.0,1973.0,1729.0,21.4,33.3,0.8417,2004-03-16 11:00:00
16/03/2004,12:00:00,3.3,1452.0,283.0,18.3,1250.0,217.0,776.0,154.0,1868.0,1583.0,24.4,27.4,0.8231,2004-03-16 12:00:00
16/03/2004,13:00:00,4.0,1579.0,366.0,22.3,1359.0,252.0,724.0,161.0,1998.0,1671.0,25.3,26.1,0.8264,2004-03-16 13:00:00
16/03/2004,14:00:00,3.8,1466.0,318.0,20.4,1309.0,263.0,773.0,161.0,1897.0,1491.0,25.8,23.2,0.7589,2004-03-16 14:00:00
16/03/2004,15:00:00,2.8,1280.0,228.0,14.6,1136.0,180.0,893.0,128.0,1675.0,1240.0,27.0,20.2,0.7094,2004-03-16 15:00:00
16/03/2004,16:00:00,2.9,1407.0,201.0,16.6,1197.0,184.0,905.0,129.0,1759.0,1313.0,28.2,18.6,0.7014,2004-03-16 16:00:00
16/03/2004,17:00:00,2.9,1389.0,199.0,15.8,1173.0,190.0,898.0,133.0,1739.0,1363.0,28.0,19.1,0.7098,2004-03-16 17:00:00
16/03/2004,18:00:00,3.4,1447.0,237.0,17.8,1235.0,184.0,859.0,139.0,1778.0,1296.0,23.9,25.7,0.7519,2004-03-16 18:00:00
16/03/2004,19:00:00,3.9,1551.0,261.0,19.1,1271.0,181.0,800.0,137.0,1875.0,1432.0,21.3,34.8,0.873,2004-03-16 19:00:00
16/03/2004,20:00:00,3.2,1474.0,230.0,15.8,1173.0,166.0,854.0,143.0,1776.0,1432.0,20.4,36.7,0.8704,2004-03-16 20:00:00
16/03/2004,21:00:00,5.1,1800.0,349.0,24.9,1426.0,317.0,700.0,177.0,2106.0,2034.0,19.0,41.3,0.9007,2004-03-16 21:00:00
16/03/2004,22:00:00,2.6,1379.0,183.0,13.5,1101.0,184.0,818.0,138.0,1710.0,1602.0,17.9,45.9,0.9342,2004-03-16 22:00:00
16/03/2004,23:00:00,1.7,1201.0,88.0,9.1,943.0,130.0,935.0,117.0,1560.0,1362.0,16.7,48.9,0.9226,2004-03-16 23:00:00
17/03/2004,00:00:00,1.7,1205.0,85.0,8.6,925.0,132.0,922.0,107.0,1547.0,1314.0,15.5,52.9,0.9271,2004-03-17 00:00:00
17/03/2004,01:00:00,1.2,1072.0,47.0,5.4,784.0,95.0,1066.0,90.0,1442.0,1114.0,15.5,51.9,0.9059,2004-03-17 01:00:00
17/03/2004,02:00:00,0.9,998.0,34.0,4.1,714.0,70.0,1169.0,79.0,1383.0,992.0,14.1,55.6,0.891,2004-03-17 02:00:00
17/03/2004,03:00:00,0.7,933.0,26.0,2.6,625.0,-200.0,1292.0,-200.0,1332.0,884.0,13.1,57.9,0.8666,2004-03-17 03:00:00
17/03/2004,04:00:00,-200.0,883.0,17.0,1.9,577.0,54.0,1396.0,60.0,1303.0,808.0,12.7,57.9,0.8447,2004-03-17 04:00:00
17/03/2004,05:00:00,0.5,869.0,11.0,1.6,554.0,28.0,1460.0,40.0,1268.0,667.0,11.8,58.0,0.8026,2004-03-17 05:00:00
17/03/2004,06:00:00,0.5,891.0,18.0,1.9,576.0,46.0,1417.0,53.0,1289.0,733.0,11.9,57.4,0.7978,2004-03-17 06:00:00
17/03/2004,07:00:00,1.6,1173.0,84.0,7.5,878.0,160.0,1038.0,84.0,1556.0,1052.0,9.9,65.2,0.7956,2004-03-17 07:00:00
17/03/2004,08:00:00,4.1,1587.0,260.0,21.4,1334.0,320.0,702.0,108.0,1999.0,1534.0,11.1,60.2,0.7958,2004-03-17 08:00:00
17/03/2004,09:00:00,6.6,1852.0,534.0,36.4,1696.0,377.0,553.0,127.0,2535.0,1931.0,14.1,50.0,0.802,2004-03-17 09:00:00
17/03/2004,10:00:00,4.3,1522.0,368.0,21.3,1331.0,280.0,703.0,134.0,2026.0,1734.0,17.7,40.1,0.8048,2004-03-17 10:00:00
17/03/2004,11:00:00,2.9,1438.0,200.0,15.4,1161.0,221.0,819.0,135.0,1782.0,1595.0,21.1,33.4,0.8265,2004-03-17 11:00:00
17/03/2004,12:00:00,2.5,1393.0,145.0,12.5,1067.0,210.0,905.0,142.0,1654.0,1490.0,24.3,28.3,0.8471,2004-03-17 12:00:00
17/03/2004,13:00:00,2.8,1452.0,188.0,15.1,1152.0,204.0,861.0,153.0,1747.0,1508.0,25.6,25.6,0.8254,2004-03-17 13:00:00
17/03/2004,14:00:00,2.6,1389.0,152.0,13.7,1108.0,161.0,887.0,123.0,1712.0,1334.0,25.9,25.9,0.8503,2004-03-17 14:00:00
17/03/2004,15:00:00,2.0,1207.0,103.0,10.4,994.0,135.0,1013.0,104.0,1520.0,1045.0,26.8,18.7,0.65,2004-03-17 15:00:00
17/03/2004,16:00:00,2.9,1365.0,193.0,15.2,1154.0,186.0,940.0,129.0,1679.0,1221.0,29.3,15.8,0.6309,2004-03-17 16:00:00
17/03/2004,17:00:00,2.5,1247.0,134.0,12.3,1060.0,147.0,1032.0,114.0,1525.0,1069.0,28.5,14.9,0.5708,2004-03-17 17:00:00
17/03/2004,18:00:00,5.0,1557.0,386.0,27.0,1478.0,299.0,793.0,158.0,1981.0,1569.0,25.9,16.0,0.5237,2004-03-17 18:00:00
17/03/2004,19:00:00,7.6,1973.0,577.0,38.4,1737.0,411.0,617.0,194.0,2414.0,2306.0,23.1,26.5,0.7403,2004-03-17 19:00:00
17/03/2004,20:00:00,6.7,1975.0,523.0,35.1,1667.0,347.0,597.0,182.0,2416.0,2359.0,20.5,38.2,0.9133,2004-03-17 20:00:00
17/03/2004,21:00:00,5.7,1795.0,472.0,27.2,1485.0,336.0,653.0,180.0,2174.0,2050.0,19.1,42.6,0.9294,2004-03-17 21:00:00
17/03/2004,22:00:00,2.8,1444.0,206.0,15.0,1150.0,202.0,770.0,136.0,1727.0,1727.0,17.2,44.1,0.8558,2004-03-17 22:00:00
17/03/2004,23:00:00,2.6,1488.0,216.0,15.7,1171.0,178.0,731.0,127.0,1778.0,1705.0,16.0,50.9,0.9206,2004-03-17 23:00:00
18/03/2004,00:00:00,2.3,1371.0,159.0,13.0,1083.0,154.0,796.0,116.0,1669.0,1551.0,14.8,53.9,0.9024,2004-03-18 00:00:00
18/03/2004,01:00:00,1.4,1161.0,70.0,8.1,904.0,92.0,947.0,107.0,1502.0,1240.0,14.3,55.4,0.8975,2004-03-18 01:00:00
18/03/2004,02:00:00,1.0,1064.0,44.0,5.5,787.0,61.0,1057.0,88.0,1407.0,1115.0,14.8,52.1,0.8686,2004-03-18 02:00:00
18/03/2004,03:00:00,0.7,970.0,42.0,3.6,687.0,-200.0,1196.0,-200.0,1351.0,969.0,13.9,53.9,0.8501,2004-03-18 03:00:00
18/03/2004,04:00:00,-200.0,954.0,28.0,2.9,645.0,60.0,1260.0,78.0,1334.0,925.0,11.6,61.9,0.8442,2004-03-18 04:00:00
18/03/2004,05:00:00,0.6,931.0,20.0,2.5,623.0,37.0,1293.0,57.0,1307.0,828.0,12.0,58.9,0.8233,2004-03-18 05:00:00
18/03/2004,06:00:00,0.7,938.0,26.0,3.0,650.0,68.0,1251.0,71.0,1333.0,893.0,10.9,62.1,0.8113,2004-03-18 06:00:00
18/03/2004,07:00:00,1.5,1166.0,78.0,7.7,885.0,139.0,1005.0,85.0,1551.0,1075.0,10.6,63.3,0.8067,2004-03-18 07:00:00
18/03/2004,08:00:00,4.7,1643.0,319.0,23.3,1384.0,339.0,667.0,124.0,2094.0,1610.0,11.5,60.0,0.8117,2004-03-18 08:00:00
18/03/2004,09:00:00,6.6,1934.0,506.0,35.8,1682.0,421.0,541.0,151.0,2468.0,2051.0,14.3,50.6,0.8186,2004-03-18 09:00:00
18/03/2004,10:00:00,4.5,1617.0,-200.0,21.3,1333.0,349.0,686.0,150.0,2010.0,1819.0,17.8,40.5,0.821,2004-03-18 10:00:00
18/03/2004,11:00:00,2.8,1473.0,-200.0,14.3,1127.0,224.0,831.0,152.0,1752.0,1568.0,20.8,34.4,0.8365,2004-03-18 11:00:00
18/03/2004,12:00:00,2.2,1379.0,-200.0,12.5,1068.0,171.0,899.0,139.0,1663.0,1374.0,23.8,28.2,0.8219,2004-03-18 12:00:00
18/03/2004,13:00:00,2.2,1385.0,-200.0,12.2,1056.0,149.0,891.0,133.0,1648.0,1268.0,24.2,28.7,0.8515,2004-03-18 13:00:00
18/03/2004,14:00:00,2.3,1379.0,-200.0,13.1,1087.0,137.0,901.0,126.0,1660.0,1144.0,25.2,24.9,0.7829,2004-03-18 14:00:00
18/03/2004,15:00:00,2.2,1322.0,-200.0,14.4,1129.0,149.0,934.0,128.0,1639.0,1109.0,27.0,17.8,0.6275,2004-03-18 15:00:00
18/03/2004,16:00:00,2.8,1496.0,-200.0,16.8,1205.0,172.0,822.0,169.0,1767.0,1347.0,27.1,23.1,0.818,2004-03-18 16:00:00
18/03/2004,17:00:00,2.7,1409.0,-200.0,14.5,1131.0,166.0,873.0,149.0,1689.0,1206.0,25.8,23.9,0.7832,2004-03-18 17:00:00
18/03/2004,18:00:00,3.7,1513.0,-200.0,21.5,1338.0,214.0,764.0,156.0,1957.0,1397.0,23.0,26.8,0.7446,2004-03-18 18:00:00
18/03/2004,19:00:00,5.1,1667.0,-200.0,26.4,1464.0,280.0,683.0,168.0,2118.0,1588.0,20.7,31.1,0.7523,2004-03-18 19:00:00
18/03/2004,20:00:00,5.1,1667.0,-200.0,26.0,1453.0,276.0,684.0,176.0,2051.0,1569.0,18.6,36.2,0.7676,2004-03-18 20:00:00
18/03/2004,21:00:00,3.2,1430.0,-200.0,14.1,1121.0,178.0,814.0,135.0,1732.0,1322.0,16.0,48.4,0.8768,2004-03-18 21:00:00
18/03/2004,22:00:00,2.1,1333.0,-200.0,10.3,989.0,129.0,885.0,121.0,1621.0,1194.0,14.5,57.8,0.9456,2004-03-18 22:00:00
18/03/2004,23:00:00,1.7,1262.0,-200.0,8.3,911.0,95.0,948.0,99.0,1545.0,1062.0,13.1,64.2,0.9606,2004-03-18 23:00:00
19/03/2004,00:00:00,2.0,1287.0,-200.0,8.9,936.0,126.0,918.0,106.0,1606.0,1040.0,12.0,69.7,0.9735,2004-03-19 00:00:00
19/03/2004,01:00:00,1.6,1134.0,-200.0,6.6,840.0,103.0,1021.0,96.0,1501.0,917.0,11.9,71.1,0.9915,2004-03-19 01:00:00
19/03/2004,02:00:00,0.9,999.0,-200.0,3.6,688.0,48.0,1229.0,63.0,1380.0,594.0,12.5,69.3,1.0029,2004-03-19 02:00:00
19/03/2004,03:00:00,0.7,961.0,-200.0,2.5,622.0,-200.0,1382.0,-200.0,1301.0,430.0,12.5,67.5,0.9768,2004-03-19 03:00:00
19/03/2004,04:00:00,-200.0,934.0,-200.0,1.8,569.0,20.0,1440.0,32.0,1280.0,397.0,12.3,67.7,0.9665,2004-03-19 04:00:00
19/03/2004,05:00:00,0.5,913.0,-200.0,1.3,525.0,18.0,1620.0,28.0,1260.0,370.0,12.5,66.8,0.962,2004-03-19 05:00:00
19/03/2004,06:00:00,0.7,969.0,-200.0,2.3,607.0,56.0,1373.0,61.0,1324.0,438.0,12.3,66.3,0.9487,2004-03-19 06:00:00
19/03/2004,07:00:00,1.5,1182.0,-200.0,6.7,845.0,115.0,1054.0,99.0,1539.0,704.0,12.4,64.9,0.9332,2004-03-19 07:00:00
19/03/2004,08:00:00,4.8,1740.0,-200.0,22.8,1372.0,320.0,671.0,157.0,2144.0,1476.0,13.0,61.6,0.9209,2004-03-19 08:00:00
19/03/2004,09:00:00,6.2,1819.0,-200.0,31.3,1582.0,357.0,575.0,166.0,2456.0,1716.0,13.6,58.8,0.912,2004-03-19 09:00:00
19/03/2004,10:00:00,4.0,1427.0,-200.0,19.2,1275.0,253.0,701.0,149.0,1980.0,1398.0,13.9,57.1,0.9032,2004-03-19 10:00:00
19/03/2004,11:00:00,3.3,1390.0,-200.0,16.4,1191.0,218.0,759.0,135.0,1879.0,1268.0,14.5,54.4,0.8917,2004-03-19 11:00:00
19/03/2004,12:00:00,2.8,1283.0,-200.0,14.0,1117.0,192.0,813.0,127.0,1751.0,1188.0,15.5,50.1,0.8744,2004-03-19 12:00:00
19/03/2004,13:00:00,3.0,1304.0,-200.0,15.3,1157.0,176.0,793.0,122.0,1801.0,1171.0,16.1,47.6,0.8655,2004-03-19 13:00:00
19/03/2004,14:00:00,3.3,1364.0,-200.0,16.7,1202.0,198.0,771.0,135.0,1875.0,1250.0,16.3,47.1,0.864,2004-03-19 14:00:00
19/03/2004,15:00:00,3.5,1410.0,-200.0,19.0,1268.0,212.0,724.0,139.0,1957.0,1344.0,16.4,47.5,0.8791,2004-03-19 15:00:00
19/03/2004,16:00:00,4.0,1476.0,-200.0,19.4,1280.0,249.0,708.0,147.0,1955.0,1378.0,16.1,50.2,0.9094,2004-03-19 16:00:00
19/03/2004,17:00:00,4.6,1522.0,-200.0,20.9,1320.0,270.0,690.0,158.0,2005.0,1435.0,16.0,50.7,0.9142,2004-03-19 17:00:00
19/03/2004,18:00:00,4.1,1442.0,-200.0,20.2,1301.0,231.0,704.0,146.0,1952.0,1372.0,15.8,50.3,0.8989,2004-03-19 18:00:00
19/03/2004,19:00:00,4.5,1469.0,-200.0,21.7,1344.0,251.0,677.0,144.0,1997.0,1471.0,15.5,50.6,0.884,2004-03-19 19:00:00
19/03/2004,20:00:00,3.9,1467.0,-200.0,19.8,1292.0,210.0,698.0,138.0,1942.0,1439.0,15.4,51.4,0.8956,2004-03-19 20:00:00
19/03/2004,21:00:00,4.0,1421.0,-200.0,16.7,1202.0,249.0,748.0,143.0,1854.0,1429.0,15.2,53.1,0.9117,2004-03-19 21:00:00
19/03/2004,22:00:00,2.2,1175.0,-200.0,9.1,945.0,143.0,904.0,116.0,1604.0,1081.0,14.7,57.6,0.9573,2004-03-19 22:00:00
19/03/2004,23:00:00,2.1,1215.0,-200.0,8.3,912.0,127.0,948.0,109.0,1547.0,993.0,14.2,58.3,0.938,2004-03-19 23:00:00
20/03/2004,00:00:00,1.7,1127.0,-200.0,5.8,802.0,104.0,1064.0,92.0,1447.0,837.0,13.8,57.9,0.9085,2004-03-20 00:00:00
20/03/2004,01:00:00,1.6,1090.0,-200.0,5.2,773.0,86.0,1105.0,83.0,1429.0,761.0,13.9,55.9,0.8842,2004-03-20 01:00:00
20/03/2004,02:00:00,1.3,1017.0,-200.0,4.1,718.0,74.0,1182.0,81.0,1382.0,650.0,13.9,55.6,0.8765,2004-03-20 02:00:00
20/03/2004,03:00:00,1.3,997.0,-200.0,3.4,677.0,-200.0,1252.0,-200.0,1359.0,591.0,13.8,55.1,0.8666,2004-03-20 03:00:00
20/03/2004,04:00:00,-200.0,945.0,-200.0,2.9,646.0,44.0,1308.0,55.0,1332.0,505.0,13.8,54.6,0.8574,2004-03-20 04:00:00
20/03/2004,05:00:00,0.8,956.0,-200.0,3.1,661.0,42.0,1260.0,53.0,1351.0,518.0,13.6,55.1,0.856,2004-03-20 05:00:00
20/03/2004,06:00:00,0.8,966.0,-200.0,2.5,622.0,63.0,1317.0,67.0,1342.0,571.0,13.6,59.0,0.9129,2004-03-20 06:00:00
20/03/2004,07:00:00,1.1,1064.0,-200.0,4.3,728.0,115.0,1161.0,91.0,1461.0,842.0,13.5,58.4,0.896,2004-03-20 07:00:00
20/03/2004,08:00:00,2.1,1300.0,-200.0,8.9,935.0,170.0,902.0,113.0,1623.0,1145.0,13.8,58.0,0.9083,2004-03-20 08:00:00
20/03/2004,09:00:00,2.4,1348.0,-200.0,10.5,998.0,147.0,834.0,102.0,1689.0,1218.0,14.6,53.1,0.8765,2004-03-20 09:00:00
20/03/2004,10:00:00,2.6,1425.0,-200.0,12.5,1068.0,166.0,776.0,107.0,1764.0,1341.0,15.0,52.3,0.8881,2004-03-20 10:00:00
20/03/2004,11:00:00,2.8,1474.0,-200.0,12.3,1061.0,195.0,768.0,113.0,1768.0,1406.0,15.4,52.1,0.9046,2004-03-20 11:00:00
20/03/2004,12:00:00,2.6,1490.0,-200.0,11.7,1039.0,182.0,782.0,108.0,1757.0,1422.0,16.3,50.0,0.9158,2004-03-20 12:00:00
20/03/2004,13:00:00,2.6,1495.0,-200.0,11.7,1040.0,168.0,809.0,105.0,1735.0,1373.0,17.1,47.9,0.9281,2004-03-20 13:00:00
20/03/2004,14:00:00,2.1,1376.0,-200.0,9.3,953.0,125.0,900.0,93.0,1636.0,1153.0,19.0,42.9,0.937,2004-03-20 14:00:00
20/03/2004,15:00:00,1.7,1305.0,-200.0,7.6,884.0,95.0,980.0,87.0,1573.0,927.0,19.5,42.3,0.9476,2004-03-20 15:00:00
20/03/2004,16:00:00,1.6,1283.0,-200.0,6.7,844.0,79.0,1036.0,76.0,1539.0,766.0,19.5,42.3,0.9493,2004-03-20 16:00:00
20/03/2004,17:00:00,2.1,1392.0,-200.0,9.7,967.0,119.0,930.0,94.0,1649.0,941.0,19.1,43.8,0.9556,2004-03-20 17:00:00
20/03/2004,18:00:00,2.3,1452.0,-200.0,12.4,1063.0,142.0,856.0,110.0,1774.0,1146.0,18.5,46.3,0.9744,2004-03-20 18:00:00
20/03/2004,19:00:00,3.5,1633.0,-200.0,16.6,1199.0,215.0,734.0,136.0,1919.0,1417.0,17.4,51.6,1.0159,2004-03-20 19:00:00
20/03/2004,20:00:00,3.9,1625.0,-200.0,16.4,1191.0,229.0,733.0,139.0,1885.0,1442.0,17.1,51.3,0.9914,2004-03-20 20:00:00
20/03/2004,21:00:00,3.3,1535.0,-200.0,13.7,1108.0,206.0,785.0,125.0,1820.0,1323.0,16.4,53.8,0.9964,2004-03-20 21:00:00
20/03/2004,22:00:00,2.3,1323.0,-200.0,9.9,973.0,147.0,864.0,111.0,1712.0,1125.0,16.2,55.4,1.0132,2004-03-20 22:00:00
20/03/2004,23:00:00,2.1,1309.0,-200.0,8.9,937.0,122.0,905.0,97.0,1672.0,1036.0,15.9,57.7,1.0356,2004-03-20 23:00:00
21/03/2004,00:00:00,2.8,1456.0,-200.0,10.6,999.0,175.0,835.0,107.0,1714.0,1202.0,15.7,58.6,1.0396,2004-03-21 00:00:00
21/03/2004,01:00:00,2.1,1300.0,-200.0,7.4,872.0,133.0,941.0,90.0,1577.0,1054.0,15.1,60.9,1.0398,2004-03-21 01:00:00
21/03/2004,02:00:00,1.6,1203.0,-200.0,6.2,823.0,89.0,1004.0,84.0,1526.0,903.0,15.6,56.6,0.9951,2004-03-21 02:00:00
21/03/2004,03:00:00,1.6,1195.0,-200.0,6.5,836.0,-200.0,987.0,-200.0,1554.0,885.0,15.2,57.9,0.9941,2004-03-21 03:00:00
21/03/2004,04:00:00,-200.0,1117.0,-200.0,5.8,802.0,85.0,1029.0,87.0,1539.0,818.0,15.4,57.8,1.0021,2004-03-21 04:00:00
21/03/2004,05:00:00,1.1,1062.0,-200.0,4.0,711.0,55.0,1136.0,66.0,1461.0,700.0,14.9,60.6,1.0196,2004-03-21 05:00:00
21/03/2004,06:00:00,0.7,947.0,-200.0,2.1,594.0,24.0,1300.0,36.0,1390.0,580.0,14.5,63.0,1.0316,2004-03-21 06:00:00
21/03/2004,07:00:00,0.8,1065.0,-200.0,3.6,687.0,72.0,1143.0,62.0,1492.0,815.0,14.2,66.2,1.063,2004-03-21 07:00:00
21/03/2004,08:00:00,1.2,1155.0,-200.0,4.4,734.0,122.0,1062.0,91.0,1528.0,1035.0,14.5,65.3,1.0704,2004-03-21 08:00:00
21/03/2004,09:00:00,1.4,1220.0,-200.0,5.4,782.0,111.0,996.0,89.0,1560.0,1067.0,15.3,62.1,1.073,2004-03-21 09:00:00
21/03/2004,10:00:00,1.7,1301.0,-200.0,7.1,862.0,123.0,914.0,93.0,1633.0,1114.0,16.3,59.0,1.0868,2004-03-21 10:00:00
21/03/2004,11:00:00,1.8,1279.0,-200.0,7.3,870.0,106.0,911.0,81.0,1646.0,1000.0,18.9,49.6,1.07,2004-03-21 11:00:00
21/03/2004,12:00:00,1.8,1267.0,-200.0,7.6,883.0,103.0,953.0,82.0,1617.0,906.0,19.4,46.1,1.0249,2004-03-21 12:00:00
21/03/2004,13:00:00,1.9,1239.0,-200.0,6.8,848.0,102.0,981.0,80.0,1568.0,822.0,20.8,41.6,1.0091,2004-03-21 13:00:00
21/03/2004,14:00:00,1.3,1128.0,-200.0,4.6,742.0,48.0,1144.0,48.0,1507.0,610.0,21.4,40.3,1.0126,2004-03-21 14:00:00
21/03/2004,15:00:00,1.6,1243.0,-200.0,8.4,916.0,63.0,962.0,61.0,1669.0,657.0,21.2,39.3,0.9791,2004-03-21 15:00:00
21/03/2004,16:00:00,1.9,1208.0,-200.0,6.9,853.0,98.0,1060.0,89.0,1506.0,647.0,20.3,38.0,0.8942,2004-03-21 16:00:00
21/03/2004,17:00:00,2.3,1306.0,-200.0,9.0,938.0,132.0,961.0,105.0,1607.0,762.0,19.4,41.3,0.9206,2004-03-21 17:00:00
21/03/2004,18:00:00,3.8,1546.0,-200.0,15.1,1151.0,173.0,769.0,116.0,1874.0,1122.0,18.5,43.8,0.9252,2004-03-21 18:00:00
21/03/2004,19:00:00,3.5,1501.0,-200.0,12.6,1071.0,185.0,823.0,119.0,1744.0,1130.0,17.8,48.1,0.9689,2004-03-21 19:00:00
21/03/2004,20:00:00,4.3,1605.0,-200.0,15.1,1153.0,266.0,769.0,144.0,1840.0,1637.0,17.9,46.9,0.952,2004-03-21 20:00:00
21/03/2004,21:00:00,2.8,1316.0,-200.0,9.9,974.0,188.0,883.0,123.0,1673.0,1272.0,17.4,49.1,0.9688,2004-03-21 21:00:00
21/03/2004,22:00:00,1.9,1195.0,-200.0,8.0,898.0,122.0,933.0,105.0,1594.0,1098.0,17.0,51.7,0.9914,2004-03-21 22:00:00
21/03/2004,23:00:00,1.9,1211.0,-200.0,7.9,896.0,112.0,920.0,93.0,1624.0,1066.0,16.4,55.1,1.0198,2004-03-21 23:00:00
22/03/2004,00:00:00,1.7,1161.0,-200.0,6.1,815.0,93.0,995.0,86.0,1582.0,909.0,16.1,60.0,1.0919,2004-03-22 00:00:00
22/03/2004,01:00:00,1.5,1095.0,-200.0,5.1,767.0,74.0,1050.0,76.0,1547.0,818.0,15.8,60.5,1.0805,2004-03-22 01:00:00
22/03/2004,02:00:00,0.6,897.0,-200.0,1.7,563.0,23.0,1417.0,33.0,1355.0,472.0,16.3,57.0,1.0491,2004-03-22 02:00:00
22/03/2004,03:00:00,0.4,842.0,-200.0,0.7,468.0,-200.0,1813.0,-200.0,1274.0,394.0,16.9,53.9,1.0309,2004-03-22 03:00:00
22/03/2004,04:00:00,-200.0,854.0,-200.0,0.8,481.0,17.0,1756.0,27.0,1304.0,396.0,16.1,55.9,1.0153,2004-03-22 04:00:00
22/03/2004,05:00:00,0.3,845.0,-200.0,0.7,472.0,15.0,1786.0,23.0,1278.0,378.0,16.5,53.9,1.0049,2004-03-22 05:00:00
22/03/2004,06:00:00,0.6,942.0,-200.0,2.0,586.0,41.0,1480.0,46.0,1373.0,432.0,16.4,54.0,0.9979,2004-03-22 06:00:00
22/03/2004,07:00:00,1.2,1090.0,-200.0,5.1,768.0,86.0,1072.0,76.0,1538.0,699.0,15.7,57.6,1.0195,2004-03-22 07:00:00
22/03/2004,08:00:00,3.6,1514.0,-200.0,17.7,1230.0,226.0,732.0,116.0,1996.0,1252.0,15.8,53.7,0.9571,2004-03-22 08:00:00
22/03/2004,09:00:00,3.7,1379.0,-200.0,18.4,1252.0,214.0,711.0,115.0,1962.0,1237.0,17.4,42.1,0.8281,2004-03-22 09:00:00
22/03/2004,10:00:00,1.8,1074.0,-200.0,6.9,854.0,115.0,1032.0,83.0,1484.0,772.0,17.9,38.4,0.7793,2004-03-22 10:00:00
22/03/2004,11:00:00,1.6,1090.0,-200.0,7.3,868.0,124.0,1026.0,87.0,1509.0,766.0,18.5,36.7,0.7764,2004-03-22 11:00:00
22/03/2004,12:00:00,1.9,1110.0,-200.0,9.6,964.0,122.0,947.0,90.0,1577.0,829.0,21.0,29.6,0.7263,2004-03-22 12:00:00
22/03/2004,13:00:00,2.0,1102.0,-200.0,10.4,994.0,107.0,955.0,87.0,1599.0,783.0,21.3,28.1,0.7067,2004-03-22 13:00:00
22/03/2004,14:00:00,2.2,1100.0,-200.0,11.2,1021.0,133.0,952.0,99.0,1607.0,822.0,21.3,26.1,0.6539,2004-03-22 14:00:00
22/03/2004,15:00:00,2.1,1094.0,-200.0,10.7,1003.0,130.0,965.0,99.0,1574.0,813.0,21.3,26.8,0.6681,2004-03-22 15:00:00
22/03/2004,16:00:00,2.3,1076.0,451.0,11.6,1034.0,150.0,964.0,101.0,1544.0,813.0,21.3,24.2,0.606,2004-03-22 16:00:00
22/03/2004,17:00:00,2.6,1152.0,185.0,12.4,1062.0,138.0,928.0,103.0,1606.0,850.0,20.2,28.5,0.6682,2004-03-22 17:00:00
22/03/2004,18:00:00,3.8,1407.0,426.0,18.3,1249.0,213.0,720.0,129.0,1932.0,1276.0,17.0,43.1,0.8264,2004-03-22 18:00:00
22/03/2004,19:00:00,4.4,1438.0,672.0,21.0,1325.0,232.0,678.0,143.0,1993.0,1401.0,15.6,47.4,0.8347,2004-03-22 19:00:00
22/03/2004,20:00:00,4.5,1425.0,624.0,21.0,1325.0,238.0,678.0,146.0,1965.0,1356.0,15.3,47.4,0.8178,2004-03-22 20:00:00
22/03/2004,21:00:00,3.3,1279.0,325.0,14.5,1131.0,180.0,775.0,124.0,1758.0,1243.0,14.5,49.7,0.8177,2004-03-22 21:00:00
22/03/2004,22:00:00,2.0,1132.0,143.0,8.4,916.0,128.0,920.0,113.0,1561.0,1083.0,13.9,52.0,0.8231,2004-03-22 22:00:00
22/03/2004,23:00:00,1.1,1006.0,89.0,4.3,729.0,65.0,1142.0,80.0,1370.0,795.0,14.5,49.4,0.8106,2004-03-22 23:00:00
23/03/2004,00:00:00,0.9,982.0,73.0,3.8,700.0,53.0,1204.0,72.0,1359.0,735.0,13.8,51.4,0.8071,2004-03-23 00:00:00
23/03/2004,01:00:00,0.8,969.0,48.0,2.7,636.0,47.0,1271.0,64.0,1309.0,684.0,14.0,51.3,0.8163,2004-03-23 01:00:00
23/03/2004,02:00:00,0.7,941.0,47.0,2.5,621.0,51.0,1298.0,70.0,1330.0,714.0,13.0,56.8,0.8444,2004-03-23 02:00:00
23/03/2004,03:00:00,0.5,892.0,36.0,1.2,522.0,-200.0,1522.0,-200.0,1285.0,456.0,11.0,70.0,0.9215,2004-03-23 03:00:00
23/03/2004,04:00:00,-200.0,855.0,25.0,0.8,478.0,20.0,1701.0,31.0,1261.0,401.0,10.1,76.8,0.9483,2004-03-23 04:00:00
23/03/2004,05:00:00,0.3,834.0,19.0,0.6,459.0,13.0,1908.0,22.0,1212.0,361.0,8.8,80.5,0.9147,2004-03-23 05:00:00
23/03/2004,06:00:00,0.5,909.0,26.0,1.8,567.0,33.0,1542.0,47.0,1287.0,418.0,9.6,75.4,0.9004,2004-03-23 06:00:00
23/03/2004,07:00:00,1.1,1061.0,60.0,4.6,745.0,103.0,1178.0,88.0,1429.0,616.0,9.8,75.0,0.9093,2004-03-23 07:00:00
23/03/2004,08:00:00,3.0,1441.0,248.0,14.2,1124.0,224.0,851.0,130.0,1829.0,1089.0,10.0,74.2,0.9117,2004-03-23 08:00:00
23/03/2004,09:00:00,3.8,1498.0,535.0,21.0,1325.0,244.0,684.0,132.0,2095.0,1329.0,11.2,69.7,0.9232,2004-03-23 09:00:00
23/03/2004,10:00:00,3.4,1343.0,340.0,16.2,1185.0,237.0,760.0,132.0,1857.0,1311.0,12.0,62.9,0.8803,2004-03-23 10:00:00
23/03/2004,11:00:00,3.0,1308.0,325.0,15.5,1166.0,220.0,792.0,131.0,1794.0,1236.0,12.8,55.8,0.821,2004-03-23 11:00:00
23/03/2004,12:00:00,2.7,1209.0,267.0,13.4,1097.0,207.0,837.0,129.0,1746.0,1147.0,13.1,54.8,0.8234,2004-03-23 12:00:00
23/03/2004,13:00:00,3.5,1310.0,325.0,16.9,1207.0,208.0,770.0,132.0,1847.0,1301.0,13.8,53.4,0.8351,2004-03-23 13:00:00
23/03/2004,14:00:00,2.8,1171.0,268.0,12.4,1064.0,160.0,881.0,110.0,1639.0,1097.0,16.0,42.4,0.7674,2004-03-23 14:00:00
23/03/2004,15:00:00,1.9,1112.0,136.0,10.1,980.0,131.0,924.0,99.0,1589.0,900.0,14.1,49.8,0.7971,2004-03-23 15:00:00
23/03/2004,16:00:00,2.0,1132.0,118.0,8.7,927.0,128.0,944.0,100.0,1570.0,781.0,12.0,61.1,0.8537,2004-03-23 16:00:00
23/03/2004,17:00:00,3.0,1225.0,276.0,13.8,1111.0,176.0,818.0,122.0,1719.0,1013.0,13.6,54.6,0.8465,2004-03-23 17:00:00
23/03/2004,18:00:00,1.9,1065.0,151.0,9.3,953.0,107.0,962.0,97.0,1514.0,790.0,13.7,49.5,0.7695,2004-03-23 18:00:00
23/03/2004,19:00:00,2.7,1236.0,236.0,13.0,1084.0,131.0,854.0,112.0,1688.0,1059.0,11.7,57.1,0.7822,2004-03-23 19:00:00
23/03/2004,20:00:00,3.3,1309.0,220.0,14.3,1126.0,166.0,812.0,128.0,1722.0,1205.0,11.5,58.2,0.7867,2004-03-23 20:00:00
23/03/2004,21:00:00,1.7,1089.0,87.0,7.6,884.0,89.0,1006.0,101.0,1487.0,975.0,12.6,54.2,0.7881,2004-03-23 21:00:00
23/03/2004,22:00:00,1.3,1000.0,81.0,5.3,776.0,81.0,1141.0,96.0,1375.0,896.0,12.0,54.9,0.7664,2004-03-23 22:00:00
23/03/2004,23:00:00,1.3,1041.0,74.0,5.4,782.0,78.0,1105.0,86.0,1425.0,911.0,11.0,61.4,0.8057,2004-03-23 23:00:00
24/03/2004,00:00:00,1.2,1045.0,55.0,4.9,756.0,70.0,1137.0,85.0,1411.0,902.0,11.1,62.2,0.8199,2004-03-24 00:00:00
24/03/2004,01:00:00,1.1,997.0,74.0,4.6,744.0,76.0,1151.0,79.0,1405.0,832.0,10.8,62.5,0.8082,2004-03-24 01:00:00
24/03/2004,02:00:00,0.9,948.0,35.0,2.7,634.0,43.0,1320.0,61.0,1326.0,715.0,11.3,60.0,0.8025,2004-03-24 02:00:00
24/03/2004,03:00:00,0.6,878.0,29.0,1.6,551.0,-200.0,1493.0,-200.0,1272.0,683.0,10.6,61.6,0.7856,2004-03-24 03:00:00
24/03/2004,04:00:00,-200.0,908.0,29.0,1.7,559.0,44.0,1477.0,66.0,1287.0,721.0,10.2,62.7,0.7813,2004-03-24 04:00:00
24/03/2004,05:00:00,0.6,892.0,20.0,1.2,522.0,34.0,1572.0,54.0,1255.0,648.0,10.9,58.6,0.7628,2004-03-24 05:00:00
24/03/2004,06:00:00,0.8,954.0,32.0,1.7,561.0,43.0,1496.0,57.0,1255.0,612.0,10.8,57.2,0.7382,2004-03-24 06:00:00
24/03/2004,07:00:00,1.2,1045.0,84.0,4.8,751.0,79.0,1186.0,75.0,1403.0,800.0,10.4,59.2,0.7455,2004-03-24 07:00:00
24/03/2004,08:00:00,3.1,1383.0,245.0,13.8,1109.0,174.0,832.0,97.0,1706.0,1173.0,11.0,57.3,0.7501,2004-03-24 08:00:00
24/03/2004,09:00:00,4.4,1597.0,553.0,23.7,1395.0,235.0,652.0,110.0,2080.0,1519.0,11.2,56.9,0.7565,2004-03-24 09:00:00
24/03/2004,10:00:00,3.4,1318.0,450.0,14.2,1124.0,218.0,762.0,113.0,1770.0,1287.0,12.1,54.9,0.7734,2004-03-24 10:00:00
24/03/2004,11:00:00,1.7,1138.0,118.0,8.0,898.0,136.0,950.0,88.0,1505.0,966.0,15.1,44.3,0.7535,2004-03-24 11:00:00
24/03/2004,12:00:00,1.5,1098.0,118.0,6.7,842.0,117.0,1012.0,85.0,1440.0,828.0,15.6,40.6,0.7146,2004-03-24 12:00:00
24/03/2004,13:00:00,1.7,1118.0,144.0,8.7,927.0,119.0,959.0,96.0,1477.0,825.0,16.9,34.6,0.6597,2004-03-24 13:00:00
24/03/2004,14:00:00,2.2,1170.0,159.0,10.8,1009.0,126.0,879.0,106.0,1566.0,872.0,16.6,35.6,0.6697,2004-03-24 14:00:00
24/03/2004,15:00:00,-200.0,1112.0,122.0,6.7,842.0,100.0,1015.0,91.0,1494.0,680.0,11.3,63.9,0.8554,2004-03-24 15:00:00
24/03/2004,16:00:00,2.7,1390.0,230.0,11.4,1028.0,197.0,829.0,126.0,1730.0,1002.0,9.6,81.1,0.972,2004-03-24 16:00:00
24/03/2004,17:00:00,2.8,1353.0,320.0,13.4,1096.0,195.0,774.0,130.0,1783.0,1159.0,11.7,69.1,0.9497,2004-03-24 17:00:00
24/03/2004,18:00:00,2.7,1260.0,263.0,12.0,1050.0,156.0,828.0,111.0,1722.0,979.0,10.7,68.5,0.8794,2004-03-24 18:00:00
24/03/2004,19:00:00,4.5,1501.0,556.0,20.2,1302.0,247.0,681.0,134.0,2008.0,1311.0,10.7,67.3,0.8643,2004-03-24 19:00:00
24/03/2004,20:00:00,3.5,1273.0,458.0,14.4,1130.0,190.0,795.0,136.0,1744.0,1071.0,10.8,65.7,0.8486,2004-03-24 20:00:00
24/03/2004,21:00:00,2.6,1179.0,214.0,9.4,955.0,169.0,928.0,125.0,1571.0,899.0,10.3,66.3,0.8336,2004-03-24 21:00:00
24/03/2004,22:00:00,1.7,1047.0,97.0,5.9,809.0,118.0,1064.0,108.0,1435.0,766.0,10.1,66.9,0.8248,2004-03-24 22:00:00
24/03/2004,23:00:00,1.3,973.0,79.0,4.5,739.0,81.0,1186.0,87.0,1354.0,589.0,10.4,61.1,0.7717,2004-03-24 23:00:00
25/03/2004,00:00:00,1.3,997.0,81.0,4.5,737.0,80.0,1168.0,89.0,1341.0,631.0,10.3,59.9,0.7516,2004-03-25 00:00:00
25/03/2004,01:00:00,1.0,970.0,52.0,2.5,621.0,42.0,1400.0,58.0,1249.0,479.0,11.0,58.4,0.7686,2004-03-25 01:00:00
25/03/2004,02:00:00,0.7,902.0,38.0,1.8,568.0,38.0,1450.0,54.0,1253.0,479.0,9.1,68.1,0.789,2004-03-25 02:00:00
25/03/2004,03:00:00,0.7,921.0,35.0,1.4,538.0,-200.0,1564.0,-200.0,1224.0,417.0,9.5,68.2,0.8091,2004-03-25 03:00:00
25/03/2004,04:00:00,0.5,858.0,29.0,0.9,490.0,18.0,1707.0,28.0,1212.0,378.0,9.3,72.3,0.8496,2004-03-25 04:00:00
25/03/2004,05:00:00,0.5,878.0,21.0,0.6,457.0,12.0,1935.0,20.0,1158.0,344.0,9.9,66.8,0.8152,2004-03-25 05:00:00
25/03/2004,06:00:00,0.6,893.0,46.0,1.4,540.0,43.0,1604.0,51.0,1268.0,413.0,7.6,83.2,0.8695,2004-03-25 06:00:00
25/03/2004,07:00:00,1.1,1038.0,55.0,3.8,697.0,84.0,1260.0,82.0,1383.0,605.0,8.1,79.0,0.8544,2004-03-25 07:00:00
25/03/2004,08:00:00,2.7,1320.0,271.0,11.6,1035.0,184.0,902.0,112.0,1721.0,991.0,8.7,74.6,0.8429,2004-03-25 08:00:00
25/03/2004,09:00:00,3.5,1353.0,434.0,17.8,1235.0,202.0,740.0,119.0,1937.0,1175.0,8.6,75.1,0.8415,2004-03-25 09:00:00
25/03/2004,10:00:00,2.3,1133.0,300.0,8.8,933.0,133.0,969.0,99.0,1552.0,923.0,9.7,69.7,0.8389,2004-03-25 10:00:00
25/03/2004,11:00:00,1.6,1066.0,116.0,6.8,849.0,130.0,1039.0,98.0,1468.0,829.0,11.0,64.4,0.8447,2004-03-25 11:00:00
25/03/2004,12:00:00,1.3,1027.0,95.0,5.9,809.0,106.0,1081.0,88.0,1442.0,733.0,13.6,53.0,0.8209,2004-03-25 12:00:00
25/03/2004,13:00:00,2.0,1106.0,211.0,8.9,935.0,132.0,958.0,96.0,1570.0,819.0,14.2,48.4,0.778,2004-03-25 13:00:00
25/03/2004,14:00:00,1.9,1038.0,168.0,8.2,907.0,106.0,976.0,81.0,1492.0,723.0,14.2,46.3,0.7438,2004-03-25 14:00:00
25/03/2004,15:00:00,1.9,1084.0,154.0,8.6,924.0,125.0,986.0,92.0,1501.0,786.0,16.0,41.3,0.7462,2004-03-25 15:00:00
25/03/2004,16:00:00,2.2,1105.0,267.0,10.1,982.0,138.0,939.0,105.0,1545.0,850.0,17.7,35.4,0.7094,2004-03-25 16:00:00
25/03/2004,17:00:00,2.0,1102.0,143.0,9.4,957.0,120.0,968.0,88.0,1527.0,820.0,17.1,37.4,0.7225,2004-03-25 17:00:00
25/03/2004,18:00:00,2.9,1240.0,374.0,14.6,1137.0,158.0,836.0,103.0,1748.0,991.0,14.9,40.5,0.6835,2004-03-25 18:00:00
25/03/2004,19:00:00,5.2,1443.0,797.0,24.6,1418.0,253.0,666.0,141.0,2060.0,1454.0,13.4,47.8,0.7293,2004-03-25 19:00:00
25/03/2004,20:00:00,4.6,1389.0,698.0,21.6,1341.0,231.0,692.0,133.0,1982.0,1488.0,12.6,52.5,0.7642,2004-03-25 20:00:00
25/03/2004,21:00:00,2.5,1183.0,234.0,10.3,989.0,150.0,904.0,119.0,1539.0,1205.0,12.2,53.2,0.7555,2004-03-25 21:00:00
25/03/2004,22:00:00,1.5,1014.0,104.0,5.7,798.0,99.0,1083.0,106.0,1376.0,909.0,10.6,56.1,0.714,2004-03-25 22:00:00
25/03/2004,23:00:00,1.2,979.0,67.0,4.5,736.0,75.0,1154.0,92.0,1324.0,769.0,9.9,59.5,0.7276,2004-03-25 23:00:00
26/03/2004,00:00:00,1.7,1048.0,88.0,5.5,787.0,93.0,1098.0,97.0,1373.0,835.0,9.6,61.1,0.7323,2004-03-26 00:00:00
26/03/2004,01:00:00,1.4,1024.0,79.0,4.8,753.0,79.0,1131.0,91.0,1357.0,793.0,9.7,61.6,0.7425,2004-03-26 01:00:00
26/03/2004,02:00:00,1.2,974.0,61.0,3.6,690.0,67.0,1208.0,83.0,1313.0,733.0,9.4,62.6,0.7398,2004-03-26 02:00:00
26/03/2004,03:00:00,0.6,862.0,43.0,1.7,561.0,-200.0,1449.0,-200.0,1219.0,502.0,8.2,68.5,0.7455,2004-03-26 03:00:00
26/03/2004,04:00:00,0.7,925.0,40.0,2.2,602.0,45.0,1398.0,59.0,1263.0,562.0,8.0,69.4,0.7459,2004-03-26 04:00:00
26/03/2004,05:00:00,0.8,952.0,52.0,3.0,654.0,72.0,1210.0,73.0,1312.0,832.0,7.7,72.4,0.7655,2004-03-26 05:00:00
26/03/2004,06:00:00,0.9,1005.0,64.0,4.0,713.0,103.0,1130.0,78.0,1363.0,924.0,8.0,71.8,0.7711,2004-03-26 06:00:00
26/03/2004,07:00:00,1.6,1122.0,88.0,6.7,842.0,132.0,1015.0,90.0,1438.0,974.0,8.5,66.3,0.7375,2004-03-26 07:00:00
26/03/2004,08:00:00,3.4,1351.0,375.0,16.7,1201.0,239.0,783.0,110.0,1828.0,1307.0,9.8,59.6,0.7214,2004-03-26 08:00:00
26/03/2004,09:00:00,3.8,1408.0,592.0,19.3,1278.0,275.0,682.0,114.0,1928.0,1481.0,11.2,57.0,0.7544,2004-03-26 09:00:00
26/03/2004,10:00:00,3.1,1304.0,357.0,14.8,1142.0,232.0,772.0,119.0,1747.0,1405.0,14.8,44.1,0.7407,2004-03-26 10:00:00
26/03/2004,11:00:00,2.7,1207.0,296.0,13.4,1098.0,180.0,826.0,121.0,1664.0,1195.0,16.8,35.3,0.6729,2004-03-26 11:00:00
26/03/2004,12:00:00,2.0,1099.0,181.0,11.0,1014.0,112.0,948.0,97.0,1503.0,868.0,19.2,27.1,0.5976,2004-03-26 12:00:00
26/03/2004,13:00:00,2.3,1106.0,211.0,12.5,1068.0,116.0,915.0,99.0,1535.0,874.0,19.1,26.2,0.5741,2004-03-26 13:00:00
26/03/2004,14:00:00,1.9,1009.0,199.0,8.4,916.0,103.0,1015.0,85.0,1391.0,738.0,16.3,30.8,0.5683,2004-03-26 14:00:00
26/03/2004,15:00:00,1.3,962.0,81.0,5.3,776.0,89.0,1152.0,75.0,1279.0,550.0,14.2,36.8,0.5922,2004-03-26 15:00:00
26/03/2004,16:00:00,1.9,1093.0,143.0,8.8,933.0,112.0,976.0,87.0,1454.0,777.0,13.4,41.0,0.6292,2004-03-26 16:00:00
26/03/2004,17:00:00,2.3,1180.0,247.0,11.2,1023.0,127.0,886.0,102.0,1588.0,966.0,14.2,43.3,0.6982,2004-03-26 17:00:00
26/03/2004,18:00:00,2.4,1168.0,239.0,11.6,1037.0,125.0,868.0,105.0,1580.0,990.0,12.1,45.6,0.6403,2004-03-26 18:00:00
26/03/2004,19:00:00,2.7,1168.0,267.0,12.4,1063.0,120.0,876.0,98.0,1540.0,944.0,10.4,48.0,0.6046,2004-03-26 19:00:00
26/03/2004,20:00:00,2.6,1140.0,261.0,10.6,1000.0,120.0,916.0,93.0,1490.0,962.0,10.0,51.1,0.628,2004-03-26 20:00:00
26/03/2004,21:00:00,1.5,1001.0,97.0,6.0,811.0,99.0,1097.0,91.0,1308.0,778.0,9.8,50.8,0.6172,2004-03-26 21:00:00
26/03/2004,22:00:00,1.2,953.0,66.0,4.6,743.0,79.0,1185.0,85.0,1252.0,690.0,9.7,50.4,0.6063,2004-03-26 22:00:00
26/03/2004,23:00:00,1.1,972.0,60.0,4.1,715.0,66.0,1237.0,74.0,1258.0,644.0,9.9,50.2,0.6103,2004-03-26 23:00:00
27/03/2004,00:00:00,1.5,1021.0,77.0,5.2,776.0,94.0,1144.0,87.0,1307.0,753.0,9.4,53.4,0.63,2004-03-27 00:00:00
27/03/2004,01:00:00,1.0,940.0,57.0,3.2,664.0,70.0,1290.0,79.0,1232.0,646.0,8.6,57.8,0.6488,2004-03-27 01:00:00
27/03/2004,02:00:00,1.2,1046.0,65.0,4.5,736.0,75.0,1142.0,78.0,1312.0,838.0,8.1,62.1,0.6746,2004-03-27 02:00:00
27/03/2004,03:00:00,1.1,1026.0,59.0,3.8,699.0,-200.0,1191.0,-200.0,1292.0,851.0,7.9,63.5,0.6777,2004-03-27 03:00:00
27/03/2004,04:00:00,-200.0,983.0,48.0,3.8,698.0,57.0,1209.0,63.0,1296.0,801.0,7.4,64.8,0.6683,2004-03-27 04:00:00
27/03/2004,05:00:00,0.8,915.0,27.0,1.9,578.0,32.0,1417.0,48.0,1212.0,665.0,8.2,58.9,0.6444,2004-03-27 05:00:00
27/03/2004,06:00:00,0.9,935.0,25.0,2.4,615.0,54.0,1373.0,59.0,1250.0,717.0,6.3,66.6,0.641,2004-03-27 06:00:00
27/03/2004,07:00:00,1.1,976.0,42.0,3.3,669.0,68.0,1270.0,65.0,1266.0,795.0,7.2,62.9,0.6396,2004-03-27 07:00:00
27/03/2004,08:00:00,1.5,1124.0,78.0,6.7,842.0,98.0,1050.0,71.0,1418.0,936.0,7.2,63.9,0.65,2004-03-27 08:00:00
27/03/2004,09:00:00,1.8,1163.0,128.0,8.5,919.0,128.0,922.0,84.0,1530.0,1076.0,11.1,50.5,0.6654,2004-03-27 09:00:00
27/03/2004,10:00:00,2.1,1167.0,184.0,9.7,966.0,129.0,942.0,93.0,1520.0,1016.0,15.5,36.1,0.6313,2004-03-27 10:00:00
27/03/2004,11:00:00,2.1,1121.0,156.0,9.4,955.0,130.0,992.0,99.0,1451.0,834.0,17.8,29.2,0.592,2004-03-27 11:00:00
27/03/2004,12:00:00,1.9,1071.0,176.0,9.0,940.0,111.0,994.0,93.0,1449.0,756.0,17.6,30.1,0.6013,2004-03-27 12:00:00
27/03/2004,13:00:00,2.1,1065.0,232.0,10.0,979.0,106.0,950.0,96.0,1467.0,766.0,19.1,26.8,0.5861,2004-03-27 13:00:00
27/03/2004,14:00:00,2.5,1157.0,305.0,12.6,1072.0,137.0,888.0,114.0,1596.0,905.0,17.7,28.6,0.5735,2004-03-27 14:00:00
27/03/2004,15:00:00,1.9,1046.0,150.0,7.6,883.0,113.0,1051.0,101.0,1357.0,765.0,17.8,28.4,0.5737,2004-03-27 15:00:00
27/03/2004,16:00:00,2.2,1147.0,188.0,11.8,1042.0,122.0,934.0,108.0,1538.0,830.0,18.7,26.0,0.5555,2004-03-27 16:00:00
27/03/2004,17:00:00,2.3,1119.0,221.0,11.2,1022.0,137.0,916.0,117.0,1508.0,853.0,17.1,31.3,0.6038,2004-03-27 17:00:00
27/03/2004,18:00:00,2.7,1210.0,219.0,12.4,1062.0,165.0,886.0,125.0,1586.0,981.0,15.8,36.1,0.644,2004-03-27 18:00:00
27/03/2004,19:00:00,3.0,1306.0,306.0,12.9,1079.0,196.0,827.0,133.0,1621.0,1286.0,14.7,40.1,0.6657,2004-03-27 19:00:00
27/03/2004,20:00:00,2.8,1258.0,270.0,12.2,1057.0,174.0,841.0,119.0,1633.0,1244.0,13.6,44.9,0.6991,2004-03-27 20:00:00
27/03/2004,21:00:00,2.2,1148.0,231.0,8.8,930.0,140.0,948.0,107.0,1475.0,1056.0,12.5,48.1,0.6946,2004-03-27 21:00:00
27/03/2004,22:00:00,1.6,1108.0,125.0,6.8,848.0,102.0,1023.0,96.0,1421.0,1003.0,11.8,50.8,0.7042,2004-03-27 22:00:00
27/03/2004,23:00:00,2.1,1231.0,122.0,8.6,924.0,130.0,906.0,105.0,1483.0,1245.0,10.9,56.1,0.7326,2004-03-27 23:00:00
28/03/2004,00:00:00,2.3,1293.0,161.0,8.9,937.0,121.0,930.0,102.0,1464.0,1200.0,10.9,55.9,0.7277,2004-03-28 00:00:00
28/03/2004,01:00:00,2.3,1274.0,101.0,8.3,912.0,111.0,939.0,97.0,1451.0,1188.0,10.3,58.1,0.7278,2004-03-28 01:00:00
28/03/2004,02:00:00,1.7,1135.0,95.0,6.3,827.0,87.0,1013.0,79.0,1395.0,1070.0,9.3,62.2,0.7294,2004-03-28 02:00:00
28/03/2004,03:00:00,2.2,1151.0,129.0,8.3,911.0,-200.0,935.0,-200.0,1501.0,1075.0,8.2,66.7,0.7276,2004-03-28 03:00:00
28/03/2004,04:00:00,1.3,1010.0,96.0,5.1,769.0,77.0,1110.0,69.0,1396.0,895.0,8.3,64.9,0.7124,2004-03-28 04:00:00
28/03/2004,05:00:00,0.8,870.0,54.0,2.6,626.0,39.0,1325.0,52.0,1284.0,755.0,9.6,58.5,0.7,2004-03-28 05:00:00
28/03/2004,06:00:00,1.1,983.0,63.0,3.6,688.0,77.0,1251.0,62.0,1342.0,806.0,7.7,66.4,0.699,2004-03-28 06:00:00
28/03/2004,07:00:00,1.4,995.0,72.0,3.6,691.0,91.0,1219.0,69.0,1321.0,836.0,7.4,68.0,0.7043,2004-03-28 07:00:00
28/03/2004,08:00:00,1.3,1024.0,91.0,4.7,747.0,105.0,1136.0,75.0,1382.0,897.0,9.7,58.6,0.7035,2004-03-28 08:00:00
28/03/2004,09:00:00,1.9,1163.0,127.0,7.5,880.0,133.0,959.0,83.0,1486.0,1073.0,12.5,50.1,0.7242,2004-03-28 09:00:00
28/03/2004,10:00:00,2.3,1218.0,193.0,9.0,938.0,128.0,918.0,94.0,1501.0,1088.0,16.8,36.9,0.7018,2004-03-28 10:00:00
28/03/2004,11:00:00,2.3,1210.0,188.0,9.5,958.0,126.0,933.0,96.0,1514.0,1036.0,19.2,31.3,0.6887,2004-03-28 11:00:00
28/03/2004,12:00:00,1.8,1114.0,151.0,7.7,887.0,92.0,1020.0,86.0,1438.0,768.0,21.3,26.4,0.6607,2004-03-28 12:00:00
28/03/2004,13:00:00,1.4,995.0,103.0,5.7,796.0,66.0,1159.0,72.0,1287.0,587.0,21.2,23.1,0.5768,2004-03-28 13:00:00
28/03/2004,14:00:00,1.0,927.0,55.0,3.8,700.0,50.0,1285.0,53.0,1189.0,452.0,18.6,25.0,0.5319,2004-03-28 14:00:00
28/03/2004,15:00:00,1.4,1002.0,104.0,4.8,754.0,70.0,1189.0,65.0,1260.0,470.0,18.0,27.3,0.5594,2004-03-28 15:00:00
28/03/2004,16:00:00,1.3,987.0,116.0,4.3,727.0,73.0,1213.0,70.0,1244.0,502.0,18.2,28.3,0.5848,2004-03-28 16:00:00
28/03/2004,17:00:00,1.3,993.0,93.0,4.1,714.0,77.0,1217.0,75.0,1238.0,516.0,17.0,31.4,0.6048,2004-03-28 17:00:00
28/03/2004,18:00:00,1.4,1012.0,93.0,4.7,746.0,86.0,1174.0,86.0,1301.0,555.0,15.6,35.0,0.617,2004-03-28 18:00:00
28/03/2004,19:00:00,1.9,1114.0,155.0,6.2,823.0,93.0,1068.0,94.0,1357.0,671.0,14.1,40.2,0.6438,2004-03-28 19:00:00
28/03/2004,20:00:00,1.8,1093.0,115.0,5.5,789.0,105.0,1102.0,103.0,1329.0,788.0,13.4,43.2,0.6623,2004-03-28 20:00:00
28/03/2004,21:00:00,1.1,968.0,75.0,3.3,669.0,67.0,1261.0,81.0,1246.0,538.0,12.3,46.8,0.6686,2004-03-28 21:00:00
28/03/2004,22:00:00,1.1,960.0,65.0,3.2,666.0,63.0,1266.0,80.0,1224.0,544.0,11.9,46.5,0.6449,2004-03-28 22:00:00
28/03/2004,23:00:00,1.1,942.0,57.0,2.9,648.0,63.0,1300.0,77.0,1204.0,500.0,11.5,46.6,0.6319,2004-03-28 23:00:00
29/03/2004,00:00:00,0.9,888.0,40.0,2.2,598.0,46.0,1396.0,58.0,1156.0,417.0,10.6,48.0,0.6135,2004-03-29 00:00:00
29/03/2004,01:00:00,0.6,818.0,27.0,1.3,524.0,21.0,1588.0,31.0,1071.0,341.0,10.7,45.8,0.5895,2004-03-29 01:00:00
29/03/2004,02:00:00,0.5,840.0,23.0,1.1,509.0,22.0,1643.0,38.0,1076.0,352.0,10.4,46.6,0.5901,2004-03-29 02:00:00
29/03/2004,03:00:00,0.7,894.0,28.0,1.3,524.0,-200.0,1557.0,-200.0,1095.0,397.0,10.1,47.8,0.5913,2004-03-29 03:00:00
29/03/2004,04:00:00,0.6,864.0,21.0,1.2,516.0,39.0,1496.0,59.0,1153.0,502.0,11.3,46.9,0.628,2004-03-29 04:00:00
29/03/2004,05:00:00,0.7,898.0,33.0,1.7,559.0,55.0,1441.0,70.0,1180.0,648.0,10.1,51.2,0.6341,2004-03-29 05:00:00
29/03/2004,06:00:00,0.9,946.0,40.0,2.9,643.0,76.0,1309.0,75.0,1232.0,760.0,9.9,50.7,0.6167,2004-03-29 06:00:00
29/03/2004,07:00:00,2.9,1309.0,279.0,14.3,1125.0,181.0,844.0,103.0,1687.0,1183.0,8.1,56.8,0.615,2004-03-29 07:00:00
29/03/2004,08:00:00,4.1,1326.0,743.0,19.7,1289.0,259.0,714.0,134.0,1806.0,1431.0,10.9,44.1,0.5748,2004-03-29 08:00:00
29/03/2004,09:00:00,1.5,966.0,147.0,5.5,786.0,118.0,1111.0,98.0,1258.0,705.0,11.8,37.6,0.5184,2004-03-29 09:00:00
29/03/2004,10:00:00,1.5,975.0,97.0,5.6,793.0,119.0,1133.0,97.0,1254.0,637.0,13.9,33.2,0.5222,2004-03-29 10:00:00
29/03/2004,11:00:00,1.5,988.0,118.0,5.8,803.0,123.0,1105.0,98.0,1293.0,658.0,15.6,30.1,0.5285,2004-03-29 11:00:00
29/03/2004,12:00:00,1.4,971.0,91.0,5.5,786.0,92.0,1129.0,78.0,1272.0,546.0,16.5,29.0,0.5406,2004-03-29 12:00:00
29/03/2004,13:00:00,1.6,1010.0,146.0,6.5,833.0,91.0,1070.0,83.0,1332.0,561.0,17.5,27.9,0.5517,2004-03-29 13:00:00
29/03/2004,14:00:00,1.5,984.0,139.0,5.5,790.0,103.0,1131.0,92.0,1268.0,532.0,17.9,26.8,0.5446,2004-03-29 14:00:00
29/03/2004,15:00:00,1.4,962.0,155.0,5.2,776.0,102.0,1131.0,81.0,1247.0,535.0,18.2,26.1,0.5387,2004-03-29 15:00:00
29/03/2004,16:00:00,1.5,1012.0,128.0,5.8,801.0,94.0,1098.0,90.0,1289.0,525.0,18.0,27.1,0.5522,2004-03-29 16:00:00
29/03/2004,17:00:00,1.9,1058.0,166.0,7.9,896.0,98.0,996.0,95.0,1358.0,603.0,17.0,28.9,0.5558,2004-03-29 17:00:00
29/03/2004,18:00:00,2.5,1173.0,299.0,10.2,985.0,126.0,905.0,114.0,1477.0,802.0,16.1,31.3,0.568,2004-03-29 18:00:00
29/03/2004,19:00:00,2.1,1127.0,163.0,8.2,907.0,108.0,957.0,106.0,1404.0,796.0,14.5,35.4,0.5839,2004-03-29 19:00:00
29/03/2004,20:00:00,1.6,1020.0,154.0,5.7,797.0,95.0,1066.0,99.0,1302.0,689.0,13.2,37.9,0.5733,2004-03-29 20:00:00
29/03/2004,21:00:00,1.2,949.0,80.0,3.8,700.0,78.0,1221.0,90.0,1178.0,553.0,13.1,34.4,0.517,2004-03-29 21:00:00
29/03/2004,22:00:00,1.1,930.0,58.0,4.0,710.0,61.0,1278.0,82.0,1137.0,509.0,13.5,28.5,0.4405,2004-03-29 22:00:00
29/03/2004,23:00:00,1.0,900.0,55.0,2.8,643.0,55.0,1339.0,74.0,1089.0,455.0,12.4,31.9,0.4583,2004-03-29 23:00:00
30/03/2004,00:00:00,1.0,899.0,33.0,2.6,630.0,57.0,1418.0,76.0,1050.0,425.0,13.1,26.8,0.4023,2004-03-30 00:00:00
30/03/2004,01:00:00,0.7,866.0,33.0,1.8,569.0,41.0,1468.0,66.0,1055.0,436.0,11.6,33.6,0.4595,2004-03-30 01:00:00
30/03/2004,02:00:00,0.7,900.0,32.0,1.7,563.0,46.0,1402.0,73.0,1130.0,618.0,10.5,42.9,0.5442,2004-03-30 02:00:00
30/03/2004,03:00:00,0.8,949.0,25.0,1.4,540.0,-200.0,1457.0,-200.0,1104.0,747.0,11.7,38.7,0.5298,2004-03-30 03:00:00
30/03/2004,04:00:00,-200.0,897.0,29.0,1.3,529.0,41.0,1462.0,69.0,1101.0,693.0,12.2,37.2,0.5277,2004-03-30 04:00:00
30/03/2004,05:00:00,0.7,956.0,26.0,2.3,605.0,52.0,1341.0,71.0,1117.0,691.0,12.9,33.9,0.5037,2004-03-30 05:00:00
30/03/2004,06:00:00,1.1,1054.0,86.0,5.3,779.0,111.0,1080.0,98.0,1266.0,1013.0,11.3,40.3,0.5376,2004-03-30 06:00:00
30/03/2004,07:00:00,2.6,1343.0,294.0,13.4,1096.0,191.0,839.0,115.0,1587.0,1311.0,11.9,38.4,0.5341,2004-03-30 07:00:00
30/03/2004,08:00:00,4.0,1584.0,664.0,23.8,1399.0,244.0,642.0,130.0,1947.0,1675.0,13.3,35.6,0.5416,2004-03-30 08:00:00
30/03/2004,09:00:00,4.2,1556.0,695.0,21.5,1337.0,283.0,674.0,150.0,1852.0,1689.0,16.3,28.8,0.5305,2004-03-30 09:00:00
30/03/2004,10:00:00,4.7,1565.0,735.0,21.0,1324.0,320.0,695.0,159.0,1872.0,1688.0,17.9,28.2,0.5741,2004-03-30 10:00:00
30/03/2004,11:00:00,3.9,1429.0,649.0,18.4,1251.0,249.0,734.0,146.0,1754.0,1548.0,18.3,26.6,0.5529,2004-03-30 11:00:00
30/03/2004,12:00:00,3.7,1419.0,586.0,18.9,1267.0,219.0,742.0,138.0,1763.0,1490.0,20.8,22.5,0.5463,2004-03-30 12:00:00
30/03/2004,13:00:00,3.4,1373.0,546.0,17.1,1213.0,200.0,791.0,128.0,1711.0,1354.0,22.4,20.0,0.5352,2004-03-30 13:00:00
30/03/2004,14:00:00,2.2,1185.0,245.0,10.4,992.0,138.0,942.0,97.0,1448.0,1014.0,20.9,21.7,0.5295,2004-03-30 14:00:00
30/03/2004,15:00:00,1.9,1122.0,178.0,8.0,897.0,118.0,991.0,91.0,1372.0,831.0,19.1,26.5,0.579,2004-03-30 15:00:00
30/03/2004,16:00:00,1.6,1085.0,130.0,6.2,820.0,99.0,1060.0,81.0,1325.0,699.0,18.1,30.6,0.6295,2004-03-30 16:00:00
30/03/2004,17:00:00,2.1,1249.0,151.0,9.7,968.0,112.0,874.0,99.0,1527.0,926.0,17.3,34.7,0.6788,2004-03-30 17:00:00
30/03/2004,18:00:00,2.2,1236.0,272.0,9.6,962.0,117.0,853.0,101.0,1532.0,928.0,15.8,40.4,0.7228,2004-03-30 18:00:00
30/03/2004,19:00:00,2.7,1334.0,301.0,11.9,1047.0,129.0,815.0,106.0,1638.0,1038.0,15.9,42.0,0.7541,2004-03-30 19:00:00
30/03/2004,20:00:00,2.4,1264.0,237.0,8.7,928.0,132.0,884.0,102.0,1534.0,1035.0,15.9,43.5,0.779,2004-03-30 20:00:00
30/03/2004,21:00:00,1.3,1073.0,95.0,4.7,746.0,73.0,1072.0,84.0,1360.0,789.0,15.0,46.1,0.7833,2004-03-30 21:00:00
30/03/2004,22:00:00,1.2,1053.0,68.0,3.8,701.0,68.0,1147.0,81.0,1323.0,692.0,15.1,44.6,0.7574,2004-03-30 22:00:00
30/03/2004,23:00:00,1.5,1098.0,101.0,4.7,747.0,80.0,1094.0,91.0,1360.0,764.0,14.9,43.5,0.7302,2004-03-30 23:00:00
31/03/2004,00:00:00,1.3,1029.0,81.0,3.8,702.0,68.0,1180.0,82.0,1287.0,639.0,14.8,41.0,0.685,2004-03-31 00:00:00
31/03/2004,01:00:00,1.0,973.0,50.0,2.7,631.0,44.0,1287.0,64.0,1240.0,541.0,14.8,40.8,0.6814,2004-03-31 01:00:00
31/03/2004,02:00:00,0.9,972.0,66.0,2.8,639.0,47.0,1222.0,70.0,1256.0,678.0,14.8,40.8,0.6834,2004-03-31 02:00:00
31/03/2004,03:00:00,0.5,832.0,22.0,1.0,496.0,-200.0,1613.0,-200.0,1066.0,381.0,14.2,36.1,0.5823,2004-03-31 03:00:00
31/03/2004,04:00:00,0.5,851.0,18.0,0.8,477.0,15.0,1699.0,26.0,1064.0,343.0,14.5,36.1,0.5928,2004-03-31 04:00:00
31/03/2004,05:00:00,0.6,909.0,31.0,1.5,545.0,44.0,1473.0,58.0,1131.0,436.0,14.6,36.0,0.5947,2004-03-31 05:00:00
31/03/2004,06:00:00,1.0,1038.0,57.0,3.5,684.0,85.0,1220.0,93.0,1279.0,688.0,14.4,38.5,0.6291,2004-03-31 06:00:00
31/03/2004,07:00:00,3.1,1636.0,342.0,15.6,1168.0,207.0,721.0,110.0,1926.0,1438.0,13.8,58.2,0.9129,2004-03-31 07:00:00
31/03/2004,08:00:00,4.1,1580.0,644.0,19.9,1295.0,230.0,639.0,115.0,1957.0,1489.0,13.2,61.1,0.9256,2004-03-31 08:00:00
31/03/2004,09:00:00,2.2,1262.0,216.0,8.6,924.0,181.0,872.0,125.0,1576.0,1093.0,10.4,74.4,0.9384,2004-03-31 09:00:00
31/03/2004,10:00:00,1.7,1197.0,117.0,6.5,837.0,144.0,957.0,118.0,1498.0,965.0,11.5,71.0,0.9582,2004-03-31 10:00:00
31/03/2004,11:00:00,1.9,1277.0,156.0,7.7,886.0,140.0,902.0,109.0,1579.0,1004.0,12.2,70.0,0.9924,2004-03-31 11:00:00
31/03/2004,12:00:00,2.9,1430.0,332.0,11.3,1025.0,204.0,779.0,123.0,1772.0,1166.0,12.3,73.3,1.0442,2004-03-31 12:00:00
31/03/2004,13:00:00,2.2,1242.0,232.0,9.1,944.0,149.0,846.0,114.0,1638.0,991.0,11.3,78.1,1.0411,2004-03-31 13:00:00
31/03/2004,14:00:00,2.6,1349.0,295.0,11.2,1023.0,171.0,804.0,114.0,1748.0,1054.0,13.6,69.2,1.0746,2004-03-31 14:00:00
31/03/2004,15:00:00,3.1,1390.0,386.0,13.5,1100.0,195.0,755.0,119.0,1799.0,1192.0,14.9,59.3,0.9974,2004-03-31 15:00:00
31/03/2004,16:00:00,2.3,1224.0,278.0,10.1,980.0,152.0,850.0,111.0,1637.0,1055.0,15.7,50.9,0.8997,2004-03-31 16:00:00
31/03/2004,17:00:00,2.4,1253.0,263.0,11.3,1026.0,128.0,810.0,103.0,1681.0,1048.0,15.2,52.9,0.9087,2004-03-31 17:00:00
31/03/2004,18:00:00,2.8,1312.0,322.0,11.8,1041.0,121.0,821.0,103.0,1712.0,1073.0,15.5,50.8,0.8881,2004-03-31 18:00:00
31/03/2004,19:00:00,2.7,1254.0,226.0,11.5,1033.0,142.0,819.0,107.0,1669.0,1068.0,14.3,52.9,0.8581,2004-03-31 19:00:00
31/03/2004,20:00:00,2.3,1198.0,221.0,9.3,953.0,131.0,882.0,105.0,1588.0,1019.0,13.2,56.0,0.8446,2004-03-31 20:00:00
31/03/2004,21:00:00,1.5,1060.0,109.0,5.5,787.0,81.0,1044.0,91.0,1418.0,833.0,12.6,57.0,0.8315,2004-03-31 21:00:00
31/03/2004,22:00:00,1.4,1050.0,105.0,5.1,769.0,60.0,1078.0,79.0,1409.0,759.0,12.3,57.8,0.8224,2004-03-31 22:00:00
31/03/2004,23:00:00,1.2,1029.0,84.0,4.8,754.0,57.0,1098.0,79.0,1395.0,749.0,12.0,58.4,0.8164,2004-03-31 23:00:00
01/04/2004,00:00:00,1.6,1143.0,106.0,6.3,825.0,96.0,986.0,86.0,1477.0,978.0,12.0,61.6,0.8593,2004-04-01 00:00:00
01/04/2004,01:00:00,1.2,1044.0,100.0,5.1,770.0,85.0,1031.0,70.0,1425.0,944.0,11.5,63.9,0.8652,2004-04-01 01:00:00
01/04/2004,02:00:00,1.1,1034.0,71.0,4.1,716.0,50.0,1085.0,55.0,1405.0,891.0,10.7,67.2,0.863,2004-04-01 02:00:00
01/04/2004,03:00:00,0.9,956.0,72.0,4.0,713.0,-200.0,1099.0,-200.0,1422.0,849.0,9.0,73.1,0.8394,2004-04-01 03:00:00
01/04/2004,04:00:00,0.7,909.0,44.0,2.4,615.0,57.0,1237.0,49.0,1322.0,790.0,10.2,66.6,0.8299,2004-04-01 04:00:00
01/04/2004,05:00:00,0.9,996.0,45.0,2.9,648.0,64.0,1176.0,50.0,1340.0,852.0,11.0,63.7,0.8325,2004-04-01 05:00:00
01/04/2004,06:00:00,1.7,1154.0,134.0,7.4,876.0,153.0,1002.0,67.0,1561.0,987.0,9.6,68.8,0.8243,2004-04-01 06:00:00
01/04/2004,07:00:00,4.2,1510.0,505.0,19.8,1291.0,342.0,675.0,94.0,1949.0,1435.0,9.5,69.6,0.8273,2004-04-01 07:00:00
01/04/2004,08:00:00,6.2,1722.0,1042.0,31.9,1595.0,378.0,539.0,119.0,2439.0,1798.0,11.9,60.9,0.8455,2004-04-01 08:00:00
01/04/2004,09:00:00,4.6,1512.0,737.0,21.0,1323.0,304.0,631.0,139.0,2001.0,1677.0,16.2,48.6,0.8892,2004-04-01 09:00:00
01/04/2004,10:00:00,2.8,1258.0,375.0,11.7,1040.0,192.0,800.0,113.0,1701.0,1282.0,19.2,39.6,0.8693,2004-04-01 10:00:00
01/04/2004,11:00:00,1.6,1094.0,124.0,6.8,850.0,130.0,970.0,88.0,1489.0,871.0,19.7,38.4,0.8743,2004-04-01 11:00:00
01/04/2004,12:00:00,1.7,1129.0,137.0,7.4,875.0,106.0,974.0,73.0,1524.0,759.0,20.6,36.7,0.8797,2004-04-01 12:00:00
01/04/2004,13:00:00,1.7,1125.0,179.0,8.6,924.0,102.0,937.0,73.0,1542.0,790.0,21.8,33.9,0.8771,2004-04-01 13:00:00
01/04/2004,14:00:00,1.7,-200.0,222.0,-200.0,-200.0,99.0,-200.0,72.0,-200.0,-200.0,-200.0,-200.0,-200.0,2004-04-01 14:00:00
01/04/2004,15:00:00,1.9,-200.0,197.0,-200.0,-200.0,108.0,-200.0,81.0,-200.0,-200.0,-200.0,-200.0,-200.0,2004-04-01 15:00:00
01/04/2004,16:00:00,2.3,-200.0,319.0,-200.0,-200.0,131.0,-200.0,93.0,-200.0,-200.0,-200.0,-200.0,-200.0,2004-04-01 16:00:00
01/04/2004,17:00:00,3.3,1308.0,388.0,16.4,1193.0,163.0,793.0,106.0,1193.0,1187.0,23.6,27.5,0.7913,2004-04-01 17:00:00
01/04/2004,18:00:00,4.2,1529.0,589.0,21.2,1331.0,211.0,700.0,132.0,2028.0,1399.0,22.8,32.1,0.8814,2004-04-01 18:00:00
01/04/2004,19:00:00,5.5,1592.0,840.0,25.0,1429.0,267.0,624.0,164.0,2089.0,1644.0,20.8,36.7,0.8878,2004-04-01 19:00:00
01/04/2004,20:00:00,4.9,1536.0,655.0,20.2,1302.0,269.0,666.0,161.0,1922.0,1599.0,18.3,40.9,0.8493,2004-04-01 20:00:00
01/04/2004,21:00:00,2.5,1192.0,254.0,10.8,1007.0,154.0,827.0,124.0,1604.0,1223.0,16.8,44.0,0.8341,2004-04-01 21:00:00
01/04/2004,22:00:00,2.0,1186.0,188.0,9.9,976.0,127.0,844.0,113.0,1570.0,1200.0,15.8,48.0,0.8569,2004-04-01 22:00:00
01/04/2004,23:00:00,2.0,1203.0,120.0,8.5,920.0,122.0,898.0,103.0,1529.0,1118.0,14.9,52.0,0.8757,2004-04-01 23:00:00
02/04/2004,00:00:00,2.0,1139.0,157.0,8.0,899.0,126.0,921.0,104.0,1514.0,1067.0,14.1,54.4,0.8701,2004-04-02 00:00:00
02/04/2004,01:00:00,1.3,1072.0,88.0,5.6,795.0,84.0,986.0,93.0,1442.0,1048.0,13.3,58.8,0.8922,2004-04-02 01:00:00
02/04/2004,02:00:00,1.0,954.0,68.0,3.2,667.0,58.0,1180.0,60.0,1350.0,718.0,13.3,60.9,0.9229,2004-04-02 02:00:00
02/04/2004,03:00:00,0.9,951.0,57.0,3.3,673.0,-200.0,1137.0,-200.0,1381.0,797.0,11.8,64.3,0.8869,2004-04-02 03:00:00
02/04/2004,04:00:00,-200.0,926.0,36.0,2.8,638.0,37.0,1195.0,52.0,1342.0,749.0,11.2,65.9,0.8775,2004-04-02 04:00:00
02/04/2004,05:00:00,0.7,968.0,51.0,2.6,628.0,56.0,1197.0,66.0,1372.0,737.0,11.3,72.9,0.9738,2004-04-02 05:00:00
02/04/2004,06:00:00,1.1,1067.0,93.0,4.3,727.0,91.0,1055.0,82.0,1448.0,903.0,11.4,71.8,0.9671,2004-04-02 06:00:00
02/04/2004,07:00:00,2.6,1386.0,284.0,13.0,1083.0,159.0,798.0,109.0,1833.0,1159.0,11.9,73.7,1.0254,2004-04-02 07:00:00
02/04/2004,08:00:00,3.9,1474.0,486.0,20.3,1306.0,190.0,634.0,114.0,2060.0,1365.0,12.6,70.2,1.0221,2004-04-02 08:00:00
02/04/2004,09:00:00,5.0,1569.0,798.0,20.7,1316.0,249.0,634.0,139.0,2054.0,1510.0,13.6,65.3,1.0136,2004-04-02 09:00:00
02/04/2004,10:00:00,3.3,1375.0,524.0,15.9,1177.0,196.0,706.0,127.0,1898.0,1386.0,16.9,52.3,1.0013,2004-04-02 10:00:00
02/04/2004,11:00:00,2.9,1328.0,468.0,14.2,1123.0,180.0,738.0,127.0,1821.0,1368.0,19.4,44.1,0.9855,2004-04-02 11:00:00
02/04/2004,12:00:00,3.1,1341.0,454.0,15.9,1176.0,167.0,748.0,135.0,1825.0,1347.0,22.9,33.8,0.9322,2004-04-02 12:00:00
02/04/2004,13:00:00,3.0,1297.0,461.0,16.1,1183.0,159.0,765.0,130.0,1773.0,1242.0,23.6,31.3,0.9001,2004-04-02 13:00:00
02/04/2004,14:00:00,2.7,1303.0,391.0,14.7,1139.0,152.0,790.0,126.0,1761.0,1138.0,24.7,30.5,0.9371,2004-04-02 14:00:00
02/04/2004,15:00:00,2.7,1281.0,337.0,14.0,1116.0,149.0,809.0,121.0,1703.0,1080.0,26.1,27.3,0.9101,2004-04-02 15:00:00
02/04/2004,16:00:00,2.6,1248.0,297.0,13.6,1103.0,143.0,872.0,122.0,1632.0,1002.0,27.6,22.8,0.8288,2004-04-02 16:00:00
02/04/2004,17:00:00,3.7,1382.0,588.0,19.7,1288.0,185.0,778.0,138.0,1799.0,1212.0,26.9,22.3,0.7792,2004-04-02 17:00:00
02/04/2004,18:00:00,4.5,1491.0,721.0,23.3,1385.0,223.0,685.0,165.0,1915.0,1486.0,24.3,30.1,0.9012,2004-04-02 18:00:00
02/04/2004,19:00:00,4.7,1620.0,710.0,24.1,1407.0,215.0,641.0,154.0,2052.0,1567.0,21.2,40.1,0.9978,2004-04-02 19:00:00
02/04/2004,20:00:00,5.5,1693.0,787.0,25.4,1439.0,271.0,618.0,168.0,2083.0,1723.0,19.4,42.5,0.9483,2004-04-02 20:00:00
02/04/2004,21:00:00,3.0,1374.0,415.0,14.1,1121.0,180.0,771.0,146.0,1685.0,1399.0,18.5,43.0,0.9074,2004-04-02 21:00:00
02/04/2004,22:00:00,1.9,1287.0,245.0,10.1,982.0,115.0,841.0,124.0,1582.0,1291.0,17.8,47.0,0.9467,2004-04-02 22:00:00
02/04/2004,23:00:00,2.3,1408.0,294.0,12.1,1052.0,149.0,761.0,124.0,1684.0,1443.0,16.8,53.2,1.01,2004-04-02 23:00:00
03/04/2004,00:00:00,1.6,1254.0,139.0,9.0,941.0,98.0,828.0,106.0,1566.0,1270.0,17.1,51.8,0.999,2004-04-03 00:00:00
03/04/2004,01:00:00,1.3,1141.0,98.0,6.3,827.0,73.0,936.0,88.0,1488.0,1110.0,16.2,54.2,0.9933,2004-04-03 01:00:00
03/04/2004,02:00:00,1.2,1141.0,88.0,5.3,777.0,69.0,986.0,83.0,1455.0,1060.0,15.1,58.2,0.9886,2004-04-03 02:00:00
03/04/2004,03:00:00,0.9,1042.0,66.0,3.8,697.0,-200.0,1056.0,-200.0,1410.0,965.0,15.1,57.6,0.9796,2004-04-03 03:00:00
03/04/2004,04:00:00,0.8,986.0,57.0,3.0,651.0,60.0,1145.0,74.0,1380.0,891.0,14.5,58.0,0.9488,2004-04-03 04:00:00
03/04/2004,05:00:00,0.8,1005.0,57.0,3.3,673.0,56.0,1103.0,64.0,1387.0,905.0,13.7,61.6,0.9631,2004-04-03 05:00:00
03/04/2004,06:00:00,0.9,1041.0,60.0,3.5,683.0,73.0,1112.0,69.0,1398.0,899.0,13.9,59.6,0.9408,2004-04-03 06:00:00
03/04/2004,07:00:00,2.0,1272.0,200.0,9.5,959.0,159.0,846.0,91.0,1660.0,1136.0,13.3,61.7,0.9399,2004-04-03 07:00:00
03/04/2004,08:00:00,3.0,1436.0,451.0,15.2,1154.0,203.0,704.0,96.0,1872.0,1391.0,15.1,55.8,0.9486,2004-04-03 08:00:00
03/04/2004,09:00:00,3.1,1472.0,422.0,14.3,1126.0,211.0,720.0,106.0,1816.0,1460.0,17.0,50.5,0.9684,2004-04-03 09:00:00
03/04/2004,10:00:00,-200.0,1418.0,-200.0,11.2,1023.0,-200.0,785.0,-200.0,1720.0,1410.0,19.7,43.3,0.9837,2004-04-03 10:00:00
03/04/2004,11:00:00,-200.0,1410.0,-200.0,11.4,1030.0,-200.0,781.0,-200.0,1743.0,1372.0,20.7,41.7,1.0092,2004-04-03 11:00:00
03/04/2004,12:00:00,-200.0,1438.0,-200.0,13.4,1096.0,-200.0,781.0,-200.0,1779.0,1266.0,23.3,35.8,1.0098,2004-04-03 12:00:00
03/04/2004,13:00:00,-200.0,1278.0,-200.0,10.6,1000.0,-200.0,866.0,-200.0,1621.0,1014.0,23.8,30.5,0.8897,2004-04-03 13:00:00
03/04/2004,14:00:00,-200.0,1257.0,-200.0,10.8,1006.0,-200.0,915.0,-200.0,1573.0,870.0,24.8,27.0,0.8325,2004-04-03 14:00:00
03/04/2004,15:00:00,-200.0,1331.0,-200.0,11.9,1046.0,-200.0,882.0,-200.0,1635.0,905.0,25.0,27.5,0.8575,2004-04-03 15:00:00
03/04/2004,16:00:00,-200.0,1361.0,-200.0,13.5,1102.0,-200.0,834.0,-200.0,1704.0,991.0,25.8,26.5,0.8675,2004-04-03 16:00:00
03/04/2004,17:00:00,-200.0,1398.0,-200.0,15.2,1156.0,-200.0,812.0,-200.0,1722.0,1076.0,25.1,27.1,0.8496,2004-04-03 17:00:00
03/04/2004,18:00:00,-200.0,1483.0,-200.0,17.1,1213.0,-200.0,764.0,-200.0,1798.0,1249.0,23.7,28.6,0.8273,2004-04-03 18:00:00
03/04/2004,19:00:00,-200.0,1697.0,-200.0,26.7,1471.0,-200.0,625.0,-200.0,2153.0,1548.0,22.1,36.8,0.9681,2004-04-03 19:00:00
03/04/2004,20:00:00,-200.0,1459.0,-200.0,14.2,1124.0,-200.0,736.0,-200.0,1823.0,1300.0,19.9,47.5,1.0912,2004-04-03 20:00:00
03/04/2004,21:00:00,-200.0,1268.0,-200.0,8.5,918.0,-200.0,873.0,-200.0,1602.0,1029.0,18.7,50.4,1.0772,2004-04-03 21:00:00
03/04/2004,22:00:00,-200.0,1469.0,-200.0,14.3,1128.0,-200.0,762.0,-200.0,1870.0,1207.0,18.1,51.3,1.0587,2004-04-03 22:00:00
03/04/2004,23:00:00,-200.0,1316.0,-200.0,9.3,952.0,-200.0,847.0,-200.0,1644.0,1047.0,17.5,53.8,1.0648,2004-04-03 23:00:00
04/04/2004,00:00:00,-200.0,1224.0,-200.0,7.8,892.0,-200.0,884.0,-200.0,1580.0,923.0,16.7,56.5,1.0634,2004-04-04 00:00:00
04/04/2004,01:00:00,-200.0,1215.0,-200.0,6.7,843.0,-200.0,929.0,-200.0,1551.0,862.0,15.9,59.2,1.0635,2004-04-04 01:00:00
04/04/2004,02:00:00,-200.0,1115.0,-200.0,5.4,782.0,-200.0,980.0,-200.0,1500.0,752.0,15.2,62.4,1.0726,2004-04-04 02:00:00
04/04/2004,03:00:00,-200.0,1124.0,-200.0,5.6,793.0,-200.0,965.0,-200.0,1521.0,791.0,14.7,65.0,1.0766,2004-04-04 03:00:00
04/04/2004,04:00:00,-200.0,1028.0,-200.0,3.5,682.0,-200.0,1090.0,-200.0,1448.0,697.0,14.3,65.3,1.0594,2004-04-04 04:00:00
04/04/2004,05:00:00,-200.0,1010.0,-200.0,3.0,650.0,-200.0,1171.0,-200.0,1434.0,664.0,13.7,66.5,1.0393,2004-04-04 05:00:00
04/04/2004,06:00:00,-200.0,1074.0,-200.0,4.4,731.0,-200.0,1020.0,-200.0,1488.0,891.0,12.9,69.1,1.0264,2004-04-04 06:00:00
04/04/2004,07:00:00,-200.0,1034.0,-200.0,3.5,684.0,-200.0,1110.0,-200.0,1423.0,813.0,13.7,64.8,1.0135,2004-04-04 07:00:00
04/04/2004,08:00:00,-200.0,1130.0,-200.0,4.2,720.0,-200.0,1063.0,-200.0,1461.0,828.0,15.3,59.0,1.0181,2004-04-04 08:00:00
04/04/2004,09:00:00,-200.0,1275.0,-200.0,8.0,900.0,-200.0,868.0,-200.0,1634.0,1057.0,18.1,49.8,1.0272,2004-04-04 09:00:00
04/04/2004,10:00:00,-200.0,1324.0,-200.0,9.0,939.0,-200.0,846.0,-200.0,1658.0,1011.0,21.5,40.7,1.0301,2004-04-04 10:00:00
04/04/2004,11:00:00,-200.0,1268.0,-200.0,8.1,902.0,-200.0,906.0,-200.0,1589.0,932.0,23.3,37.1,1.0457,2004-04-04 11:00:00
04/04/2004,12:00:00,-200.0,1272.0,-200.0,8.6,924.0,-200.0,895.0,-200.0,1603.0,881.0,25.1,33.8,1.0594,2004-04-04 12:00:00
04/04/2004,13:00:00,-200.0,1160.0,-200.0,7.1,860.0,-200.0,969.0,-200.0,1531.0,646.0,25.6,32.1,1.0393,2004-04-04 13:00:00
04/04/2004,14:00:00,-200.0,1136.0,-200.0,5.6,792.0,-200.0,1057.0,-200.0,1476.0,536.0,25.8,31.1,1.0143,2004-04-04 14:00:00
04/04/2004,15:00:00,-200.0,1296.0,-200.0,10.0,977.0,-200.0,863.0,-200.0,1642.0,746.0,26.1,30.8,1.0253,2004-04-04 15:00:00
04/04/2004,16:00:00,-200.0,1345.0,-200.0,10.5,996.0,-200.0,841.0,-200.0,1678.0,833.0,24.4,36.0,1.085,2004-04-04 16:00:00
04/04/2004,17:00:00,-200.0,1296.0,-200.0,10.1,983.0,-200.0,845.0,-200.0,1626.0,802.0,23.0,36.2,1.0053,2004-04-04 17:00:00
04/04/2004,18:00:00,-200.0,1258.0,-200.0,10.0,977.0,-200.0,838.0,-200.0,1636.0,838.0,22.1,39.3,1.0336,2004-04-04 18:00:00
04/04/2004,19:00:00,-200.0,1420.0,-200.0,13.0,1085.0,-200.0,755.0,-200.0,1756.0,1051.0,19.8,44.6,1.0208,2004-04-04 19:00:00
04/04/2004,20:00:00,-200.0,1366.0,-200.0,10.5,997.0,-200.0,830.0,-200.0,1673.0,1041.0,18.5,48.9,1.0323,2004-04-04 20:00:00
04/04/2004,21:00:00,-200.0,1113.0,-200.0,5.2,772.0,-200.0,989.0,-200.0,1493.0,646.0,16.6,56.1,1.0481,2004-04-04 21:00:00
04/04/2004,22:00:00,-200.0,1196.0,-200.0,6.9,853.0,-200.0,909.0,-200.0,1556.0,769.0,15.8,58.8,1.0464,2004-04-04 22:00:00
04/04/2004,23:00:00,-200.0,1188.0,-200.0,6.4,829.0,-200.0,930.0,-200.0,1540.0,785.0,15.3,60.8,1.0501,2004-04-04 23:00:00
05/04/2004,00:00:00,-200.0,1102.0,-200.0,4.7,750.0,-200.0,1007.0,-200.0,1470.0,613.0,14.7,64.4,1.0717,2004-04-05 00:00:00
05/04/2004,01:00:00,-200.0,969.0,-200.0,2.4,611.0,-200.0,1239.0,-200.0,1330.0,430.0,14.8,63.3,1.0584,2004-04-05 01:00:00
05/04/2004,02:00:00,-200.0,983.0,-200.0,2.2,600.0,-200.0,1233.0,-200.0,1375.0,485.0,15.0,61.5,1.0418,2004-04-05 02:00:00
05/04/2004,03:00:00,-200.0,876.0,-200.0,1.1,505.0,-200.0,1456.0,-200.0,1294.0,467.0,15.5,56.9,0.9961,2004-04-05 03:00:00
05/04/2004,04:00:00,-200.0,884.0,-200.0,0.9,489.0,-200.0,1536.0,-200.0,1278.0,436.0,16.0,54.0,0.9742,2004-04-05 04:00:00
05/04/2004,05:00:00,-200.0,1024.0,-200.0,3.1,658.0,-200.0,1175.0,-200.0,1417.0,682.0,13.5,63.9,0.9809,2004-04-05 05:00:00
05/04/2004,06:00:00,-200.0,1126.0,-200.0,6.2,822.0,-200.0,945.0,-200.0,1541.0,927.0,12.9,65.3,0.9688,2004-04-05 06:00:00
05/04/2004,07:00:00,-200.0,1415.0,-200.0,13.2,1089.0,-200.0,767.0,-200.0,1795.0,1192.0,13.4,62.5,0.9582,2004-04-05 07:00:00
05/04/2004,08:00:00,-200.0,1631.0,-200.0,25.8,1449.0,-200.0,570.0,-200.0,2299.0,1615.0,14.5,58.8,0.963,2004-04-05 08:00:00
05/04/2004,09:00:00,-200.0,1499.0,-200.0,18.2,1247.0,-200.0,647.0,-200.0,1972.0,1505.0,15.3,56.7,0.9773,2004-04-05 09:00:00
05/04/2004,10:00:00,3.1,1461.0,424.0,14.3,1127.0,236.0,703.0,124.0,1836.0,1451.0,15.6,57.4,1.0075,2004-04-05 10:00:00
05/04/2004,11:00:00,3.0,1430.0,339.0,13.7,1107.0,228.0,713.0,121.0,1853.0,1409.0,16.6,55.2,1.0382,2004-04-05 11:00:00
05/04/2004,12:00:00,3.2,1498.0,445.0,15.7,1171.0,206.0,684.0,114.0,1942.0,1434.0,17.0,54.3,1.0434,2004-04-05 12:00:00
05/04/2004,13:00:00,3.1,1454.0,535.0,15.4,1162.0,188.0,682.0,114.0,1915.0,1457.0,18.0,51.5,1.0552,2004-04-05 13:00:00
05/04/2004,14:00:00,2.5,1402.0,278.0,12.6,1069.0,158.0,733.0,106.0,1793.0,1325.0,19.5,47.5,1.0653,2004-04-05 14:00:00
05/04/2004,15:00:00,2.1,1327.0,256.0,9.8,971.0,124.0,803.0,89.0,1705.0,1120.0,21.6,41.7,1.0606,2004-04-05 15:00:00
05/04/2004,16:00:00,2.0,1273.0,245.0,9.6,963.0,98.0,832.0,82.0,1662.0,931.0,22.2,38.3,1.0106,2004-04-05 16:00:00
05/04/2004,17:00:00,3.2,1457.0,458.0,16.3,1190.0,160.0,678.0,111.0,1877.0,1212.0,20.3,42.8,1.0053,2004-04-05 17:00:00
05/04/2004,18:00:00,4.1,1543.0,710.0,19.8,1290.0,194.0,631.0,132.0,2011.0,1353.0,19.7,45.4,1.0312,2004-04-05 18:00:00
05/04/2004,19:00:00,3.9,1499.0,678.0,18.0,1239.0,174.0,651.0,121.0,1957.0,1359.0,18.8,47.5,1.0199,2004-04-05 19:00:00
05/04/2004,20:00:00,3.1,1378.0,436.0,13.6,1102.0,157.0,742.0,116.0,1796.0,1273.0,17.9,49.4,1.0064,2004-04-05 20:00:00
05/04/2004,21:00:00,2.0,1243.0,178.0,8.7,928.0,109.0,852.0,100.0,1622.0,1079.0,17.5,50.9,1.009,2004-04-05 21:00:00
05/04/2004,22:00:00,1.7,1196.0,160.0,7.7,885.0,85.0,884.0,89.0,1589.0,973.0,17.4,51.8,1.023,2004-04-05 22:00:00
05/04/2004,23:00:00,1.6,1137.0,177.0,7.3,869.0,90.0,890.0,92.0,1554.0,951.0,17.0,53.9,1.0363,2004-04-05 23:00:00
06/04/2004,00:00:00,1.0,1015.0,101.0,4.1,718.0,61.0,1065.0,71.0,1428.0,714.0,16.6,55.4,1.0408,2004-04-06 00:00:00
06/04/2004,01:00:00,0.8,978.0,66.0,2.7,635.0,36.0,1188.0,51.0,1382.0,579.0,15.9,57.0,1.0224,2004-04-06 01:00:00
06/04/2004,02:00:00,0.5,933.0,40.0,1.5,547.0,25.0,1357.0,39.0,1336.0,542.0,15.0,59.2,1.0059,2004-04-06 02:00:00
06/04/2004,03:00:00,0.5,927.0,54.0,1.9,579.0,-200.0,1267.0,-200.0,1370.0,562.0,14.5,61.4,1.0041,2004-04-06 03:00:00
06/04/2004,04:00:00,0.5,908.0,39.0,1.8,569.0,24.0,1303.0,35.0,1360.0,526.0,14.1,61.6,0.9883,2004-04-06 04:00:00
06/04/2004,05:00:00,0.8,980.0,62.0,3.4,677.0,73.0,1141.0,64.0,1435.0,659.0,14.6,58.8,0.9711,2004-04-06 05:00:00
06/04/2004,06:00:00,1.7,1236.0,120.0,8.5,920.0,164.0,880.0,94.0,1641.0,1012.0,14.4,58.9,0.9594,2004-04-06 06:00:00
06/04/2004,07:00:00,4.5,1664.0,599.0,24.1,1407.0,329.0,594.0,134.0,2198.0,1564.0,15.3,55.2,0.9538,2004-04-06 07:00:00
06/04/2004,08:00:00,6.2,1757.0,1084.0,33.7,1636.0,302.0,494.0,129.0,2560.0,1806.0,16.2,52.5,0.9576,2004-04-06 08:00:00
06/04/2004,09:00:00,4.4,1524.0,776.0,22.0,1350.0,256.0,588.0,125.0,2096.0,1604.0,18.4,46.3,0.9734,2004-04-06 09:00:00
06/04/2004,10:00:00,2.9,1329.0,470.0,14.1,1119.0,182.0,707.0,107.0,1823.0,1288.0,19.6,41.8,0.9407,2004-04-06 10:00:00
06/04/2004,11:00:00,1.6,1167.0,169.0,7.6,884.0,105.0,881.0,78.0,1580.0,931.0,20.2,40.1,0.937,2004-04-06 11:00:00
06/04/2004,12:00:00,2.6,1369.0,304.0,14.5,1132.0,136.0,715.0,91.0,1818.0,1162.0,20.9,36.6,0.8939,2004-04-06 12:00:00
06/04/2004,13:00:00,2.9,1284.0,405.0,13.6,1103.0,167.0,755.0,116.0,1704.0,1064.0,20.4,34.7,0.8229,2004-04-06 13:00:00
06/04/2004,14:00:00,2.5,1221.0,297.0,11.5,1032.0,166.0,811.0,131.0,1630.0,913.0,19.3,35.4,0.7813,2004-04-06 14:00:00
06/04/2004,15:00:00,1.9,1096.0,220.0,9.2,947.0,115.0,872.0,113.0,1519.0,684.0,18.6,36.9,0.7829,2004-04-06 15:00:00
06/04/2004,16:00:00,1.9,1143.0,226.0,10.3,988.0,109.0,849.0,98.0,1590.0,710.0,18.8,36.8,0.7883,2004-04-06 16:00:00
06/04/2004,17:00:00,2.7,1251.0,456.0,14.0,1116.0,143.0,760.0,116.0,1716.0,923.0,17.5,40.6,0.8068,2004-04-06 17:00:00
06/04/2004,18:00:00,3.0,1268.0,470.0,15.0,1148.0,159.0,728.0,120.0,1776.0,1006.0,16.8,44.3,0.8428,2004-04-06 18:00:00
06/04/2004,19:00:00,3.3,1314.0,503.0,15.1,1150.0,181.0,726.0,126.0,1784.0,1083.0,16.3,47.7,0.8746,2004-04-06 19:00:00
06/04/2004,20:00:00,3.2,1315.0,459.0,14.8,1142.0,178.0,724.0,126.0,1807.0,1161.0,15.6,50.7,0.8947,2004-04-06 20:00:00
06/04/2004,21:00:00,1.8,1095.0,227.0,8.5,918.0,91.0,896.0,90.0,1527.0,800.0,15.7,49.4,0.8768,2004-04-06 21:00:00
06/04/2004,22:00:00,1.3,1027.0,152.0,5.9,808.0,76.0,996.0,81.0,1458.0,647.0,15.8,48.6,0.8653,2004-04-06 22:00:00
06/04/2004,23:00:00,1.1,1012.0,94.0,4.8,752.0,66.0,1053.0,74.0,1393.0,649.0,15.7,47.0,0.8325,2004-04-06 23:00:00
07/04/2004,00:00:00,0.9,948.0,93.0,4.0,710.0,56.0,1127.0,67.0,1352.0,575.0,15.7,45.9,0.8121,2004-04-07 00:00:00
07/04/2004,01:00:00,0.7,889.0,49.0,2.3,603.0,35.0,1308.0,46.0,1271.0,455.0,15.6,44.9,0.792,2004-04-07 01:00:00
07/04/2004,02:00:00,0.4,830.0,30.0,1.4,538.0,21.0,1475.0,30.0,1214.0,392.0,15.6,44.4,0.7827,2004-04-07 02:00:00
07/04/2004,03:00:00,0.3,801.0,30.0,0.7,464.0,-200.0,1749.0,-200.0,1154.0,340.0,16.1,42.4,0.7718,2004-04-07 03:00:00
07/04/2004,04:00:00,0.3,804.0,30.0,0.7,468.0,12.0,1826.0,19.0,1166.0,320.0,15.7,45.4,0.8063,2004-04-07 04:00:00
07/04/2004,05:00:00,0.3,824.0,32.0,0.8,478.0,22.0,1705.0,32.0,1200.0,331.0,15.3,50.1,0.8617,2004-04-07 05:00:00
07/04/2004,06:00:00,0.8,1000.0,59.0,3.6,688.0,55.0,1257.0,61.0,1398.0,426.0,14.2,58.6,0.9443,2004-04-07 06:00:00
07/04/2004,07:00:00,2.8,1307.0,277.0,12.9,1082.0,152.0,777.0,111.0,1769.0,830.0,14.3,58.2,0.9431,2004-04-07 07:00:00
07/04/2004,08:00:00,3.1,1286.0,454.0,15.7,1171.0,153.0,716.0,102.0,1821.0,1006.0,15.0,52.0,0.8817,2004-04-07 08:00:00
07/04/2004,09:00:00,2.3,1150.0,211.0,8.6,925.0,152.0,865.0,116.0,1576.0,820.0,13.6,61.4,0.9519,2004-04-07 09:00:00
07/04/2004,10:00:00,1.6,1087.0,196.0,7.4,876.0,112.0,911.0,96.0,1554.0,737.0,16.1,53.1,0.9675,2004-04-07 10:00:00
07/04/2004,11:00:00,1.5,1016.0,110.0,6.6,839.0,119.0,991.0,97.0,1448.0,790.0,16.6,44.3,0.8294,2004-04-07 11:00:00
07/04/2004,12:00:00,1.6,1029.0,164.0,7.8,892.0,122.0,937.0,110.0,1474.0,760.0,17.4,40.3,0.7922,2004-04-07 12:00:00
07/04/2004,13:00:00,1.8,1109.0,151.0,9.1,943.0,115.0,883.0,103.0,1604.0,767.0,18.1,42.2,0.8679,2004-04-07 13:00:00
07/04/2004,14:00:00,1.4,997.0,112.0,6.1,817.0,84.0,1030.0,79.0,1426.0,626.0,14.4,51.8,0.8433,2004-04-07 14:00:00
07/04/2004,15:00:00,1.9,1177.0,117.0,7.5,880.0,146.0,927.0,104.0,1552.0,776.0,10.9,76.4,0.9953,2004-04-07 15:00:00
07/04/2004,16:00:00,1.2,1045.0,120.0,5.9,808.0,65.0,1038.0,69.0,1421.0,589.0,16.4,47.7,0.8819,2004-04-07 16:00:00
07/04/2004,17:00:00,2.3,1171.0,251.0,12.7,1073.0,120.0,847.0,96.0,1623.0,872.0,18.0,37.1,0.7598,2004-04-07 17:00:00
07/04/2004,18:00:00,3.3,1221.0,435.0,13.5,1101.0,185.0,799.0,121.0,1700.0,996.0,14.7,48.7,0.8089,2004-04-07 18:00:00
07/04/2004,19:00:00,3.1,1262.0,345.0,14.5,1133.0,157.0,774.0,129.0,1748.0,1033.0,11.3,71.3,0.9514,2004-04-07 19:00:00
07/04/2004,20:00:00,3.3,1207.0,343.0,11.0,1013.0,174.0,876.0,116.0,1632.0,982.0,10.0,74.0,0.9087,2004-04-07 20:00:00
07/04/2004,21:00:00,1.2,956.0,62.0,3.2,666.0,62.0,1235.0,71.0,1282.0,518.0,9.8,71.8,0.8702,2004-04-07 21:00:00
07/04/2004,22:00:00,1.3,1020.0,70.0,4.3,727.0,81.0,1153.0,85.0,1391.0,631.0,9.3,75.2,0.8796,2004-04-07 22:00:00
07/04/2004,23:00:00,1.9,1107.0,114.0,7.1,861.0,118.0,957.0,101.0,1510.0,879.0,9.6,76.0,0.9088,2004-04-07 23:00:00
08/04/2004,00:00:00,1.4,1020.0,88.0,4.8,752.0,95.0,1074.0,97.0,1398.0,839.0,9.3,75.0,0.8799,2004-04-08 00:00:00
08/04/2004,01:00:00,1.5,1051.0,95.0,5.7,798.0,84.0,1016.0,89.0,1455.0,876.0,9.0,76.7,0.8825,2004-04-08 01:00:00
08/04/2004,02:00:00,1.1,965.0,83.0,4.1,716.0,56.0,1087.0,72.0,1383.0,827.0,8.2,79.6,0.8672,2004-04-08 02:00:00
08/04/2004,03:00:00,0.8,890.0,63.0,3.3,672.0,-200.0,1183.0,-200.0,1338.0,781.0,7.6,80.6,0.8437,2004-04-08 03:00:00
08/04/2004,04:00:00,-200.0,823.0,38.0,1.8,568.0,43.0,1366.0,57.0,1263.0,699.0,8.3,75.6,0.8302,2004-04-08 04:00:00
08/04/2004,05:00:00,0.8,869.0,68.0,2.8,642.0,69.0,1291.0,62.0,1288.0,723.0,8.1,72.1,0.7798,2004-04-08 05:00:00
08/04/2004,06:00:00,1.1,939.0,59.0,4.8,754.0,74.0,1169.0,64.0,1384.0,797.0,8.1,70.4,0.7609,2004-04-08 06:00:00
08/04/2004,07:00:00,2.6,1274.0,226.0,13.8,1109.0,161.0,820.0,80.0,1723.0,1138.0,8.1,70.5,0.7627,2004-04-08 07:00:00
08/04/2004,08:00:00,5.1,1512.0,802.0,27.1,1482.0,308.0,596.0,118.0,2189.0,1605.0,9.9,64.3,0.7859,2004-04-08 08:00:00
08/04/2004,09:00:00,4.2,1435.0,585.0,19.1,1271.0,300.0,676.0,130.0,1885.0,1569.0,13.0,54.2,0.809,2004-04-08 09:00:00
08/04/2004,10:00:00,2.6,1207.0,324.0,11.7,1041.0,189.0,813.0,113.0,1620.0,1319.0,16.5,42.6,0.7912,2004-04-08 10:00:00
08/04/2004,11:00:00,2.4,1223.0,308.0,12.7,1075.0,164.0,818.0,112.0,1678.0,1198.0,19.3,34.2,0.7566,2004-04-08 11:00:00
08/04/2004,12:00:00,2.1,1121.0,238.0,11.3,1026.0,122.0,865.0,96.0,1541.0,958.0,21.5,27.4,0.6941,2004-04-08 12:00:00
08/04/2004,13:00:00,2.6,1176.0,301.0,14.2,1123.0,166.0,816.0,125.0,1609.0,1068.0,20.4,26.7,0.6323,2004-04-08 13:00:00
08/04/2004,14:00:00,2.8,1144.0,294.0,13.9,1114.0,181.0,845.0,128.0,1551.0,1010.0,20.6,22.6,0.5432,2004-04-08 14:00:00
08/04/2004,15:00:00,2.5,1136.0,353.0,13.2,1089.0,127.0,856.0,101.0,1552.0,928.0,20.6,24.8,0.5931,2004-04-08 15:00:00
08/04/2004,16:00:00,1.9,1085.0,209.0,10.7,1004.0,106.0,888.0,95.0,1454.0,816.0,21.0,25.4,0.6264,2004-04-08 16:00:00
08/04/2004,17:00:00,3.6,1297.0,538.0,19.7,1287.0,192.0,723.0,138.0,1798.0,1216.0,21.5,24.5,0.6203,2004-04-08 17:00:00
08/04/2004,18:00:00,4.6,1408.0,808.0,24.0,1404.0,241.0,646.0,154.0,1972.0,1463.0,19.3,28.6,0.6357,2004-04-08 18:00:00
08/04/2004,19:00:00,6.3,1618.0,974.0,29.1,1530.0,326.0,579.0,171.0,2167.0,1791.0,18.0,32.9,0.6737,2004-04-08 19:00:00
08/04/2004,20:00:00,4.3,1319.0,544.0,15.8,1172.0,232.0,746.0,136.0,1699.0,1425.0,15.8,39.8,0.7096,2004-04-08 20:00:00
08/04/2004,21:00:00,1.6,1045.0,138.0,7.0,857.0,92.0,968.0,93.0,1410.0,922.0,15.3,41.5,0.7194,2004-04-08 21:00:00
08/04/2004,22:00:00,1.4,1058.0,92.0,6.3,824.0,95.0,993.0,99.0,1411.0,971.0,14.1,46.0,0.7363,2004-04-08 22:00:00
08/04/2004,23:00:00,2.0,-200.0,137.0,-200.0,-200.0,129.0,-200.0,106.0,-200.0,-200.0,-200.0,-200.0,-200.0,2004-04-08 23:00:00
09/04/2004,00:00:00,2.4,-200.0,189.0,-200.0,-200.0,154.0,-200.0,109.0,-200.0,-200.0,-200.0,-200.0,-200.0,2004-04-09 00:00:00
09/04/2004,01:00:00,1.8,-200.0,159.0,-200.0,-200.0,118.0,-200.0,97.0,-200.0,-200.0,-200.0,-200.0,-200.0,2004-04-09 01:00:00
09/04/2004,02:00:00,1.0,-200.0,80.0,-200.0,-200.0,69.0,-200.0,83.0,-200.0,-200.0,-200.0,-200.0,-200.0,2004-04-09 02:00:00
09/04/2004,03:00:00,1.0,-200.0,66.0,-200.0,-200.0,-200.0,-200.0,-200.0,-200.0,-200.0,-200.0,-200.0,-200.0,2004-04-09 03:00:00
09/04/2004,04:00:00,1.0,-200.0,87.0,-200.0,-200.0,97.0,-200.0,79.0,-200.0,-200.0,-200.0,-200.0,-200.0,2004-04-09 04:00:00
09/04/2004,05:00:00,0.9,-200.0,79.0,-200.0,-200.0,145.0,-200.0,84.0,-200.0,-200.0,-200.0,-200.0,-200.0,2004-04-09 05:00:00
09/04/2004,06:00:00,1.5,-200.0,150.0,-200.0,-200.0,169.0,-200.0,86.0,-200.0,-200.0,-200.0,-200.0,-200.0,2004-04-09 06:00:00
09/04/2004,07:00:00,2.6,-200.0,196.0,-200.0,-200.0,250.0,-200.0,111.0,-200.0,-200.0,-200.0,-200.0,-200.0,2004-04-09 07:00:00
09/04/2004,08:00:00,2.9,-200.0,299.0,-200.0,-200.0,215.0,-200.0,117.0,-200.0,-200.0,-200.0,-200.0,-200.0,2004-04-09 08:00:00
09/04/2004,09:00:00,2.7,-200.0,254.0,-200.0,-200.0,237.0,-200.0,122.0,-200.0,-200.0,-200.0,-200.0,-200.0,2004-04-09 09:00:00
09/04/2004,10:00:00,2.4,-200.0,226.0,-200.0,-200.0,190.0,-200.0,119.0,-200.0,-200.0,-200.0,-200.0,-200.0,2004-04-09 10:00:00
09/04/2004,11:00:00,2.6,-200.0,262.0,-200.0,-200.0,219.0,-200.0,121.0,-200.0,-200.0,-200.0,-200.0,-200.0,2004-04-09 11:00:00
09/04/2004,12:00:00,4.1,-200.0,505.0,-200.0,-200.0,294.0,-200.0,127.0,-200.0,-200.0,-200.0,-200.0,-200.0,2004-04-09 12:00:00
09/04/2004,13:00:00,4.3,-200.0,512.0,-200.0,-200.0,253.0,-200.0,135.0,-200.0,-200.0,-200.0,-200.0,-200.0,2004-04-09 13:00:00
09/04/2004,14:00:00,2.2,-200.0,159.0,-200.0,-200.0,176.0,-200.0,119.0,-200.0,-200.0,-200.0,-200.0,-200.0,2004-04-09 14:00:00
09/04/2004,15:00:00,3.4,-200.0,337.0,-200.0,-200.0,243.0,-200.0,137.0,-200.0,-200.0,-200.0,-200.0,-200.0,2004-04-09 15:00:00
09/04/2004,16:00:00,3.6,-200.0,357.0,-200.0,-200.0,214.0,-200.0,139.0,-200.0,-200.0,-200.0,-200.0,-200.0,2004-04-09 16:00:00
09/04/2004,17:00:00,2.5,-200.0,194.0,-200.0,-200.0,141.0,-200.0,117.0,-200.0,-200.0,-200.0,-200.0,-200.0,2004-04-09 17:00:00
09/04/2004,18:00:00,2.8,-200.0,278.0,-200.0,-200.0,166.0,-200.0,127.0,-200.0,-200.0,-200.0,-200.0,-200.0,2004-04-09 18:00:00
09/04/2004,19:00:00,3.4,-200.0,303.0,-200.0,-200.0,197.0,-200.0,137.0,-200.0,-200.0,-200.0,-200.0,-200.0,2004-04-09 19:00:00
09/04/2004,20:00:00,3.0,-200.0,234.0,-200.0,-200.0,191.0,-200.0,127.0,-200.0,-200.0,-200.0,-200.0,-200.0,2004-04-09 20:00:00
09/04/2004,21:00:00,2.1,-200.0,128.0,-200.0,-200.0,159.0,-200.0,107.0,-200.0,-200.0,-200.0,-200.0,-200.0,2004-04-09 21:00:00
09/04/2004,22:00:00,2.4,-200.0,160.0,-200.0,-200.0,175.0,-200.0,102.0,-200.0,-200.0,-200.0,-200.0,-200.0,2004-04-09 22:00:00
09/04/2004,23:00:00,2.3,1176.0,169.0,8.4,917.0,157.0,866.0,95.0,1560.0,1151.0,12.0,67.9,0.9523,2004-04-09 23:00:00
10/04/2004,00:00:00,1.3,1047.0,77.0,5.4,783.0,83.0,1014.0,79.0,1449.0,975.0,12.0,66.9,0.9336,2004-04-10 00:00:00
10/04/2004,01:00:00,1.7,1116.0,98.0,6.9,854.0,118.0,929.0,78.0,1533.0,1034.0,11.5,70.1,0.9503,2004-04-10 01:00:00
10/04/2004,02:00:00,1.7,1074.0,102.0,6.4,832.0,101.0,951.0,75.0,1507.0,980.0,11.4,69.8,0.939,2004-04-10 02:00:00
10/04/2004,03:00:00,1.0,922.0,65.0,3.6,687.0,-200.0,1142.0,-200.0,1390.0,825.0,11.1,69.3,0.9128,2004-04-10 03:00:00
10/04/2004,04:00:00,0.8,898.0,69.0,3.3,669.0,46.0,1163.0,52.0,1386.0,807.0,10.8,70.3,0.9092,2004-04-10 04:00:00
10/04/2004,05:00:00,1.0,970.0,89.0,4.0,708.0,81.0,1121.0,55.0,1435.0,842.0,10.2,73.4,0.9129,2004-04-10 05:00:00
10/04/2004,06:00:00,1.4,1073.0,134.0,6.0,812.0,112.0,988.0,65.0,1500.0,950.0,10.8,70.5,0.9142,2004-04-10 06:00:00
10/04/2004,07:00:00,1.7,1081.0,157.0,8.2,906.0,150.0,895.0,72.0,1591.0,1024.0,11.0,71.0,0.9279,2004-04-10 07:00:00
10/04/2004,08:00:00,2.0,1159.0,167.0,9.9,976.0,138.0,837.0,76.0,1663.0,1098.0,12.4,64.0,0.9206,2004-04-10 08:00:00
10/04/2004,09:00:00,2.0,1112.0,157.0,8.8,931.0,124.0,869.0,84.0,1588.0,1011.0,15.0,53.1,0.8993,2004-04-10 09:00:00
10/04/2004,10:00:00,1.9,1112.0,172.0,8.4,917.0,124.0,897.0,90.0,1542.0,931.0,16.6,44.4,0.8313,2004-04-10 10:00:00
10/04/2004,11:00:00,2.1,1063.0,114.0,7.5,877.0,115.0,971.0,89.0,1481.0,811.0,18.0,38.4,0.7862,2004-04-10 11:00:00
10/04/2004,12:00:00,1.8,1032.0,166.0,7.8,892.0,101.0,973.0,87.0,1457.0,756.0,20.6,30.0,0.7213,2004-04-10 12:00:00
10/04/2004,13:00:00,1.5,936.0,94.0,6.4,829.0,90.0,1054.0,88.0,1336.0,607.0,19.9,26.7,0.6137,2004-04-10 13:00:00
10/04/2004,14:00:00,1.3,883.0,108.0,5.1,766.0,90.0,1152.0,81.0,1238.0,498.0,19.8,23.1,0.5283,2004-04-10 14:00:00
10/04/2004,15:00:00,1.4,942.0,98.0,6.9,852.0,89.0,1055.0,89.0,1318.0,540.0,21.4,22.7,0.5722,2004-04-10 15:00:00
10/04/2004,16:00:00,1.5,943.0,132.0,6.8,850.0,92.0,1084.0,91.0,1296.0,544.0,22.1,21.3,0.5605,2004-04-10 16:00:00
10/04/2004,17:00:00,1.7,1007.0,144.0,7.4,875.0,103.0,1027.0,104.0,1357.0,620.0,21.1,24.5,0.604,2004-04-10 17:00:00
10/04/2004,18:00:00,2.0,1037.0,165.0,8.7,927.0,122.0,949.0,111.0,1426.0,740.0,18.3,31.6,0.6562,2004-04-10 18:00:00
10/04/2004,19:00:00,2.5,1127.0,210.0,11.2,1022.0,159.0,871.0,129.0,1534.0,921.0,16.1,35.0,0.6372,2004-04-10 19:00:00
10/04/2004,20:00:00,2.4,1123.0,277.0,10.5,996.0,172.0,861.0,133.0,1551.0,1033.0,14.8,41.5,0.6929,2004-04-10 20:00:00
10/04/2004,21:00:00,2.0,1110.0,168.0,8.2,909.0,125.0,916.0,115.0,1487.0,984.0,13.2,50.3,0.7577,2004-04-10 21:00:00
10/04/2004,22:00:00,2.9,1247.0,248.0,11.6,1037.0,187.0,812.0,125.0,1618.0,1193.0,12.3,55.5,0.7916,2004-04-10 22:00:00
10/04/2004,23:00:00,2.5,1220.0,235.0,9.7,967.0,174.0,844.0,117.0,1545.0,1219.0,11.8,56.6,0.7833,2004-04-10 23:00:00
11/04/2004,00:00:00,1.4,1028.0,84.0,5.1,770.0,75.0,1047.0,84.0,1326.0,913.0,11.2,56.2,0.7469,2004-04-11 00:00:00
11/04/2004,01:00:00,1.2,978.0,75.0,4.0,711.0,48.0,1144.0,63.0,1304.0,750.0,11.0,56.6,0.7418,2004-04-11 01:00:00
11/04/2004,02:00:00,1.0,949.0,62.0,3.7,694.0,61.0,1160.0,68.0,1310.0,772.0,9.3,64.3,0.7531,2004-04-11 02:00:00
11/04/2004,03:00:00,1.0,910.0,66.0,4.0,709.0,-200.0,1162.0,-200.0,1329.0,712.0,8.8,66.0,0.7501,2004-04-11 03:00:00
11/04/2004,04:00:00,-200.0,863.0,49.0,3.0,651.0,38.0,1224.0,52.0,1286.0,712.0,7.8,70.4,0.7463,2004-04-11 04:00:00
11/04/2004,05:00:00,0.7,836.0,38.0,2.9,643.0,38.0,1244.0,49.0,1306.0,727.0,7.7,70.7,0.7463,2004-04-11 05:00:00
11/04/2004,06:00:00,0.8,856.0,44.0,2.9,644.0,41.0,1259.0,49.0,1301.0,746.0,7.4,71.0,0.7346,2004-04-11 06:00:00
11/04/2004,07:00:00,0.9,888.0,60.0,3.0,651.0,51.0,1240.0,52.0,1298.0,733.0,8.2,66.6,0.7283,2004-04-11 07:00:00
11/04/2004,08:00:00,1.1,912.0,88.0,3.7,694.0,61.0,1196.0,58.0,1343.0,727.0,8.7,64.3,0.7267,2004-04-11 08:00:00
11/04/2004,09:00:00,1.0,938.0,70.0,3.9,706.0,47.0,1177.0,51.0,1320.0,642.0,13.0,47.9,0.7116,2004-04-11 09:00:00
11/04/2004,10:00:00,1.6,1053.0,94.0,6.2,823.0,87.0,1040.0,77.0,1386.0,810.0,17.4,35.4,0.699,2004-04-11 10:00:00
11/04/2004,11:00:00,1.8,1087.0,126.0,7.3,870.0,107.0,1014.0,90.0,1412.0,851.0,20.2,29.2,0.683,2004-04-11 11:00:00
11/04/2004,12:00:00,2.6,1153.0,181.0,9.2,945.0,161.0,969.0,118.0,1425.0,911.0,22.7,22.9,0.6224,2004-04-11 12:00:00
11/04/2004,13:00:00,1.1,894.0,66.0,4.0,710.0,61.0,1209.0,70.0,1200.0,611.0,22.3,22.4,0.5955,2004-04-11 13:00:00
11/04/2004,14:00:00,0.6,797.0,54.0,2.3,606.0,26.0,1452.0,35.0,1076.0,368.0,22.2,18.9,0.4993,2004-04-11 14:00:00
11/04/2004,15:00:00,0.9,854.0,48.0,3.1,658.0,42.0,1409.0,46.0,1108.0,369.0,22.0,19.0,0.4969,2004-04-11 15:00:00
11/04/2004,16:00:00,1.0,892.0,66.0,3.2,665.0,55.0,1348.0,58.0,1150.0,394.0,21.0,23.6,0.5788,2004-04-11 16:00:00
11/04/2004,17:00:00,1.2,935.0,65.0,3.3,672.0,65.0,1299.0,61.0,1183.0,415.0,19.6,27.4,0.6162,2004-04-11 17:00:00
11/04/2004,18:00:00,1.4,989.0,68.0,4.0,709.0,75.0,1225.0,80.0,1233.0,469.0,17.9,30.8,0.6258,2004-04-11 18:00:00
11/04/2004,19:00:00,2.0,1063.0,118.0,5.7,797.0,93.0,1079.0,93.0,1285.0,607.0,16.4,35.3,0.6532,2004-04-11 19:00:00
11/04/2004,20:00:00,1.1,922.0,65.0,3.4,674.0,63.0,1220.0,78.0,1205.0,498.0,15.6,37.5,0.6575,2004-04-11 20:00:00
11/04/2004,21:00:00,1.1,925.0,63.0,3.5,680.0,60.0,1223.0,76.0,1217.0,481.0,15.5,36.7,0.6438,2004-04-11 21:00:00
11/04/2004,22:00:00,1.1,924.0,61.0,2.9,648.0,63.0,1272.0,74.0,1186.0,465.0,14.5,39.0,0.6428,2004-04-11 22:00:00
11/04/2004,23:00:00,1.1,914.0,63.0,3.1,661.0,66.0,1256.0,81.0,1187.0,478.0,14.2,38.2,0.6163,2004-04-11 23:00:00
12/04/2004,00:00:00,0.7,840.0,31.0,1.6,556.0,41.0,1474.0,58.0,1094.0,366.0,13.7,38.3,0.5957,2004-04-12 00:00:00
12/04/2004,01:00:00,0.6,799.0,29.0,1.1,514.0,42.0,1615.0,59.0,1036.0,332.0,14.1,34.0,0.5442,2004-04-12 01:00:00
12/04/2004,02:00:00,0.7,856.0,34.0,2.0,581.0,36.0,1448.0,54.0,1111.0,346.0,14.6,34.0,0.5605,2004-04-12 02:00:00
12/04/2004,03:00:00,0.6,830.0,34.0,1.7,560.0,-200.0,1452.0,-200.0,1066.0,350.0,14.4,32.8,0.5364,2004-04-12 03:00:00
12/04/2004,04:00:00,0.3,753.0,9.0,0.7,462.0,16.0,1822.0,25.0,955.0,274.0,13.9,30.9,0.4868,2004-04-12 04:00:00
12/04/2004,05:00:00,0.3,785.0,14.0,0.5,448.0,16.0,1923.0,26.0,1003.0,263.0,13.5,37.9,0.5852,2004-04-12 05:00:00
12/04/2004,06:00:00,0.4,835.0,23.0,0.7,472.0,33.0,1756.0,49.0,1117.0,314.0,13.9,43.6,0.6871,2004-04-12 06:00:00
12/04/2004,07:00:00,0.5,865.0,36.0,0.9,494.0,39.0,1613.0,53.0,1185.0,367.0,13.5,50.1,0.7706,2004-04-12 07:00:00
12/04/2004,08:00:00,0.6,922.0,39.0,1.5,541.0,45.0,1453.0,57.0,1246.0,432.0,13.3,53.6,0.8169,2004-04-12 08:00:00
12/04/2004,09:00:00,0.8,975.0,38.0,2.2,598.0,63.0,1268.0,73.0,1293.0,536.0,13.4,56.0,0.8576,2004-04-12 09:00:00
12/04/2004,10:00:00,1.0,1040.0,55.0,2.9,646.0,71.0,1210.0,78.0,1325.0,555.0,13.0,59.6,0.886,2004-04-12 10:00:00
12/04/2004,11:00:00,1.3,1115.0,75.0,3.9,707.0,104.0,1105.0,93.0,1384.0,677.0,12.7,62.7,0.9173,2004-04-12 11:00:00
12/04/2004,12:00:00,1.1,1004.0,64.0,2.8,641.0,85.0,1201.0,71.0,1305.0,557.0,12.1,60.5,0.8505,2004-04-12 12:00:00
12/04/2004,13:00:00,0.6,895.0,39.0,1.4,536.0,53.0,1415.0,56.0,1229.0,421.0,11.2,64.4,0.8537,2004-04-12 13:00:00
12/04/2004,14:00:00,0.7,917.0,42.0,1.7,563.0,58.0,1415.0,60.0,1257.0,423.0,10.7,67.6,0.8703,2004-04-12 14:00:00
12/04/2004,15:00:00,1.2,1025.0,78.0,3.6,689.0,89.0,1189.0,77.0,1325.0,519.0,11.4,61.2,0.8236,2004-04-12 15:00:00
12/04/2004,16:00:00,1.4,1035.0,69.0,3.1,660.0,96.0,1222.0,82.0,1301.0,533.0,9.9,70.5,0.8581,2004-04-12 16:00:00
12/04/2004,17:00:00,1.2,1025.0,67.0,3.5,682.0,88.0,1197.0,77.0,1313.0,537.0,10.3,65.2,0.8151,2004-04-12 17:00:00
12/04/2004,18:00:00,1.3,1040.0,83.0,3.9,705.0,100.0,1149.0,91.0,1324.0,612.0,11.0,58.9,0.7714,2004-04-12 18:00:00
12/04/2004,19:00:00,1.8,1070.0,79.0,5.2,776.0,127.0,1065.0,93.0,1369.0,697.0,10.6,59.5,0.7595,2004-04-12 19:00:00
12/04/2004,20:00:00,1.2,964.0,68.0,3.7,692.0,88.0,1176.0,82.0,1292.0,573.0,10.6,57.7,0.7362,2004-04-12 20:00:00
12/04/2004,21:00:00,0.8,904.0,56.0,2.7,635.0,66.0,1269.0,74.0,1233.0,489.0,10.6,56.1,0.7149,2004-04-12 21:00:00
12/04/2004,22:00:00,0.8,913.0,49.0,2.6,626.0,61.0,1271.0,68.0,1234.0,474.0,10.3,58.0,0.7239,2004-04-12 22:00:00
12/04/2004,23:00:00,0.8,914.0,56.0,2.4,610.0,54.0,1322.0,65.0,1230.0,455.0,10.4,58.4,0.7352,2004-04-12 23:00:00
13/04/2004,00:00:00,0.7,893.0,48.0,2.0,587.0,46.0,1368.0,58.0,1219.0,433.0,10.7,58.2,0.7459,2004-04-13 00:00:00
13/04/2004,01:00:00,0.5,844.0,27.0,1.3,532.0,25.0,1499.0,36.0,1176.0,376.0,10.5,59.9,0.7624,2004-04-13 01:00:00
13/04/2004,02:00:00,0.3,837.0,29.0,1.2,518.0,18.0,1581.0,29.0,1182.0,360.0,10.5,60.8,0.7704,2004-04-13 02:00:00
13/04/2004,03:00:00,0.4,868.0,32.0,1.3,530.0,-200.0,1482.0,-200.0,1215.0,384.0,10.6,63.1,0.8068,2004-04-13 03:00:00
13/04/2004,04:00:00,0.3,825.0,47.0,0.9,489.0,21.0,1565.0,28.0,1171.0,363.0,11.1,60.1,0.7925,2004-04-13 04:00:00
13/04/2004,05:00:00,0.7,956.0,66.0,3.1,656.0,76.0,1251.0,68.0,1356.0,525.0,10.1,68.4,0.8443,2004-04-13 05:00:00
13/04/2004,06:00:00,1.6,1124.0,163.0,6.9,853.0,149.0,960.0,99.0,1531.0,873.0,10.0,68.7,0.8456,2004-04-13 06:00:00
13/04/2004,07:00:00,3.9,1496.0,524.0,19.1,1272.0,328.0,667.0,130.0,2011.0,1399.0,11.0,64.2,0.8398,2004-04-13 07:00:00
13/04/2004,08:00:00,4.5,1452.0,657.0,22.1,1354.0,282.0,620.0,128.0,2057.0,1501.0,12.0,58.1,0.8138,2004-04-13 08:00:00
13/04/2004,09:00:00,2.7,1172.0,324.0,11.8,1042.0,206.0,797.0,120.0,1641.0,1186.0,12.8,52.0,0.7643,2004-04-13 09:00:00
13/04/2004,10:00:00,1.6,1020.0,144.0,7.3,871.0,133.0,956.0,93.0,1426.0,911.0,12.6,50.8,0.7387,2004-04-13 10:00:00
13/04/2004,11:00:00,1.6,1044.0,135.0,8.0,900.0,137.0,934.0,96.0,1471.0,919.0,13.8,47.4,0.7435,2004-04-13 11:00:00
13/04/2004,12:00:00,1.6,1020.0,140.0,7.2,866.0,116.0,972.0,84.0,1429.0,791.0,15.1,42.7,0.7294,2004-04-13 12:00:00
13/04/2004,13:00:00,1.5,1009.0,141.0,7.7,885.0,112.0,994.0,87.0,1439.0,751.0,16.3,38.1,0.7006,2004-04-13 13:00:00
13/04/2004,14:00:00,1.8,1073.0,181.0,9.7,966.0,128.0,935.0,87.0,1537.0,805.0,16.6,36.7,0.6867,2004-04-13 14:00:00
13/04/2004,15:00:00,2.1,1098.0,227.0,9.8,971.0,145.0,877.0,103.0,1527.0,966.0,15.8,40.5,0.7241,2004-04-13 15:00:00
13/04/2004,16:00:00,1.7,1061.0,149.0,7.7,887.0,110.0,920.0,88.0,1462.0,869.0,16.3,41.8,0.7712,2004-04-13 16:00:00
13/04/2004,17:00:00,3.0,1289.0,425.0,15.3,1158.0,184.0,755.0,118.0,1791.0,1196.0,16.1,42.8,0.7783,2004-04-13 17:00:00
13/04/2004,18:00:00,4.6,1442.0,669.0,21.5,1337.0,243.0,630.0,134.0,2004.0,1523.0,15.3,46.8,0.8074,2004-04-13 18:00:00
13/04/2004,19:00:00,5.0,1479.0,680.0,21.7,1343.0,259.0,631.0,144.0,1995.0,1579.0,14.7,47.0,0.7815,2004-04-13 19:00:00
13/04/2004,20:00:00,3.5,1266.0,446.0,14.6,1138.0,205.0,726.0,129.0,1747.0,1370.0,14.1,49.6,0.7931,2004-04-13 20:00:00
13/04/2004,21:00:00,2.1,1149.0,205.0,9.3,952.0,144.0,845.0,108.0,1577.0,1204.0,13.5,54.1,0.8351,2004-04-13 21:00:00
13/04/2004,22:00:00,2.1,1168.0,194.0,9.4,954.0,152.0,843.0,104.0,1586.0,1201.0,12.3,59.2,0.8461,2004-04-13 22:00:00
13/04/2004,23:00:00,1.5,1079.0,115.0,6.8,847.0,108.0,925.0,90.0,1463.0,1122.0,11.6,62.2,0.851,2004-04-13 23:00:00
14/04/2004,00:00:00,1.1,1047.0,74.0,4.9,760.0,64.0,1032.0,74.0,1379.0,1003.0,11.5,61.4,0.8303,2004-04-14 00:00:00
14/04/2004,01:00:00,0.9,936.0,85.0,3.9,705.0,73.0,1086.0,73.0,1364.0,918.0,10.9,64.6,0.8395,2004-04-14 01:00:00
14/04/2004,02:00:00,0.7,900.0,66.0,2.7,635.0,47.0,1207.0,60.0,1307.0,836.0,11.1,63.2,0.8331,2004-04-14 02:00:00
14/04/2004,03:00:00,0.4,839.0,60.0,1.9,576.0,-200.0,1325.0,-200.0,1285.0,759.0,10.7,64.4,0.8284,2004-04-14 03:00:00
14/04/2004,04:00:00,-200.0,840.0,40.0,1.7,563.0,45.0,1349.0,57.0,1275.0,755.0,10.7,63.8,0.8174,2004-04-14 04:00:00
14/04/2004,05:00:00,0.9,905.0,47.0,3.3,670.0,79.0,1191.0,62.0,1346.0,820.0,10.2,65.8,0.8196,2004-04-14 05:00:00
14/04/2004,06:00:00,1.6,1079.0,116.0,7.4,875.0,113.0,947.0,71.0,1535.0,998.0,10.3,65.6,0.8225,2004-04-14 06:00:00
14/04/2004,07:00:00,3.9,1417.0,478.0,18.2,1246.0,263.0,669.0,94.0,1921.0,1403.0,10.8,64.0,0.8307,2004-04-14 07:00:00
14/04/2004,08:00:00,5.0,1529.0,836.0,27.7,1497.0,275.0,569.0,99.0,2278.0,1641.0,13.3,55.6,0.8453,2004-04-14 08:00:00
14/04/2004,09:00:00,4.3,1397.0,655.0,18.3,1248.0,263.0,659.0,119.0,1906.0,1534.0,15.8,46.8,0.8328,2004-04-14 09:00:00
14/04/2004,10:00:00,2.7,1214.0,312.0,12.3,1061.0,183.0,780.0,103.0,1662.0,1257.0,19.5,34.4,0.7738,2004-04-14 10:00:00
14/04/2004,11:00:00,2.1,1109.0,195.0,8.9,935.0,147.0,882.0,95.0,1518.0,1026.0,21.1,30.2,0.745,2004-04-14 11:00:00
14/04/2004,12:00:00,2.1,1122.0,238.0,10.4,993.0,132.0,859.0,95.0,1571.0,993.0,18.4,34.2,0.7185,2004-04-14 12:00:00
14/04/2004,13:00:00,-200.0,1094.0,-200.0,9.7,966.0,-200.0,877.0,-200.0,1519.0,919.0,21.0,30.6,0.7538,2004-04-14 13:00:00
14/04/2004,14:00:00,-200.0,1164.0,-200.0,12.8,1076.0,-200.0,788.0,-200.0,1653.0,1032.0,21.4,28.7,0.7231,2004-04-14 14:00:00
14/04/2004,15:00:00,-200.0,1188.0,-200.0,12.9,1082.0,-200.0,790.0,-200.0,1653.0,1077.0,21.3,27.3,0.6856,2004-04-14 15:00:00
14/04/2004,16:00:00,-200.0,1098.0,-200.0,8.9,934.0,-200.0,895.0,-200.0,1497.0,883.0,20.4,30.4,0.7193,2004-04-14 16:00:00
14/04/2004,17:00:00,-200.0,1180.0,-200.0,11.0,1014.0,-200.0,826.0,-200.0,1595.0,1036.0,18.7,34.8,0.7436,2004-04-14 17:00:00
14/04/2004,18:00:00,-200.0,1195.0,-200.0,12.6,1072.0,-200.0,799.0,-200.0,1609.0,1144.0,18.6,34.7,0.7369,2004-04-14 18:00:00
14/04/2004,19:00:00,-200.0,1234.0,-200.0,13.3,1095.0,-200.0,789.0,-200.0,1638.0,1212.0,17.9,35.8,0.7276,2004-04-14 19:00:00
14/04/2004,20:00:00,-200.0,1425.0,-200.0,18.1,1242.0,-200.0,675.0,-200.0,1858.0,1486.0,16.5,42.1,0.7856,2004-04-14 20:00:00
14/04/2004,21:00:00,-200.0,1320.0,-200.0,13.0,1085.0,-200.0,730.0,-200.0,1689.0,1440.0,14.8,49.7,0.8321,2004-04-14 21:00:00
14/04/2004,22:00:00,-200.0,1158.0,-200.0,7.8,892.0,-200.0,870.0,-200.0,1494.0,1242.0,13.4,54.3,0.8291,2004-04-14 22:00:00
14/04/2004,23:00:00,-200.0,1060.0,-200.0,5.8,805.0,-200.0,964.0,-200.0,1418.0,1089.0,13.4,54.2,0.8319,2004-04-14 23:00:00
15/04/2004,00:00:00,-200.0,1036.0,-200.0,4.7,746.0,-200.0,1034.0,-200.0,1364.0,993.0,12.3,57.6,0.8223,2004-04-15 00:00:00
15/04/2004,01:00:00,-200.0,943.0,-200.0,3.1,660.0,-200.0,1163.0,-200.0,1297.0,862.0,11.6,58.8,0.7996,2004-04-15 01:00:00
15/04/2004,02:00:00,-200.0,899.0,-200.0,2.1,591.0,-200.0,1243.0,-200.0,1259.0,815.0,10.7,62.3,0.7988,2004-04-15 02:00:00
15/04/2004,03:00:00,-200.0,889.0,-200.0,1.7,559.0,-200.0,1331.0,-200.0,1241.0,714.0,10.2,63.2,0.7865,2004-04-15 03:00:00
15/04/2004,04:00:00,-200.0,847.0,-200.0,1.3,527.0,-200.0,1416.0,-200.0,1216.0,682.0,10.5,61.3,0.7761,2004-04-15 04:00:00
15/04/2004,05:00:00,-200.0,918.0,-200.0,2.6,625.0,-200.0,1255.0,-200.0,1298.0,744.0,9.3,65.8,0.7722,2004-04-15 05:00:00
15/04/2004,06:00:00,-200.0,1105.0,-200.0,7.9,897.0,-200.0,906.0,-200.0,1510.0,1050.0,9.1,67.4,0.7814,2004-04-15 06:00:00
15/04/2004,07:00:00,-200.0,1491.0,-200.0,21.4,1335.0,-200.0,625.0,-200.0,2001.0,1522.0,10.2,62.9,0.7831,2004-04-15 07:00:00
15/04/2004,08:00:00,-200.0,1508.0,-200.0,22.1,1355.0,-200.0,609.0,-200.0,2034.0,1623.0,11.6,58.7,0.7999,2004-04-15 08:00:00
15/04/2004,09:00:00,3.9,1489.0,536.0,19.1,1270.0,309.0,633.0,114.0,1889.0,1638.0,13.5,53.4,0.8196,2004-04-15 09:00:00
15/04/2004,10:00:00,3.8,1451.0,481.0,17.3,1219.0,327.0,661.0,127.0,1804.0,1633.0,15.0,49.3,0.8364,2004-04-15 10:00:00
15/04/2004,11:00:00,3.8,1454.0,460.0,17.5,1225.0,299.0,661.0,135.0,1809.0,1654.0,17.1,42.1,0.812,2004-04-15 11:00:00
15/04/2004,12:00:00,3.9,1392.0,597.0,17.0,1210.0,257.0,689.0,135.0,1792.0,1559.0,18.4,36.9,0.7758,2004-04-15 12:00:00
15/04/2004,13:00:00,3.5,1351.0,465.0,17.0,1210.0,195.0,709.0,120.0,1783.0,1374.0,19.3,35.4,0.7824,2004-04-15 13:00:00
15/04/2004,14:00:00,4.0,1418.0,542.0,19.5,1282.0,231.0,681.0,129.0,1890.0,1418.0,19.2,35.7,0.7826,2004-04-15 14:00:00
15/04/2004,15:00:00,3.0,1303.0,437.0,14.8,1143.0,170.0,748.0,114.0,1734.0,1228.0,21.5,30.4,0.7677,2004-04-15 15:00:00
15/04/2004,16:00:00,3.1,1292.0,383.0,14.0,1116.0,192.0,746.0,129.0,1676.0,1293.0,19.6,34.6,0.7807,2004-04-15 16:00:00
15/04/2004,17:00:00,5.2,1560.0,778.0,24.4,1413.0,251.0,594.0,149.0,2046.0,1642.0,19.6,35.5,0.8017,2004-04-15 17:00:00
15/04/2004,18:00:00,5.9,1765.0,926.0,28.1,1507.0,289.0,533.0,149.0,2271.0,1895.0,18.3,44.1,0.9183,2004-04-15 18:00:00
15/04/2004,19:00:00,7.3,1875.0,1189.0,33.7,1637.0,351.0,482.0,158.0,2446.0,2086.0,17.4,47.8,0.9392,2004-04-15 19:00:00
15/04/2004,20:00:00,6.1,1746.0,824.0,24.2,1409.0,319.0,553.0,148.0,2119.0,1898.0,16.8,49.8,0.9446,2004-04-15 20:00:00
15/04/2004,21:00:00,4.6,1607.0,660.0,19.8,1290.0,264.0,587.0,134.0,1960.0,1758.0,16.2,53.2,0.9723,2004-04-15 21:00:00
15/04/2004,22:00:00,2.5,1277.0,203.0,9.3,952.0,144.0,802.0,111.0,1607.0,1284.0,14.9,59.1,0.9928,2004-04-15 22:00:00
15/04/2004,23:00:00,2.2,1207.0,136.0,7.3,868.0,119.0,877.0,106.0,1532.0,1075.0,13.9,64.0,1.013,2004-04-15 23:00:00
16/04/2004,00:00:00,2.0,1209.0,114.0,7.1,863.0,120.0,882.0,108.0,1547.0,1084.0,13.7,66.8,1.041,2004-04-16 00:00:00
16/04/2004,01:00:00,1.9,1189.0,110.0,6.7,844.0,96.0,887.0,93.0,1566.0,1049.0,13.4,69.6,1.0688,2004-04-16 01:00:00
16/04/2004,02:00:00,1.6,1132.0,127.0,6.0,810.0,77.0,899.0,83.0,1532.0,1021.0,12.8,71.9,1.0632,2004-04-16 02:00:00
16/04/2004,03:00:00,1.0,974.0,68.0,2.7,635.0,-200.0,1159.0,-200.0,1387.0,778.0,12.9,68.5,1.0155,2004-04-16 03:00:00
16/04/2004,04:00:00,1.0,1033.0,70.0,3.6,686.0,63.0,1030.0,69.0,1420.0,948.0,11.9,74.8,1.038,2004-04-16 04:00:00
16/04/2004,05:00:00,1.2,1075.0,93.0,5.4,782.0,97.0,941.0,77.0,1505.0,988.0,11.6,76.4,1.0415,2004-04-16 05:00:00
16/04/2004,06:00:00,2.0,1242.0,179.0,10.0,978.0,180.0,778.0,87.0,1686.0,1184.0,11.7,75.3,1.0325,2004-04-16 06:00:00
16/04/2004,07:00:00,4.5,1657.0,523.0,23.2,1384.0,352.0,579.0,109.0,2176.0,1600.0,12.8,71.0,1.0428,2004-04-16 07:00:00
16/04/2004,08:00:00,4.1,1406.0,546.0,18.7,1258.0,279.0,636.0,116.0,1890.0,1495.0,13.8,61.1,0.9595,2004-04-16 08:00:00
16/04/2004,09:00:00,2.6,1150.0,251.0,9.9,973.0,186.0,827.0,105.0,1590.0,1188.0,15.3,51.4,0.8886,2004-04-16 09:00:00
16/04/2004,10:00:00,2.3,1184.0,222.0,10.2,983.0,169.0,823.0,106.0,1604.0,1166.0,16.6,48.7,0.9146,2004-04-16 10:00:00
16/04/2004,11:00:00,2.6,1223.0,212.0,11.0,1014.0,172.0,781.0,108.0,1666.0,1219.0,17.6,46.7,0.9324,2004-04-16 11:00:00
16/04/2004,12:00:00,2.4,1196.0,263.0,10.5,997.0,127.0,802.0,100.0,1644.0,1128.0,19.2,42.7,0.9425,2004-04-16 12:00:00
16/04/2004,13:00:00,4.3,1559.0,535.0,18.9,1267.0,230.0,653.0,149.0,2047.0,1373.0,15.7,62.5,1.1092,2004-04-16 13:00:00
16/04/2004,14:00:00,4.6,1544.0,609.0,18.9,1266.0,280.0,613.0,148.0,2066.0,1415.0,14.5,75.7,1.2425,2004-04-16 14:00:00
16/04/2004,15:00:00,4.0,1485.0,449.0,17.5,1223.0,242.0,650.0,126.0,1980.0,1302.0,14.4,77.4,1.2654,2004-04-16 15:00:00
16/04/2004,16:00:00,4.7,1498.0,536.0,17.7,1230.0,250.0,649.0,140.0,1963.0,1308.0,14.6,74.9,1.2391,2004-04-16 16:00:00
16/04/2004,17:00:00,5.7,1593.0,743.0,23.0,1378.0,309.0,582.0,142.0,2159.0,1449.0,14.6,76.0,1.2573,2004-04-16 17:00:00
16/04/2004,18:00:00,5.2,1529.0,575.0,20.4,1309.0,270.0,627.0,141.0,2083.0,1385.0,14.0,76.3,1.2166,2004-04-16 18:00:00
16/04/2004,19:00:00,6.4,1689.0,783.0,26.8,1474.0,323.0,560.0,149.0,2298.0,1492.0,13.9,78.0,1.2303,2004-04-16 19:00:00
16/04/2004,20:00:00,6.0,1535.0,706.0,19.9,1295.0,307.0,627.0,140.0,2039.0,1380.0,13.8,78.0,1.2229,2004-04-16 20:00:00
16/04/2004,21:00:00,3.4,1304.0,299.0,12.5,1067.0,224.0,737.0,117.0,1811.0,1167.0,13.5,79.4,1.2224,2004-04-16 21:00:00
16/04/2004,22:00:00,2.7,1235.0,159.0,9.6,963.0,166.0,803.0,103.0,1680.0,1095.0,13.1,80.1,1.2016,2004-04-16 22:00:00
16/04/2004,23:00:00,3.1,1281.0,171.0,10.0,977.0,171.0,794.0,99.0,1695.0,1105.0,12.8,81.0,1.1915,2004-04-16 23:00:00
17/04/2004,00:00:00,2.6,1167.0,162.0,8.1,904.0,169.0,846.0,100.0,1627.0,1051.0,12.7,80.6,1.1819,2004-04-17 00:00:00
17/04/2004,01:00:00,2.2,1134.0,111.0,7.1,863.0,120.0,869.0,88.0,1599.0,1009.0,12.5,81.8,1.1838,2004-04-17 01:00:00
17/04/2004,02:00:00,1.9,1100.0,134.0,6.4,829.0,103.0,887.0,83.0,1565.0,972.0,12.7,81.2,1.1849,2004-04-17 02:00:00
17/04/2004,03:00:00,-200.0,1057.0,-200.0,5.1,768.0,-200.0,958.0,-200.0,1527.0,884.0,12.4,82.4,1.1848,2004-04-17 03:00:00
17/04/2004,04:00:00,-200.0,902.0,-200.0,3.0,652.0,-200.0,1158.0,-200.0,1437.0,661.0,12.6,79.9,1.1619,2004-04-17 04:00:00
17/04/2004,05:00:00,-200.0,982.0,-200.0,4.2,724.0,-200.0,1055.0,-200.0,1508.0,774.0,12.8,80.0,1.1761,2004-04-17 05:00:00
17/04/2004,06:00:00,-200.0,997.0,-200.0,5.1,769.0,-200.0,1002.0,-200.0,1524.0,868.0,12.6,79.9,1.1596,2004-04-17 06:00:00
17/04/2004,07:00:00,-200.0,1141.0,-200.0,8.1,902.0,-200.0,905.0,-200.0,1672.0,965.0,12.5,79.6,1.1538,2004-04-17 07:00:00
17/04/2004,08:00:00,-200.0,1163.0,-200.0,8.8,930.0,-200.0,849.0,-200.0,1691.0,985.0,12.8,80.8,1.1863,2004-04-17 08:00:00
17/04/2004,09:00:00,-200.0,1107.0,-200.0,7.2,864.0,-200.0,911.0,-200.0,1604.0,963.0,13.5,78.1,1.1997,2004-04-17 09:00:00
17/04/2004,10:00:00,-200.0,1228.0,-200.0,9.2,949.0,-200.0,838.0,-200.0,1706.0,1069.0,14.6,74.9,1.2348,2004-04-17 10:00:00
17/04/2004,11:00:00,-200.0,1033.0,-200.0,6.0,810.0,-200.0,969.0,-200.0,1526.0,864.0,16.8,61.0,1.1599,2004-04-17 11:00:00
17/04/2004,12:00:00,-200.0,984.0,-200.0,5.0,763.0,-200.0,1054.0,-200.0,1472.0,641.0,18.8,50.1,1.0769,2004-04-17 12:00:00
17/04/2004,13:00:00,-200.0,1066.0,-200.0,7.5,879.0,-200.0,939.0,-200.0,1536.0,740.0,19.3,47.1,1.0445,2004-04-17 13:00:00
17/04/2004,14:00:00,-200.0,926.0,-200.0,3.9,707.0,-200.0,1130.0,-200.0,1429.0,532.0,19.3,46.6,1.0298,2004-04-17 14:00:00
17/04/2004,15:00:00,-200.0,979.0,-200.0,5.0,764.0,-200.0,1054.0,-200.0,1462.0,572.0,19.7,44.4,1.0081,2004-04-17 15:00:00
17/04/2004,16:00:00,-200.0,993.0,-200.0,5.4,783.0,-200.0,1033.0,-200.0,1482.0,630.0,19.3,45.7,1.0161,2004-04-17 16:00:00
17/04/2004,17:00:00,-200.0,970.0,-200.0,5.0,763.0,-200.0,1043.0,-200.0,1462.0,608.0,17.9,49.9,1.0135,2004-04-17 17:00:00
17/04/2004,18:00:00,-200.0,997.0,-200.0,5.5,788.0,-200.0,1014.0,-200.0,1482.0,644.0,16.9,53.2,1.0179,2004-04-17 18:00:00
17/04/2004,19:00:00,-200.0,1097.0,-200.0,7.8,892.0,-200.0,909.0,-200.0,1594.0,833.0,16.1,56.0,1.0151,2004-04-17 19:00:00
17/04/2004,20:00:00,-200.0,1105.0,-200.0,8.2,908.0,-200.0,900.0,-200.0,1566.0,923.0,16.5,52.8,0.986,2004-04-17 20:00:00
17/04/2004,21:00:00,-200.0,993.0,-200.0,5.3,777.0,-200.0,1022.0,-200.0,1482.0,790.0,16.9,51.1,0.9743,2004-04-17 21:00:00
17/04/2004,22:00:00,-200.0,1136.0,-200.0,7.9,896.0,-200.0,919.0,-200.0,1623.0,961.0,17.0,50.8,0.9751,2004-04-17 22:00:00
17/04/2004,23:00:00,-200.0,1297.0,-200.0,10.7,1003.0,-200.0,798.0,-200.0,1700.0,1177.0,16.9,54.8,1.0455,2004-04-17 23:00:00
18/04/2004,00:00:00,-200.0,1110.0,-200.0,6.9,855.0,-200.0,897.0,-200.0,1568.0,943.0,16.3,57.2,1.0492,2004-04-18 00:00:00
18/04/2004,01:00:00,-200.0,1027.0,-200.0,6.3,827.0,-200.0,942.0,-200.0,1529.0,742.0,16.0,56.2,1.0164,2004-04-18 01:00:00
18/04/2004,02:00:00,-200.0,1024.0,-200.0,5.6,795.0,-200.0,982.0,-200.0,1501.0,705.0,15.6,60.2,1.0617,2004-04-18 02:00:00
18/04/2004,03:00:00,-200.0,992.0,-200.0,5.4,783.0,-200.0,988.0,-200.0,1527.0,663.0,14.6,68.2,1.1282,2004-04-18 03:00:00
18/04/2004,04:00:00,-200.0,929.0,-200.0,3.2,664.0,-200.0,1144.0,-200.0,1449.0,536.0,14.3,69.6,1.1257,2004-04-18 04:00:00
18/04/2004,05:00:00,-200.0,892.0,-200.0,1.9,579.0,-200.0,1309.0,-200.0,1396.0,441.0,13.8,71.9,1.1312,2004-04-18 05:00:00
18/04/2004,06:00:00,-200.0,895.0,-200.0,2.3,609.0,-200.0,1268.0,-200.0,1410.0,477.0,13.8,72.7,1.1402,2004-04-18 06:00:00
18/04/2004,07:00:00,-200.0,915.0,-200.0,2.4,612.0,-200.0,1266.0,-200.0,1411.0,506.0,14.2,72.3,1.1632,2004-04-18 07:00:00
18/04/2004,08:00:00,-200.0,947.0,-200.0,2.9,649.0,-200.0,1154.0,-200.0,1459.0,608.0,14.5,72.9,1.195,2004-04-18 08:00:00
18/04/2004,09:00:00,-200.0,1032.0,-200.0,4.2,721.0,-200.0,1052.0,-200.0,1546.0,663.0,14.2,75.6,1.2201,2004-04-18 09:00:00
18/04/2004,10:00:00,-200.0,1219.0,-200.0,6.8,849.0,-200.0,901.0,-200.0,1664.0,912.0,14.5,77.2,1.2695,2004-04-18 10:00:00
18/04/2004,11:00:00,-200.0,1217.0,-200.0,7.3,869.0,-200.0,873.0,-200.0,1660.0,963.0,14.9,74.5,1.253,2004-04-18 11:00:00
18/04/2004,12:00:00,-200.0,1097.0,-200.0,5.3,779.0,-200.0,980.0,-200.0,1565.0,803.0,15.5,67.4,1.178,2004-04-18 12:00:00
18/04/2004,13:00:00,-200.0,938.0,-200.0,3.4,674.0,-200.0,1136.0,-200.0,1433.0,564.0,16.7,56.0,1.0544,2004-04-18 13:00:00
18/04/2004,14:00:00,-200.0,944.0,-200.0,3.4,677.0,-200.0,1140.0,-200.0,1436.0,501.0,17.1,55.5,1.0724,2004-04-18 14:00:00
18/04/2004,15:00:00,-200.0,1139.0,-200.0,6.8,847.0,-200.0,929.0,-200.0,1604.0,701.0,16.2,62.4,1.1423,2004-04-18 15:00:00
18/04/2004,16:00:00,-200.0,1163.0,-200.0,7.0,859.0,-200.0,921.0,-200.0,1603.0,783.0,17.4,58.9,1.1567,2004-04-18 16:00:00
18/04/2004,17:00:00,-200.0,1157.0,-200.0,7.7,885.0,-200.0,916.0,-200.0,1590.0,784.0,17.5,54.6,1.08,2004-04-18 17:00:00
18/04/2004,18:00:00,-200.0,1154.0,-200.0,8.5,919.0,-200.0,876.0,-200.0,1623.0,861.0,17.5,54.2,1.0722,2004-04-18 18:00:00
18/04/2004,19:00:00,-200.0,1342.0,-200.0,13.5,1102.0,-200.0,744.0,-200.0,1824.0,1156.0,17.0,55.1,1.0621,2004-04-18 19:00:00
18/04/2004,20:00:00,-200.0,1178.0,-200.0,9.2,949.0,-200.0,847.0,-200.0,1653.0,1047.0,16.4,57.8,1.0669,2004-04-18 20:00:00
18/04/2004,21:00:00,-200.0,1152.0,-200.0,8.7,926.0,-200.0,854.0,-200.0,1669.0,1034.0,15.8,60.4,1.0744,2004-04-18 21:00:00
18/04/2004,22:00:00,-200.0,1078.0,-200.0,6.6,841.0,-200.0,920.0,-200.0,1595.0,962.0,15.5,63.3,1.1071,2004-04-18 22:00:00
18/04/2004,23:00:00,-200.0,1167.0,-200.0,9.1,945.0,-200.0,826.0,-200.0,1702.0,1100.0,15.0,65.2,1.1045,2004-04-18 23:00:00
19/04/2004,00:00:00,-200.0,1111.0,-200.0,7.8,890.0,-200.0,871.0,-200.0,1658.0,1047.0,14.5,67.3,1.1054,2004-04-19 00:00:00
19/04/2004,01:00:00,-200.0,988.0,-200.0,4.2,722.0,-200.0,1029.0,-200.0,1500.0,874.0,14.1,70.1,1.1224,2004-04-19 01:00:00
19/04/2004,02:00:00,-200.0,917.0,-200.0,3.4,677.0,-200.0,1103.0,-200.0,1494.0,747.0,13.8,73.3,1.1518,2004-04-19 02:00:00
19/04/2004,03:00:00,-200.0,850.0,-200.0,1.7,562.0,-200.0,1275.0,-200.0,1407.0,589.0,13.1,78.3,1.1716,2004-04-19 03:00:00
19/04/2004,04:00:00,-200.0,885.0,-200.0,2.1,589.0,-200.0,1238.0,-200.0,1443.0,635.0,13.0,78.2,1.1664,2004-04-19 04:00:00
19/04/2004,05:00:00,-200.0,888.0,-200.0,2.2,597.0,-200.0,1242.0,-200.0,1428.0,671.0,14.3,70.1,1.1328,2004-04-19 05:00:00
19/04/2004,06:00:00,-200.0,1101.0,-200.0,6.9,852.0,-200.0,913.0,-200.0,1655.0,992.0,14.0,70.9,1.1306,2004-04-19 06:00:00
19/04/2004,07:00:00,-200.0,1399.0,-200.0,16.5,1195.0,-200.0,680.0,-200.0,1976.0,1308.0,15.4,64.2,1.1123,2004-04-19 07:00:00
19/04/2004,08:00:00,-200.0,1325.0,-200.0,18.7,1260.0,-200.0,652.0,-200.0,1969.0,1303.0,16.5,57.9,1.0826,2004-04-19 08:00:00
19/04/2004,09:00:00,-200.0,1058.0,-200.0,8.5,921.0,-200.0,876.0,-200.0,1594.0,893.0,18.8,48.0,1.0323,2004-04-19 09:00:00
19/04/2004,10:00:00,-200.0,990.0,-200.0,6.8,846.0,-200.0,947.0,-200.0,1503.0,715.0,19.5,43.3,0.9706,2004-04-19 10:00:00
19/04/2004,11:00:00,-200.0,1018.0,-200.0,7.5,879.0,-200.0,950.0,-200.0,1574.0,685.0,18.5,45.5,0.9606,2004-04-19 11:00:00
19/04/2004,12:00:00,-200.0,1105.0,-200.0,10.9,1010.0,-200.0,811.0,-200.0,1709.0,947.0,18.0,46.7,0.9569,2004-04-19 12:00:00
19/04/2004,13:00:00,-200.0,1194.0,-200.0,13.4,1097.0,-200.0,743.0,-200.0,1847.0,1049.0,16.5,58.2,1.0813,2004-04-19 13:00:00
19/04/2004,14:00:00,-200.0,1088.0,-200.0,7.9,893.0,-200.0,892.0,-200.0,1565.0,741.0,12.1,75.6,1.0662,2004-04-19 14:00:00
19/04/2004,15:00:00,-200.0,1084.0,-200.0,8.8,933.0,-200.0,872.0,-200.0,1602.0,801.0,11.1,75.6,0.9974,2004-04-19 15:00:00
19/04/2004,16:00:00,-200.0,1207.0,-200.0,11.5,1032.0,-200.0,797.0,-200.0,1701.0,969.0,10.5,79.0,1.0016,2004-04-19 16:00:00
19/04/2004,17:00:00,-200.0,1186.0,-200.0,11.8,1042.0,-200.0,808.0,-200.0,1684.0,1038.0,10.0,80.5,0.9853,2004-04-19 17:00:00
19/04/2004,18:00:00,-200.0,1053.0,-200.0,8.3,911.0,-200.0,916.0,-200.0,1528.0,889.0,11.3,70.5,0.9389,2004-04-19 18:00:00
19/04/2004,19:00:00,-200.0,1032.0,-200.0,7.9,895.0,-200.0,921.0,-200.0,1508.0,879.0,10.7,71.5,0.9197,2004-04-19 19:00:00
19/04/2004,20:00:00,-200.0,989.0,-200.0,6.7,846.0,-200.0,960.0,-200.0,1476.0,846.0,9.9,74.0,0.9009,2004-04-19 20:00:00
19/04/2004,21:00:00,-200.0,930.0,-200.0,4.6,745.0,-200.0,1085.0,-200.0,1391.0,712.0,10.8,68.2,0.8806,2004-04-19 21:00:00
19/04/2004,22:00:00,-200.0,951.0,-200.0,5.0,766.0,-200.0,1056.0,-200.0,1431.0,747.0,10.2,74.0,0.9176,2004-04-19 22:00:00
19/04/2004,23:00:00,-200.0,985.0,-200.0,5.3,780.0,-200.0,1017.0,-200.0,1444.0,791.0,10.1,77.5,0.9579,2004-04-19 23:00:00
20/04/2004,00:00:00,-200.0,937.0,-200.0,3.9,703.0,-200.0,1136.0,-200.0,1377.0,637.0,9.9,77.7,0.9497,2004-04-20 00:00:00
20/04/2004,01:00:00,-200.0,887.0,-200.0,2.9,648.0,-200.0,1222.0,-200.0,1357.0,553.0,9.5,80.2,0.9533,2004-04-20 01:00:00
20/04/2004,02:00:00,-200.0,806.0,-200.0,1.5,544.0,-200.0,1429.0,-200.0,1290.0,449.0,9.5,79.7,0.9489,2004-04-20 02:00:00
20/04/2004,03:00:00,-200.0,771.0,-200.0,0.8,483.0,-200.0,1587.0,-200.0,1277.0,485.0,9.7,78.9,0.9487,2004-04-20 03:00:00
20/04/2004,04:00:00,-200.0,802.0,-200.0,1.2,519.0,-200.0,1523.0,-200.0,1315.0,540.0,9.8,80.0,0.967,2004-04-20 04:00:00
20/04/2004,05:00:00,-200.0,878.0,-200.0,2.9,644.0,-200.0,1260.0,-200.0,1410.0,685.0,10.0,79.6,0.98,2004-04-20 05:00:00
20/04/2004,06:00:00,-200.0,1070.0,-200.0,7.6,883.0,-200.0,942.0,-200.0,1625.0,925.0,10.3,79.4,0.9927,2004-04-20 06:00:00
20/04/2004,07:00:00,-200.0,1430.0,-200.0,20.7,1316.0,-200.0,638.0,-200.0,2069.0,1382.0,11.0,77.4,1.0135,2004-04-20 07:00:00
20/04/2004,08:00:00,-200.0,1565.0,-200.0,29.9,1549.0,-200.0,540.0,-200.0,2396.0,1645.0,12.3,69.2,0.9906,2004-04-20 08:00:00
20/04/2004,09:00:00,-200.0,1365.0,-200.0,20.1,1299.0,-200.0,637.0,-200.0,1999.0,1514.0,14.5,60.4,0.9936,2004-04-20 09:00:00
20/04/2004,10:00:00,-200.0,1348.0,-200.0,17.1,1214.0,-200.0,678.0,-200.0,1874.0,1509.0,16.0,56.3,1.0185,2004-04-20 10:00:00
20/04/2004,11:00:00,-200.0,1311.0,-200.0,19.4,1279.0,-200.0,648.0,-200.0,1991.0,1520.0,18.1,51.1,1.0551,2004-04-20 11:00:00
20/04/2004,12:00:00,-200.0,1302.0,-200.0,18.7,1260.0,-200.0,658.0,-200.0,1970.0,1471.0,23.0,37.5,1.0389,2004-04-20 12:00:00
20/04/2004,13:00:00,-200.0,1250.0,-200.0,15.8,1173.0,-200.0,720.0,-200.0,1870.0,1282.0,21.8,39.6,1.0209,2004-04-20 13:00:00
20/04/2004,14:00:00,-200.0,1083.0,-200.0,10.3,988.0,-200.0,859.0,-200.0,1643.0,1004.0,21.9,37.2,0.9683,2004-04-20 14:00:00
20/04/2004,15:00:00,-200.0,1005.0,-200.0,7.9,894.0,-200.0,956.0,-200.0,1530.0,714.0,23.8,31.4,0.9132,2004-04-20 15:00:00
20/04/2004,16:00:00,-200.0,1129.0,-200.0,13.7,1107.0,-200.0,844.0,-200.0,1742.0,940.0,25.9,26.9,0.8845,2004-04-20 16:00:00
20/04/2004,17:00:00,-200.0,1327.0,-200.0,19.7,1289.0,-200.0,712.0,-200.0,1938.0,1272.0,25.8,29.9,0.9808,2004-04-20 17:00:00
20/04/2004,18:00:00,-200.0,1428.0,-200.0,25.3,1437.0,-200.0,599.0,-200.0,2156.0,1526.0,22.6,39.5,1.0679,2004-04-20 18:00:00
20/04/2004,19:00:00,-200.0,1426.0,-200.0,23.9,1400.0,-200.0,612.0,-200.0,2102.0,1488.0,19.9,45.0,1.0364,2004-04-20 19:00:00
20/04/2004,20:00:00,-200.0,1310.0,-200.0,20.6,1313.0,-200.0,663.0,-200.0,1958.0,1475.0,17.9,47.4,0.9657,2004-04-20 20:00:00
20/04/2004,21:00:00,-200.0,1114.0,-200.0,12.3,1059.0,-200.0,792.0,-200.0,1704.0,1182.0,16.8,50.4,0.9545,2004-04-20 21:00:00
20/04/2004,22:00:00,-200.0,991.0,-200.0,7.7,889.0,-200.0,932.0,-200.0,1550.0,933.0,16.0,52.0,0.9375,2004-04-20 22:00:00
20/04/2004,23:00:00,-200.0,1089.0,-200.0,9.0,940.0,-200.0,866.0,-200.0,1589.0,1001.0,14.2,59.1,0.952,2004-04-20 23:00:00
21/04/2004,00:00:00,-200.0,911.0,-200.0,4.5,740.0,-200.0,1071.0,-200.0,1412.0,756.0,14.2,56.7,0.9111,2004-04-21 00:00:00
21/04/2004,01:00:00,-200.0,1005.0,-200.0,5.8,802.0,-200.0,976.0,-200.0,1474.0,952.0,12.2,67.7,0.9625,2004-04-21 01:00:00
21/04/2004,02:00:00,-200.0,863.0,-200.0,3.2,664.0,-200.0,1172.0,-200.0,1381.0,808.0,13.2,61.7,0.9328,2004-04-21 02:00:00
21/04/2004,03:00:00,-200.0,857.0,-200.0,3.0,653.0,-200.0,1197.0,-200.0,1375.0,779.0,10.9,71.0,0.9249,2004-04-21 03:00:00
21/04/2004,04:00:00,-200.0,804.0,-200.0,2.0,585.0,-200.0,1301.0,-200.0,1319.0,717.0,11.3,67.6,0.9038,2004-04-21 04:00:00
21/04/2004,05:00:00,-200.0,871.0,-200.0,3.7,694.0,-200.0,1160.0,-200.0,1421.0,779.0,10.1,71.8,0.888,2004-04-21 05:00:00
21/04/2004,06:00:00,-200.0,1035.0,-200.0,8.7,929.0,-200.0,887.0,-200.0,1599.0,1009.0,10.2,70.9,0.8841,2004-04-21 06:00:00
21/04/2004,07:00:00,-200.0,1513.0,-200.0,27.0,1480.0,-200.0,572.0,-200.0,2249.0,1595.0,11.8,66.0,0.9085,2004-04-21 07:00:00
21/04/2004,08:00:00,-200.0,1726.0,-200.0,40.3,1776.0,-200.0,478.0,-200.0,2684.0,1940.0,14.0,58.2,0.9271,2004-04-21 08:00:00
21/04/2004,09:00:00,-200.0,1396.0,-200.0,20.0,1296.0,-200.0,619.0,-200.0,1991.0,1628.0,17.0,50.2,0.9646,2004-04-21 09:00:00
21/04/2004,10:00:00,-200.0,1333.0,-200.0,17.1,1212.0,-200.0,668.0,-200.0,1854.0,1573.0,22.3,36.9,0.9838,2004-04-21 10:00:00
21/04/2004,11:00:00,-200.0,1161.0,-200.0,11.0,1016.0,-200.0,849.0,-200.0,1642.0,1187.0,24.4,30.9,0.934,2004-04-21 11:00:00
21/04/2004,12:00:00,-200.0,1081.0,-200.0,10.6,1000.0,-200.0,900.0,-200.0,1561.0,900.0,25.9,26.7,0.8771,2004-04-21 12:00:00
21/04/2004,13:00:00,-200.0,1075.0,-200.0,10.5,998.0,-200.0,914.0,-200.0,1574.0,800.0,25.8,26.1,0.854,2004-04-21 13:00:00
21/04/2004,14:00:00,-200.0,1055.0,-200.0,9.6,964.0,-200.0,953.0,-200.0,1513.0,770.0,26.3,24.8,0.8393,2004-04-21 14:00:00
21/04/2004,15:00:00,-200.0,1053.0,-200.0,9.3,953.0,-200.0,988.0,-200.0,1483.0,758.0,27.0,22.2,0.7805,2004-04-21 15:00:00
21/04/2004,16:00:00,-200.0,1087.0,-200.0,12.7,1075.0,-200.0,944.0,-200.0,1558.0,886.0,27.3,20.5,0.7308,2004-04-21 16:00:00
21/04/2004,17:00:00,-200.0,1304.0,-200.0,19.8,1291.0,-200.0,765.0,-200.0,1838.0,1219.0,25.8,24.1,0.7912,2004-04-21 17:00:00
21/04/2004,18:00:00,-200.0,1625.0,-200.0,32.5,1608.0,-200.0,601.0,-200.0,2271.0,1725.0,25.3,28.9,0.9151,2004-04-21 18:00:00
21/04/2004,19:00:00,-200.0,1649.0,-200.0,33.6,1633.0,-200.0,584.0,-200.0,2328.0,1745.0,23.8,33.7,0.9786,2004-04-21 19:00:00
21/04/2004,20:00:00,-200.0,1443.0,-200.0,26.0,1455.0,-200.0,635.0,-200.0,2073.0,1600.0,21.4,36.0,0.9059,2004-04-21 20:00:00
21/04/2004,21:00:00,-200.0,1209.0,-200.0,16.4,1193.0,-200.0,753.0,-200.0,1737.0,1310.0,19.8,39.5,0.9016,2004-04-21 21:00:00
21/04/2004,22:00:00,-200.0,1105.0,-200.0,10.6,1000.0,-200.0,847.0,-200.0,1573.0,1208.0,19.2,42.1,0.9273,2004-04-21 22:00:00
21/04/2004,23:00:00,-200.0,1020.0,-200.0,7.1,863.0,-200.0,933.0,-200.0,1492.0,1074.0,18.8,45.8,0.9855,2004-04-21 23:00:00
22/04/2004,00:00:00,-200.0,991.0,-200.0,6.4,828.0,-200.0,973.0,-200.0,1469.0,993.0,17.1,50.8,0.9828,2004-04-22 00:00:00
22/04/2004,01:00:00,-200.0,937.0,-200.0,4.6,741.0,-200.0,1058.0,-200.0,1420.0,923.0,16.2,53.4,0.9775,2004-04-22 01:00:00
22/04/2004,02:00:00,-200.0,882.0,-200.0,3.0,654.0,-200.0,1141.0,-200.0,1377.0,819.0,16.0,53.5,0.9691,2004-04-22 02:00:00
22/04/2004,03:00:00,-200.0,843.0,-200.0,2.2,597.0,-200.0,1242.0,-200.0,1341.0,727.0,14.3,59.2,0.9601,2004-04-22 03:00:00
22/04/2004,04:00:00,-200.0,819.0,-200.0,1.7,565.0,-200.0,1295.0,-200.0,1316.0,694.0,13.3,62.6,0.9498,2004-04-22 04:00:00
22/04/2004,05:00:00,-200.0,834.0,-200.0,2.2,596.0,-200.0,1276.0,-200.0,1335.0,727.0,13.4,59.5,0.9097,2004-04-22 05:00:00
22/04/2004,06:00:00,-200.0,977.0,-200.0,5.7,800.0,-200.0,990.0,-200.0,1474.0,926.0,12.2,64.1,0.9062,2004-04-22 06:00:00
22/04/2004,07:00:00,-200.0,1234.0,-200.0,13.8,1109.0,-200.0,767.0,-200.0,1729.0,1194.0,13.9,57.2,0.9029,2004-04-22 07:00:00
22/04/2004,08:00:00,-200.0,1403.0,-200.0,21.6,1340.0,-200.0,623.0,-200.0,2003.0,1502.0,15.2,53.2,0.9107,2004-04-22 08:00:00
22/04/2004,09:00:00,-200.0,1538.0,-200.0,26.1,1458.0,-200.0,593.0,-200.0,2186.0,1743.0,19.2,41.6,0.9154,2004-04-22 09:00:00
22/04/2004,10:00:00,-200.0,1343.0,-200.0,20.1,1299.0,-200.0,694.0,-200.0,1945.0,1542.0,23.7,30.6,0.8854,2004-04-22 10:00:00
22/04/2004,11:00:00,-200.0,1243.0,-200.0,15.4,1162.0,-200.0,766.0,-200.0,1731.0,1354.0,26.1,26.8,0.8921,2004-04-22 11:00:00
22/04/2004,12:00:00,-200.0,1201.0,-200.0,13.6,1102.0,-200.0,814.0,-200.0,1682.0,1175.0,28.1,24.4,0.9138,2004-04-22 12:00:00
22/04/2004,13:00:00,-200.0,1121.0,-200.0,11.1,1020.0,-200.0,893.0,-200.0,1585.0,916.0,28.3,23.9,0.906,2004-04-22 13:00:00
22/04/2004,14:00:00,-200.0,1087.0,-200.0,12.2,1055.0,-200.0,908.0,-200.0,1562.0,818.0,28.0,21.0,0.7814,2004-04-22 14:00:00
22/04/2004,15:00:00,-200.0,1165.0,-200.0,17.5,1225.0,-200.0,824.0,-200.0,1676.0,1028.0,30.8,16.4,0.7167,2004-04-22 15:00:00
22/04/2004,16:00:00,-200.0,1224.0,-200.0,19.1,1270.0,-200.0,806.0,-200.0,1739.0,1113.0,31.3,16.2,0.7262,2004-04-22 16:00:00
22/04/2004,17:00:00,-200.0,1431.0,-200.0,27.1,1482.0,-200.0,679.0,-200.0,2025.0,1431.0,29.4,20.5,0.8262,2004-04-22 17:00:00
22/04/2004,18:00:00,-200.0,1433.0,-200.0,28.3,1510.0,-200.0,661.0,-200.0,2038.0,1503.0,25.8,24.3,0.794,2004-04-22 18:00:00
22/04/2004,19:00:00,-200.0,1527.0,-200.0,35.0,1664.0,-200.0,587.0,-200.0,2238.0,1775.0,23.8,29.5,0.8559,2004-04-22 19:00:00
22/04/2004,20:00:00,-200.0,1387.0,-200.0,22.4,1361.0,-200.0,701.0,-200.0,1932.0,1505.0,22.0,34.8,0.908,2004-04-22 20:00:00
22/04/2004,21:00:00,-200.0,1158.0,-200.0,13.5,1100.0,-200.0,835.0,-200.0,1659.0,1211.0,20.2,37.4,0.8748,2004-04-22 21:00:00
22/04/2004,22:00:00,-200.0,1009.0,-200.0,8.2,907.0,-200.0,982.0,-200.0,1466.0,872.0,19.3,38.8,0.8559,2004-04-22 22:00:00
22/04/2004,23:00:00,-200.0,1026.0,-200.0,7.8,890.0,-200.0,976.0,-200.0,1467.0,855.0,17.9,43.7,0.8856,2004-04-22 23:00:00
23/04/2004,00:00:00,-200.0,1119.0,-200.0,10.0,979.0,-200.0,873.0,-200.0,1593.0,1170.0,17.2,47.9,0.9334,2004-04-23 00:00:00
23/04/2004,01:00:00,-200.0,1000.0,-200.0,6.6,839.0,-200.0,958.0,-200.0,1467.0,1024.0,16.3,49.7,0.916,2004-04-23 01:00:00
23/04/2004,02:00:00,-200.0,866.0,-200.0,3.4,675.0,-200.0,1155.0,-200.0,1337.0,841.0,16.7,46.5,0.8755,2004-04-23 02:00:00
23/04/2004,03:00:00,-200.0,848.0,-200.0,2.8,642.0,-200.0,1202.0,-200.0,1325.0,760.0,14.6,53.0,0.8775,2004-04-23 03:00:00
23/04/2004,04:00:00,-200.0,844.0,-200.0,2.3,608.0,-200.0,1213.0,-200.0,1314.0,803.0,14.1,53.9,0.8633,2004-04-23 04:00:00
23/04/2004,05:00:00,0.6,852.0,46.0,2.9,646.0,59.0,1186.0,59.0,1321.0,793.0,14.2,52.2,0.8413,2004-04-23 05:00:00
23/04/2004,06:00:00,0.8,923.0,56.0,4.9,757.0,72.0,1041.0,67.0,1418.0,906.0,14.3,55.4,0.9003,2004-04-23 06:00:00
23/04/2004,07:00:00,4.0,1490.0,452.0,22.6,1368.0,244.0,627.0,95.0,2119.0,1541.0,14.0,58.0,0.9202,2004-04-23 07:00:00
23/04/2004,08:00:00,5.6,1662.0,880.0,31.1,1576.0,351.0,523.0,123.0,2417.0,1861.0,15.4,53.3,0.9289,2004-04-23 08:00:00
23/04/2004,09:00:00,5.0,1553.0,759.0,22.1,1354.0,358.0,621.0,142.0,2030.0,1895.0,19.1,42.1,0.9233,2004-04-23 09:00:00
23/04/2004,10:00:00,3.2,1423.0,394.0,18.3,1247.0,245.0,706.0,142.0,1887.0,1684.0,23.7,31.0,0.8968,2004-04-23 10:00:00
23/04/2004,11:00:00,3.8,1458.0,639.0,22.0,1350.0,240.0,677.0,169.0,1947.0,1731.0,26.9,25.7,0.8942,2004-04-23 11:00:00
23/04/2004,12:00:00,3.3,1349.0,541.0,20.1,1299.0,179.0,728.0,142.0,1838.0,1402.0,29.7,20.6,0.8478,2004-04-23 12:00:00
23/04/2004,13:00:00,3.0,1326.0,468.0,18.9,1265.0,160.0,757.0,136.0,1835.0,1246.0,29.2,21.5,0.8573,2004-04-23 13:00:00
23/04/2004,14:00:00,3.2,1356.0,483.0,20.6,1312.0,174.0,729.0,147.0,1865.0,1342.0,29.6,20.1,0.8181,2004-04-23 14:00:00
23/04/2004,15:00:00,4.4,1460.0,682.0,25.3,1438.0,260.0,680.0,196.0,1953.0,1489.0,30.0,19.4,0.81,2004-04-23 15:00:00
23/04/2004,16:00:00,4.6,1497.0,698.0,25.8,1449.0,281.0,679.0,186.0,1985.0,1532.0,29.5,20.1,0.8136,2004-04-23 16:00:00
23/04/2004,17:00:00,5.2,1645.0,832.0,30.6,1566.0,284.0,599.0,177.0,2228.0,1909.0,27.0,26.8,0.9403,2004-04-23 17:00:00
23/04/2004,18:00:00,4.8,1557.0,872.0,27.1,1483.0,250.0,615.0,164.0,2087.0,1757.0,24.9,30.8,0.954,2004-04-23 18:00:00
23/04/2004,19:00:00,5.6,1747.0,899.0,32.5,1608.0,281.0,557.0,161.0,2335.0,1983.0,23.1,36.7,1.0244,2004-04-23 19:00:00
23/04/2004,20:00:00,4.6,1482.0,692.0,20.8,1319.0,230.0,660.0,146.0,1975.0,1703.0,21.5,40.8,1.0333,2004-04-23 20:00:00
23/04/2004,21:00:00,1.8,1211.0,145.0,10.9,1010.0,98.0,816.0,98.0,1619.0,1246.0,20.5,41.5,0.9864,2004-04-23 21:00:00
23/04/2004,22:00:00,2.2,1294.0,208.0,13.0,1083.0,121.0,770.0,108.0,1687.0,1321.0,19.2,44.9,0.9875,2004-04-23 22:00:00
23/04/2004,23:00:00,2.0,1300.0,204.0,11.8,1043.0,110.0,777.0,107.0,1659.0,1375.0,18.8,47.7,1.0221,2004-04-23 23:00:00
24/04/2004,00:00:00,2.8,1402.0,240.0,13.4,1098.0,161.0,736.0,113.0,1729.0,1456.0,18.2,49.7,1.0284,2004-04-24 00:00:00
24/04/2004,01:00:00,2.6,1349.0,251.0,13.4,1097.0,148.0,707.0,100.0,1763.0,1442.0,16.1,57.4,1.0451,2004-04-24 01:00:00
24/04/2004,02:00:00,1.8,1161.0,173.0,9.0,938.0,109.0,827.0,87.0,1597.0,1243.0,16.3,55.3,1.0178,2004-04-24 02:00:00
24/04/2004,03:00:00,1.1,1022.0,113.0,5.8,802.0,-200.0,916.0,-200.0,1481.0,1078.0,15.7,53.6,0.9483,2004-04-24 03:00:00
24/04/2004,04:00:00,-200.0,948.0,55.0,3.8,700.0,45.0,1045.0,60.0,1430.0,939.0,16.9,49.8,0.9514,2004-04-24 04:00:00
24/04/2004,05:00:00,0.7,933.0,65.0,3.7,697.0,71.0,1045.0,65.0,1403.0,937.0,14.8,57.7,0.9644,2004-04-24 05:00:00
24/04/2004,06:00:00,0.9,1021.0,119.0,5.7,800.0,75.0,931.0,64.0,1483.0,1019.0,14.0,59.7,0.9499,2004-04-24 06:00:00
24/04/2004,07:00:00,1.5,1134.0,151.0,10.0,979.0,106.0,794.0,73.0,1639.0,1140.0,14.6,56.8,0.9385,2004-04-24 07:00:00
24/04/2004,08:00:00,2.5,1311.0,305.0,15.0,1147.0,166.0,681.0,86.0,1838.0,1351.0,16.7,51.9,0.9788,2004-04-24 08:00:00
24/04/2004,09:00:00,3.0,1409.0,415.0,15.6,1169.0,188.0,685.0,105.0,1874.0,1459.0,20.0,45.0,1.039,2004-04-24 09:00:00
24/04/2004,10:00:00,2.6,1301.0,321.0,12.3,1059.0,161.0,787.0,107.0,1727.0,1297.0,23.9,33.7,0.9837,2004-04-24 10:00:00
24/04/2004,11:00:00,2.6,1354.0,358.0,14.4,1130.0,139.0,765.0,114.0,1808.0,1291.0,26.8,29.5,1.0209,2004-04-24 11:00:00
24/04/2004,12:00:00,2.6,1391.0,350.0,14.6,1136.0,134.0,738.0,105.0,1840.0,1296.0,27.2,32.4,1.1493,2004-04-24 12:00:00
24/04/2004,13:00:00,1.9,1200.0,238.0,8.7,929.0,84.0,879.0,74.0,1623.0,972.0,26.9,32.1,1.1217,2004-04-24 13:00:00
24/04/2004,14:00:00,2.0,1338.0,215.0,11.0,1016.0,98.0,798.0,95.0,1766.0,1194.0,24.3,41.8,1.2561,2004-04-24 14:00:00
24/04/2004,15:00:00,1.7,1223.0,192.0,9.0,938.0,91.0,884.0,89.0,1610.0,880.0,25.6,36.0,1.1629,2004-04-24 15:00:00
24/04/2004,16:00:00,1.9,1278.0,205.0,10.7,1003.0,99.0,845.0,95.0,1691.0,909.0,27.0,31.8,1.1176,2004-04-24 16:00:00
24/04/2004,17:00:00,1.8,1257.0,165.0,9.9,973.0,90.0,860.0,93.0,1634.0,839.0,27.5,31.6,1.1417,2004-04-24 17:00:00
24/04/2004,18:00:00,2.8,1497.0,283.0,15.7,1171.0,147.0,725.0,123.0,1899.0,1248.0,24.9,38.1,1.1838,2004-04-24 18:00:00
24/04/2004,19:00:00,3.5,1567.0,467.0,19.4,1280.0,177.0,661.0,134.0,1970.0,1476.0,23.4,39.7,1.1276,2004-04-24 19:00:00
24/04/2004,20:00:00,3.4,1503.0,485.0,16.8,1203.0,162.0,651.0,126.0,1863.0,1502.0,21.2,50.8,1.2631,2004-04-24 20:00:00
24/04/2004,21:00:00,2.0,1169.0,202.0,6.8,850.0,88.0,906.0,79.0,1584.0,873.0,15.6,73.5,1.2953,2004-04-24 21:00:00
24/04/2004,22:00:00,1.1,1007.0,64.0,3.0,650.0,53.0,1157.0,54.0,1404.0,528.0,12.9,79.7,1.1774,2004-04-24 22:00:00
24/04/2004,23:00:00,1.3,1004.0,71.0,3.2,667.0,68.0,1157.0,69.0,1365.0,492.0,11.5,76.9,1.0436,2004-04-24 23:00:00
25/04/2004,00:00:00,1.2,967.0,84.0,3.1,661.0,61.0,1181.0,67.0,1321.0,463.0,12.2,66.8,0.9455,2004-04-25 00:00:00
25/04/2004,01:00:00,1.3,984.0,70.0,3.9,707.0,71.0,1131.0,73.0,1359.0,494.0,12.4,64.1,0.9209,2004-04-25 01:00:00
25/04/2004,02:00:00,1.0,931.0,61.0,3.6,689.0,63.0,1161.0,73.0,1317.0,503.0,12.7,58.7,0.8605,2004-04-25 02:00:00
25/04/2004,03:00:00,1.3,966.0,92.0,4.5,737.0,-200.0,1083.0,-200.0,1363.0,581.0,12.6,58.6,0.8529,2004-04-25 03:00:00
25/04/2004,04:00:00,-200.0,777.0,40.0,1.2,521.0,23.0,1535.0,33.0,1121.0,350.0,12.5,51.2,0.7374,2004-04-25 04:00:00
25/04/2004,05:00:00,0.3,763.0,20.0,0.7,471.0,14.0,1783.0,20.0,1098.0,305.0,12.5,50.9,0.7346,2004-04-25 05:00:00
25/04/2004,06:00:00,0.5,804.0,31.0,1.1,505.0,34.0,1718.0,37.0,1148.0,329.0,12.8,49.3,0.7285,2004-04-25 06:00:00
25/04/2004,07:00:00,0.6,830.0,41.0,1.4,535.0,42.0,1496.0,50.0,1184.0,375.0,13.5,48.6,0.7487,2004-04-25 07:00:00
25/04/2004,08:00:00,0.6,833.0,40.0,1.6,553.0,40.0,1476.0,45.0,1180.0,373.0,14.4,45.9,0.7476,2004-04-25 08:00:00
25/04/2004,09:00:00,0.8,875.0,35.0,2.3,603.0,48.0,1370.0,48.0,1206.0,385.0,15.1,43.9,0.7487,2004-04-25 09:00:00
25/04/2004,10:00:00,1.0,882.0,44.0,2.5,621.0,61.0,1346.0,56.0,1216.0,403.0,16.6,38.6,0.7236,2004-04-25 10:00:00
25/04/2004,11:00:00,0.9,862.0,71.0,2.7,635.0,58.0,1320.0,58.0,1193.0,393.0,17.2,35.0,0.6789,2004-04-25 11:00:00
25/04/2004,12:00:00,1.0,863.0,66.0,2.7,636.0,57.0,1290.0,52.0,1185.0,388.0,17.4,33.9,0.6683,2004-04-25 12:00:00
25/04/2004,13:00:00,0.8,830.0,46.0,2.2,596.0,54.0,1389.0,52.0,1145.0,371.0,17.9,30.7,0.6234,2004-04-25 13:00:00
25/04/2004,14:00:00,0.7,807.0,50.0,2.0,584.0,41.0,1488.0,44.0,1104.0,347.0,18.3,27.2,0.5675,2004-04-25 14:00:00
25/04/2004,15:00:00,0.9,873.0,51.0,3.4,675.0,57.0,1343.0,59.0,1181.0,396.0,19.4,25.7,0.5738,2004-04-25 15:00:00
25/04/2004,16:00:00,1.3,931.0,64.0,4.5,739.0,83.0,1274.0,74.0,1219.0,474.0,20.2,24.1,0.563,2004-04-25 16:00:00
25/04/2004,17:00:00,1.4,918.0,138.0,4.7,748.0,81.0,1228.0,76.0,1219.0,505.0,19.6,24.9,0.5625,2004-04-25 17:00:00
25/04/2004,18:00:00,1.5,1001.0,137.0,6.0,811.0,98.0,1122.0,83.0,1344.0,625.0,18.5,27.8,0.5843,2004-04-25 18:00:00
25/04/2004,19:00:00,2.7,1169.0,303.0,11.7,1039.0,124.0,883.0,100.0,1550.0,941.0,17.8,30.3,0.6129,2004-04-25 19:00:00
25/04/2004,20:00:00,2.5,1085.0,204.0,8.2,907.0,133.0,976.0,101.0,1419.0,893.0,16.6,34.0,0.6353,2004-04-25 20:00:00
25/04/2004,21:00:00,1.4,940.0,95.0,5.1,769.0,100.0,1103.0,90.0,1310.0,731.0,15.5,37.0,0.6447,2004-04-25 21:00:00
25/04/2004,22:00:00,2.8,1126.0,347.0,13.0,1083.0,116.0,875.0,93.0,1654.0,955.0,14.8,39.5,0.6595,2004-04-25 22:00:00
25/04/2004,23:00:00,2.1,978.0,252.0,7.0,858.0,102.0,1013.0,79.0,1379.0,761.0,14.5,42.0,0.6896,2004-04-25 23:00:00
26/04/2004,00:00:00,1.1,893.0,66.0,3.9,703.0,55.0,1192.0,57.0,1283.0,515.0,14.1,44.9,0.7206,2004-04-26 00:00:00
26/04/2004,01:00:00,0.7,838.0,45.0,2.2,601.0,33.0,1361.0,43.0,1220.0,434.0,14.2,45.5,0.7333,2004-04-26 01:00:00
26/04/2004,02:00:00,0.4,803.0,36.0,1.3,527.0,17.0,1513.0,25.0,1152.0,369.0,14.1,45.3,0.7247,2004-04-26 02:00:00
26/04/2004,03:00:00,0.3,775.0,26.0,0.8,477.0,-200.0,1722.0,-200.0,1115.0,335.0,14.0,44.3,0.7038,2004-04-26 03:00:00
26/04/2004,04:00:00,-200.0,767.0,17.0,0.6,454.0,10.0,1826.0,17.0,1091.0,319.0,14.1,43.0,0.689,2004-04-26 04:00:00
26/04/2004,05:00:00,0.4,809.0,21.0,1.2,521.0,35.0,1575.0,44.0,1158.0,378.0,13.9,43.9,0.6923,2004-04-26 05:00:00
26/04/2004,06:00:00,0.8,898.0,60.0,3.4,676.0,70.0,1271.0,72.0,1307.0,517.0,14.0,43.8,0.6959,2004-04-26 06:00:00
26/04/2004,07:00:00,1.9,1053.0,155.0,7.5,880.0,116.0,982.0,91.0,1464.0,786.0,14.4,43.6,0.7113,2004-04-26 07:00:00
26/04/2004,08:00:00,2.1,1033.0,235.0,8.9,934.0,134.0,917.0,89.0,1490.0,844.0,15.0,41.7,0.7093,2004-04-26 08:00:00
26/04/2004,09:00:00,1.4,941.0,89.0,5.3,780.0,113.0,1080.0,84.0,1343.0,720.0,16.3,38.4,0.7052,2004-04-26 09:00:00
26/04/2004,10:00:00,1.4,941.0,76.0,5.4,782.0,110.0,1102.0,83.0,1328.0,668.0,18.3,32.3,0.676,2004-04-26 10:00:00
26/04/2004,11:00:00,1.3,917.0,101.0,5.2,772.0,98.0,1098.0,78.0,1311.0,605.0,18.8,31.7,0.6821,2004-04-26 11:00:00
26/04/2004,12:00:00,1.5,977.0,109.0,6.6,837.0,96.0,1038.0,80.0,1413.0,646.0,19.6,30.9,0.6968,2004-04-26 12:00:00
26/04/2004,13:00:00,1.6,994.0,143.0,6.9,851.0,95.0,1018.0,75.0,1436.0,640.0,20.2,30.7,0.7176,2004-04-26 13:00:00
26/04/2004,14:00:00,1.3,942.0,104.0,5.4,785.0,86.0,1065.0,77.0,1365.0,571.0,19.7,32.5,0.7396,2004-04-26 14:00:00
26/04/2004,15:00:00,1.4,981.0,107.0,6.0,810.0,86.0,1060.0,77.0,1395.0,605.0,20.7,31.6,0.7602,2004-04-26 15:00:00
26/04/2004,16:00:00,1.5,984.0,133.0,6.4,832.0,91.0,1034.0,81.0,1410.0,636.0,20.0,32.7,0.7545,2004-04-26 16:00:00
26/04/2004,17:00:00,2.2,1116.0,171.0,10.7,1003.0,119.0,864.0,101.0,1625.0,886.0,18.6,35.4,0.7535,2004-04-26 17:00:00
26/04/2004,18:00:00,3.2,1181.0,405.0,13.9,1114.0,147.0,787.0,119.0,1685.0,1032.0,18.3,35.9,0.7501,2004-04-26 18:00:00
26/04/2004,19:00:00,3.0,1163.0,334.0,12.5,1068.0,135.0,811.0,111.0,1616.0,977.0,17.8,37.5,0.7568,2004-04-26 19:00:00
26/04/2004,20:00:00,2.6,1081.0,236.0,9.3,950.0,124.0,907.0,109.0,1496.0,924.0,17.3,38.8,0.7584,2004-04-26 20:00:00
26/04/2004,21:00:00,1.6,1017.0,99.0,6.7,842.0,89.0,1000.0,101.0,1441.0,846.0,17.3,38.8,0.7596,2004-04-26 21:00:00
26/04/2004,22:00:00,1.5,966.0,93.0,5.3,778.0,79.0,1057.0,89.0,1359.0,755.0,16.4,40.8,0.7542,2004-04-26 22:00:00
26/04/2004,23:00:00,1.2,924.0,82.0,4.0,709.0,63.0,1158.0,75.0,1318.0,610.0,16.0,41.4,0.7487,2004-04-26 23:00:00
27/04/2004,00:00:00,0.8,861.0,51.0,2.2,601.0,39.0,1351.0,51.0,1225.0,439.0,15.4,43.0,0.7482,2004-04-27 00:00:00
27/04/2004,01:00:00,0.7,826.0,41.0,1.7,560.0,25.0,1424.0,39.0,1197.0,402.0,15.7,42.5,0.7539,2004-04-27 01:00:00
27/04/2004,02:00:00,0.5,846.0,31.0,1.6,557.0,19.0,1385.0,32.0,1212.0,406.0,15.6,43.4,0.7651,2004-04-27 02:00:00
27/04/2004,03:00:00,0.5,842.0,41.0,1.5,545.0,-200.0,1423.0,-200.0,1224.0,424.0,15.2,45.8,0.7864,2004-04-27 03:00:00
27/04/2004,04:00:00,-200.0,909.0,41.0,2.5,617.0,34.0,1236.0,49.0,1302.0,558.0,14.7,49.9,0.828,2004-04-27 04:00:00
27/04/2004,05:00:00,0.7,930.0,38.0,3.3,670.0,58.0,1143.0,68.0,1339.0,746.0,15.5,47.3,0.8282,2004-04-27 05:00:00
27/04/2004,06:00:00,1.4,1120.0,111.0,8.9,935.0,112.0,843.0,76.0,1593.0,1126.0,14.4,53.1,0.8677,2004-04-27 06:00:00
27/04/2004,07:00:00,4.1,1518.0,584.0,23.4,1389.0,314.0,589.0,122.0,2101.0,1703.0,15.9,48.5,0.8704,2004-04-27 07:00:00
27/04/2004,08:00:00,4.6,1461.0,633.0,23.8,1398.0,240.0,630.0,129.0,2050.0,1628.0,18.1,40.3,0.8294,2004-04-27 08:00:00
27/04/2004,09:00:00,1.9,1075.0,145.0,7.9,896.0,128.0,938.0,94.0,1487.0,936.0,19.6,35.9,0.81,2004-04-27 09:00:00
27/04/2004,10:00:00,1.9,1061.0,155.0,8.2,908.0,141.0,968.0,99.0,1455.0,890.0,22.8,29.1,0.796,2004-04-27 10:00:00
27/04/2004,11:00:00,1.7,1066.0,128.0,8.8,931.0,118.0,979.0,81.0,1474.0,757.0,24.8,25.3,0.7793,2004-04-27 11:00:00
27/04/2004,12:00:00,2.4,1179.0,255.0,14.6,1137.0,132.0,829.0,87.0,1651.0,949.0,27.2,22.0,0.7785,2004-04-27 12:00:00
27/04/2004,13:00:00,3.0,1251.0,411.0,18.0,1238.0,150.0,773.0,107.0,1779.0,1109.0,28.2,20.4,0.7677,2004-04-27 13:00:00
27/04/2004,14:00:00,2.0,1120.0,173.0,12.0,1048.0,121.0,898.0,95.0,1560.0,870.0,25.4,24.2,0.7733,2004-04-27 14:00:00
27/04/2004,15:00:00,2.7,1187.0,277.0,14.8,1142.0,149.0,840.0,110.0,1651.0,1011.0,25.7,23.8,0.7737,2004-04-27 15:00:00
27/04/2004,16:00:00,2.2,1145.0,259.0,12.5,1066.0,120.0,903.0,99.0,1592.0,885.0,27.2,22.1,0.7811,2004-04-27 16:00:00
27/04/2004,17:00:00,2.9,1215.0,274.0,15.5,1164.0,155.0,817.0,113.0,1689.0,1015.0,27.0,22.3,0.786,2004-04-27 17:00:00
27/04/2004,18:00:00,3.4,1317.0,377.0,17.7,1231.0,172.0,766.0,127.0,1798.0,1155.0,24.5,27.8,0.8433,2004-04-27 18:00:00
27/04/2004,19:00:00,3.9,1388.0,457.0,21.6,1341.0,177.0,702.0,131.0,1955.0,1315.0,23.7,30.2,0.8718,2004-04-27 19:00:00
27/04/2004,20:00:00,3.6,1295.0,555.0,18.9,1266.0,181.0,716.0,137.0,1849.0,1359.0,21.5,34.5,0.8746,2004-04-27 20:00:00
27/04/2004,21:00:00,2.5,1153.0,279.0,12.5,1066.0,135.0,811.0,122.0,1651.0,1194.0,19.9,37.8,0.8675,2004-04-27 21:00:00
27/04/2004,22:00:00,1.8,1078.0,137.0,8.8,932.0,99.0,905.0,100.0,1511.0,951.0,18.9,40.6,0.8771,2004-04-27 22:00:00
27/04/2004,23:00:00,2.0,1133.0,203.0,10.9,1012.0,111.0,806.0,108.0,1608.0,1054.0,17.9,43.5,0.884,2004-04-27 23:00:00
28/04/2004,00:00:00,1.3,1055.0,101.0,8.0,899.0,72.0,880.0,83.0,1504.0,980.0,17.4,46.3,0.9112,2004-04-28 00:00:00
28/04/2004,01:00:00,1.0,953.0,86.0,4.4,735.0,54.0,999.0,74.0,1396.0,898.0,18.1,44.7,0.9186,2004-04-28 01:00:00
28/04/2004,02:00:00,0.6,892.0,51.0,2.8,639.0,41.0,1139.0,64.0,1359.0,803.0,16.5,50.1,0.9331,2004-04-28 02:00:00
28/04/2004,03:00:00,0.6,895.0,47.0,2.7,632.0,-200.0,1167.0,-200.0,1347.0,684.0,14.2,56.9,0.9141,2004-04-28 03:00:00
28/04/2004,04:00:00,-200.0,859.0,35.0,2.2,602.0,24.0,1209.0,40.0,1321.0,644.0,14.7,56.2,0.9341,2004-04-28 04:00:00
28/04/2004,05:00:00,0.5,856.0,33.0,2.5,619.0,29.0,1191.0,39.0,1345.0,677.0,16.3,52.8,0.9722,2004-04-28 05:00:00
28/04/2004,06:00:00,1.1,1030.0,95.0,7.5,880.0,76.0,892.0,69.0,1539.0,996.0,13.9,60.7,0.9597,2004-04-28 06:00:00
28/04/2004,07:00:00,5.5,1689.0,754.0,30.4,1560.0,321.0,529.0,104.0,2396.0,1736.0,15.0,58.3,0.9876,2004-04-28 07:00:00
28/04/2004,08:00:00,4.2,1486.0,588.0,22.0,1351.0,274.0,571.0,100.0,2112.0,1692.0,16.1,54.8,0.996,2004-04-28 08:00:00
28/04/2004,09:00:00,4.6,1592.0,658.0,24.7,1423.0,322.0,577.0,146.0,2155.0,2108.0,19.3,46.4,1.0248,2004-04-28 09:00:00
28/04/2004,10:00:00,3.4,1469.0,372.0,18.4,1252.0,255.0,692.0,155.0,1903.0,1807.0,24.2,33.8,1.0097,2004-04-28 10:00:00
28/04/2004,11:00:00,2.8,1364.0,386.0,16.8,1205.0,196.0,723.0,139.0,1850.0,1566.0,26.7,28.7,0.9895,2004-04-28 11:00:00
28/04/2004,12:00:00,2.5,1285.0,333.0,14.2,1123.0,136.0,755.0,121.0,1741.0,1293.0,27.4,28.2,1.0098,2004-04-28 12:00:00
28/04/2004,13:00:00,2.4,1311.0,293.0,15.7,1170.0,119.0,748.0,108.0,1787.0,1219.0,28.1,26.9,1.0094,2004-04-28 13:00:00
28/04/2004,14:00:00,3.2,1416.0,511.0,21.9,1348.0,169.0,684.0,126.0,1969.0,1330.0,27.7,26.5,0.9693,2004-04-28 14:00:00
28/04/2004,15:00:00,3.5,1387.0,559.0,20.8,1318.0,197.0,701.0,145.0,1890.0,1299.0,28.4,23.4,0.8935,2004-04-28 15:00:00
28/04/2004,16:00:00,2.9,1329.0,375.0,16.2,1185.0,140.0,768.0,121.0,1750.0,1111.0,28.4,26.0,0.9922,2004-04-28 16:00:00
28/04/2004,17:00:00,3.6,1496.0,509.0,19.8,1292.0,178.0,680.0,145.0,1878.0,1300.0,27.3,30.0,1.0752,2004-04-28 17:00:00
28/04/2004,18:00:00,4.8,1676.0,790.0,28.9,1525.0,223.0,567.0,160.0,2226.0,1653.0,24.3,37.3,1.1199,2004-04-28 18:00:00
28/04/2004,19:00:00,5.4,1724.0,816.0,28.3,1510.0,222.0,562.0,155.0,2252.0,1716.0,23.1,42.2,1.1746,2004-04-28 19:00:00
28/04/2004,20:00:00,5.3,1642.0,804.0,24.9,1426.0,265.0,597.0,162.0,2117.0,1720.0,21.8,43.6,1.1226,2004-04-28 20:00:00
28/04/2004,21:00:00,2.7,1267.0,332.0,13.1,1088.0,151.0,764.0,129.0,1740.0,1339.0,19.8,46.8,1.0702,2004-04-28 21:00:00
28/04/2004,22:00:00,1.4,1146.0,156.0,8.6,923.0,79.0,845.0,96.0,1575.0,1166.0,19.6,49.8,1.1221,2004-04-28 22:00:00
28/04/2004,23:00:00,1.6,1216.0,143.0,9.5,960.0,87.0,788.0,92.0,1662.0,1256.0,17.9,56.2,1.142,2004-04-28 23:00:00
29/04/2004,00:00:00,1.5,1128.0,117.0,7.8,891.0,88.0,838.0,89.0,1574.0,1125.0,17.4,55.6,1.0963,2004-04-29 00:00:00
29/04/2004,01:00:00,1.0,1042.0,84.0,5.2,772.0,51.0,923.0,61.0,1495.0,968.0,16.8,59.5,1.1269,2004-04-29 01:00:00
29/04/2004,02:00:00,0.6,926.0,60.0,2.8,639.0,34.0,1115.0,54.0,1409.0,814.0,15.9,60.1,1.0806,2004-04-29 02:00:00
29/04/2004,03:00:00,0.4,898.0,76.0,2.3,608.0,-200.0,1154.0,-200.0,1386.0,743.0,15.6,61.2,1.0784,2004-04-29 03:00:00
29/04/2004,04:00:00,-200.0,889.0,40.0,2.5,617.0,31.0,1168.0,44.0,1382.0,758.0,14.6,63.4,1.0446,2004-04-29 04:00:00
29/04/2004,05:00:00,0.8,959.0,64.0,4.4,734.0,76.0,1038.0,57.0,1470.0,861.0,13.3,67.0,1.0203,2004-04-29 05:00:00
29/04/2004,06:00:00,1.5,1097.0,148.0,9.4,956.0,139.0,827.0,68.0,1620.0,1047.0,12.9,66.5,0.9846,2004-04-29 06:00:00
29/04/2004,07:00:00,4.9,1674.0,635.0,29.8,1547.0,293.0,539.0,95.0,2405.0,1665.0,14.8,61.3,1.0237,2004-04-29 07:00:00
29/04/2004,08:00:00,7.2,1771.0,1129.0,36.2,1690.0,368.0,461.0,125.0,2572.0,1982.0,16.1,56.5,1.0274,2004-04-29 08:00:00
29/04/2004,09:00:00,3.5,1408.0,475.0,18.0,1241.0,250.0,648.0,135.0,1886.0,1711.0,18.6,47.8,1.0143,2004-04-29 09:00:00
29/04/2004,10:00:00,2.1,1156.0,220.0,10.9,1009.0,145.0,875.0,118.0,1583.0,1204.0,23.8,30.2,0.8771,2004-04-29 10:00:00
29/04/2004,11:00:00,1.5,1042.0,105.0,9.0,941.0,110.0,971.0,91.0,1491.0,871.0,25.4,25.0,0.7966,2004-04-29 11:00:00
29/04/2004,12:00:00,2.0,1167.0,190.0,14.4,1128.0,104.0,829.0,89.0,1716.0,1040.0,25.6,25.5,0.8234,2004-04-29 12:00:00
29/04/2004,13:00:00,3.8,1398.0,516.0,22.3,1360.0,205.0,656.0,129.0,2037.0,1439.0,24.9,29.9,0.9325,2004-04-29 13:00:00
29/04/2004,14:00:00,3.4,1458.0,346.0,20.9,1321.0,201.0,654.0,122.0,2023.0,1516.0,22.4,37.9,1.016,2004-04-29 14:00:00
29/04/2004,15:00:00,4.4,1554.0,565.0,23.1,1379.0,266.0,614.0,138.0,2151.0,1693.0,21.7,44.0,1.1242,2004-04-29 15:00:00
29/04/2004,16:00:00,3.9,1495.0,483.0,21.2,1331.0,246.0,615.0,136.0,2069.0,1635.0,21.4,44.4,1.1176,2004-04-29 16:00:00
29/04/2004,17:00:00,4.9,1560.0,651.0,24.8,1424.0,247.0,579.0,143.0,2176.0,1688.0,20.8,45.3,1.1016,2004-04-29 17:00:00
29/04/2004,18:00:00,5.4,1664.0,657.0,28.6,1519.0,271.0,553.0,145.0,2312.0,1820.0,20.2,48.6,1.1354,2004-04-29 18:00:00
29/04/2004,19:00:00,6.5,1761.0,830.0,32.6,1610.0,332.0,502.0,146.0,2488.0,2006.0,20.2,50.8,1.1924,2004-04-29 19:00:00
29/04/2004,20:00:00,4.3,1524.0,435.0,19.2,1275.0,245.0,608.0,122.0,2046.0,1740.0,18.6,57.6,1.2233,2004-04-29 20:00:00
29/04/2004,21:00:00,2.9,1398.0,209.0,16.3,1189.0,180.0,646.0,112.0,1931.0,1577.0,18.2,58.8,1.2173,2004-04-29 21:00:00
29/04/2004,22:00:00,2.7,1342.0,202.0,13.7,1106.0,156.0,694.0,102.0,1856.0,1443.0,17.8,61.0,1.2352,2004-04-29 22:00:00
29/04/2004,23:00:00,2.8,1433.0,174.0,13.6,1104.0,172.0,681.0,97.0,1876.0,1411.0,17.0,70.7,1.3554,2004-04-29 23:00:00
30/04/2004,00:00:00,2.3,1297.0,170.0,11.1,1019.0,137.0,733.0,85.0,1823.0,1217.0,16.2,76.9,1.4051,2004-04-30 00:00:00
30/04/2004,01:00:00,1.7,1179.0,116.0,7.6,884.0,91.0,830.0,76.0,1696.0,1086.0,15.7,78.6,1.3943,2004-04-30 01:00:00
30/04/2004,02:00:00,1.2,1097.0,91.0,5.9,809.0,80.0,897.0,74.0,1628.0,1050.0,15.7,78.4,1.3917,2004-04-30 02:00:00
30/04/2004,03:00:00,1.0,1054.0,71.0,5.0,761.0,-200.0,963.0,-200.0,1598.0,965.0,15.7,77.4,1.3683,2004-04-30 03:00:00
30/04/2004,04:00:00,-200.0,1017.0,59.0,4.0,711.0,46.0,1009.0,56.0,1554.0,906.0,15.4,78.5,1.3635,2004-04-30 04:00:00
30/04/2004,05:00:00,0.8,1005.0,48.0,4.5,738.0,68.0,1005.0,66.0,1563.0,917.0,15.7,74.7,1.3194,2004-04-30 05:00:00
30/04/2004,06:00:00,1.7,1206.0,111.0,9.3,949.0,162.0,818.0,90.0,1771.0,1116.0,15.9,73.1,1.3136,2004-04-30 06:00:00
30/04/2004,07:00:00,3.0,1458.0,345.0,18.3,1249.0,213.0,662.0,111.0,2033.0,1380.0,16.6,68.2,1.2737,2004-04-30 07:00:00
30/04/2004,08:00:00,3.4,1405.0,332.0,19.9,1295.0,161.0,638.0,103.0,2065.0,1378.0,18.7,57.6,1.2323,2004-04-30 08:00:00
30/04/2004,09:00:00,3.3,1381.0,344.0,16.6,1199.0,209.0,685.0,117.0,1970.0,1365.0,17.6,65.0,1.2945,2004-04-30 09:00:00
30/04/2004,10:00:00,2.7,1315.0,212.0,12.6,1072.0,191.0,736.0,116.0,1833.0,1273.0,16.3,73.2,1.3458,2004-04-30 10:00:00
30/04/2004,11:00:00,2.6,1332.0,166.0,12.9,1082.0,215.0,707.0,109.0,1889.0,1242.0,16.0,78.5,1.4209,2004-04-30 11:00:00
30/04/2004,12:00:00,3.2,1362.0,214.0,14.9,1145.0,212.0,673.0,116.0,1973.0,1294.0,17.3,72.4,1.4125,2004-04-30 12:00:00
30/04/2004,13:00:00,3.4,1399.0,377.0,17.4,1222.0,202.0,643.0,115.0,2061.0,1413.0,19.4,60.9,1.3545,2004-04-30 13:00:00
30/04/2004,14:00:00,2.6,1310.0,210.0,15.4,1160.0,153.0,695.0,94.0,1939.0,1224.0,21.4,50.9,1.2823,2004-04-30 14:00:00
30/04/2004,15:00:00,3.4,1399.0,265.0,16.7,1201.0,185.0,699.0,121.0,1971.0,1318.0,22.7,45.8,1.2465,2004-04-30 15:00:00
30/04/2004,16:00:00,4.0,1524.0,365.0,18.0,1239.0,210.0,644.0,114.0,2139.0,1404.0,20.9,60.8,1.4852,2004-04-30 16:00:00
30/04/2004,17:00:00,4.5,1487.0,454.0,19.2,1274.0,215.0,641.0,110.0,2133.0,1471.0,21.0,54.3,1.3353,2004-04-30 17:00:00
30/04/2004,18:00:00,4.2,1480.0,460.0,21.0,1324.0,215.0,622.0,122.0,2162.0,1623.0,20.8,54.4,1.3194,2004-04-30 18:00:00
30/04/2004,19:00:00,5.7,1626.0,642.0,26.9,1476.0,281.0,555.0,135.0,2356.0,1786.0,19.8,58.6,1.3392,2004-04-30 19:00:00
30/04/2004,20:00:00,4.4,1449.0,501.0,19.5,1282.0,254.0,625.0,133.0,2100.0,1569.0,19.1,61.1,1.3345,2004-04-30 20:00:00
30/04/2004,21:00:00,3.1,1363.0,234.0,15.1,1152.0,189.0,684.0,110.0,1951.0,1495.0,18.2,65.4,1.3529,2004-04-30 21:00:00
30/04/2004,22:00:00,3.0,1371.0,212.0,14.6,1136.0,174.0,689.0,102.0,1927.0,1471.0,18.1,66.1,1.3579,2004-04-30 22:00:00
30/04/2004,23:00:00,3.1,1406.0,275.0,13.7,1107.0,167.0,718.0,108.0,1872.0,1384.0,17.7,66.9,1.3422,2004-04-30 23:00:00
01/05/2004,00:00:00,3.5,1425.0,275.0,15.2,1155.0,185.0,709.0,110.0,1936.0,1789.0,17.8,66.8,1.346,2004-05-01 00:00:00
01/05/2004,01:00:00,2.4,1179.0,-200.0,9.3,951.0,129.0,826.0,84.0,1724.0,1323.0,17.3,68.3,1.3346,2004-05-01 01:00:00
01/05/2004,02:00:00,1.6,1047.0,-200.0,6.5,833.0,85.0,939.0,71.0,1647.0,1081.0,16.5,70.2,1.3099,2004-05-01 02:00:00
01/05/2004,03:00:00,1.3,1009.0,-200.0,6.3,825.0,-200.0,950.0,-200.0,1629.0,938.0,15.7,73.1,1.2902,2004-05-01 03:00:00
01/05/2004,04:00:00,-200.0,882.0,-200.0,3.5,685.0,35.0,1134.0,42.0,1492.0,673.0,16.2,69.9,1.2756,2004-05-01 04:00:00
01/05/2004,05:00:00,0.6,858.0,-200.0,2.6,624.0,24.0,1205.0,32.0,1434.0,543.0,16.7,67.1,1.2619,2004-05-01 05:00:00
01/05/2004,06:00:00,0.7,875.0,-200.0,3.1,659.0,30.0,1180.0,35.0,1452.0,561.0,16.7,66.9,1.2631,2004-05-01 06:00:00
01/05/2004,07:00:00,1.2,1012.0,-200.0,6.5,833.0,75.0,916.0,67.0,1632.0,862.0,16.9,66.5,1.2688,2004-05-01 07:00:00
01/05/2004,08:00:00,1.5,1049.0,-200.0,6.5,836.0,79.0,926.0,73.0,1615.0,901.0,17.7,62.0,1.2458,2004-05-01 08:00:00
01/05/2004,09:00:00,1.8,1131.0,-200.0,8.8,932.0,104.0,854.0,86.0,1693.0,1048.0,19.4,54.6,1.2184,2004-05-01 09:00:00
01/05/2004,10:00:00,2.1,1120.0,-200.0,8.8,931.0,118.0,886.0,89.0,1652.0,971.0,21.6,46.1,1.1725,2004-05-01 10:00:00
01/05/2004,11:00:00,1.9,1117.0,-200.0,9.2,946.0,105.0,909.0,86.0,1657.0,915.0,24.6,36.7,1.1202,2004-05-01 11:00:00
01/05/2004,12:00:00,2.0,1110.0,-200.0,9.2,948.0,101.0,901.0,86.0,1632.0,891.0,26.0,31.9,1.0566,2004-05-01 12:00:00
01/05/2004,13:00:00,1.3,962.0,-200.0,6.1,816.0,65.0,1044.0,66.0,1489.0,628.0,25.6,31.5,1.0184,2004-05-01 13:00:00
01/05/2004,14:00:00,1.3,963.0,-200.0,6.5,835.0,59.0,1029.0,68.0,1495.0,556.0,24.8,34.8,1.0716,2004-05-01 14:00:00
01/05/2004,15:00:00,1.8,1050.0,-200.0,9.2,948.0,80.0,928.0,82.0,1584.0,652.0,26.1,30.3,1.0101,2004-05-01 15:00:00
01/05/2004,16:00:00,2.0,1053.0,-200.0,8.3,911.0,98.0,949.0,91.0,1603.0,683.0,25.5,33.5,1.0767,2004-05-01 16:00:00
01/05/2004,17:00:00,1.8,1045.0,-200.0,8.3,910.0,89.0,948.0,95.0,1598.0,624.0,23.7,37.2,1.0746,2004-05-01 17:00:00
01/05/2004,18:00:00,2.4,1124.0,-200.0,11.0,1013.0,114.0,849.0,104.0,1676.0,733.0,22.3,38.9,1.0324,2004-05-01 18:00:00
01/05/2004,19:00:00,4.0,1330.0,-200.0,14.7,1140.0,195.0,759.0,131.0,1780.0,1062.0,20.7,42.8,1.0298,2004-05-01 19:00:00
01/05/2004,20:00:00,2.8,1171.0,-200.0,10.8,1006.0,156.0,835.0,112.0,1674.0,988.0,19.0,51.7,1.1222,2004-05-01 20:00:00
01/05/2004,21:00:00,2.0,1085.0,-200.0,9.4,954.0,109.0,866.0,100.0,1656.0,871.0,17.8,55.5,1.1174,2004-05-01 21:00:00
01/05/2004,22:00:00,3.6,1358.0,-200.0,14.8,1144.0,184.0,727.0,115.0,1851.0,1243.0,17.4,57.6,1.1342,2004-05-01 22:00:00
01/05/2004,23:00:00,3.7,1385.0,-200.0,13.3,1094.0,190.0,765.0,129.0,1769.0,1175.0,17.6,58.5,1.1645,2004-05-01 23:00:00
02/05/2004,00:00:00,2.3,1167.0,-200.0,8.4,914.0,105.0,876.0,99.0,1599.0,1126.0,17.2,59.3,1.1551,2004-05-02 00:00:00
02/05/2004,01:00:00,1.8,1072.0,-200.0,7.9,894.0,76.0,893.0,74.0,1646.0,1118.0,17.1,60.4,1.1633,2004-05-02 01:00:00
02/05/2004,02:00:00,0.9,938.0,-200.0,5.5,789.0,38.0,989.0,55.0,1536.0,864.0,16.4,62.2,1.1507,2004-05-02 02:00:00
02/05/2004,03:00:00,1.6,1000.0,-200.0,6.6,838.0,-200.0,910.0,-200.0,1580.0,942.0,14.8,67.6,1.1352,2004-05-02 03:00:00
02/05/2004,04:00:00,-200.0,854.0,-200.0,3.3,670.0,26.0,1141.0,35.0,1460.0,684.0,14.8,65.8,1.1028,2004-05-02 04:00:00
02/05/2004,05:00:00,0.6,815.0,-200.0,2.6,628.0,33.0,1212.0,37.0,1426.0,689.0,14.7,65.2,1.0811,2004-05-02 05:00:00
02/05/2004,06:00:00,0.7,866.0,-200.0,3.6,689.0,57.0,1138.0,45.0,1456.0,767.0,13.1,70.2,1.0554,2004-05-02 06:00:00
02/05/2004,07:00:00,0.8,911.0,-200.0,4.8,751.0,48.0,1036.0,46.0,1518.0,817.0,14.3,66.2,1.0728,2004-05-02 07:00:00
02/05/2004,08:00:00,1.2,988.0,-200.0,5.9,806.0,87.0,951.0,68.0,1568.0,940.0,16.0,61.6,1.1083,2004-05-02 08:00:00
02/05/2004,09:00:00,1.4,1046.0,-200.0,6.9,851.0,94.0,920.0,77.0,1595.0,908.0,17.7,56.4,1.1342,2004-05-02 09:00:00
02/05/2004,10:00:00,1.6,1085.0,-200.0,8.5,918.0,89.0,890.0,79.0,1639.0,871.0,21.3,44.7,1.1157,2004-05-02 10:00:00
02/05/2004,11:00:00,1.3,1008.0,-200.0,6.1,816.0,78.0,1015.0,72.0,1531.0,689.0,23.6,36.4,1.0431,2004-05-02 11:00:00
02/05/2004,12:00:00,1.3,1004.0,-200.0,6.2,821.0,72.0,1031.0,68.0,1510.0,629.0,24.3,34.0,1.0149,2004-05-02 12:00:00
02/05/2004,13:00:00,1.1,948.0,-200.0,4.8,754.0,64.0,1086.0,64.0,1436.0,602.0,24.4,32.7,0.9863,2004-05-02 13:00:00
02/05/2004,14:00:00,1.2,1026.0,-200.0,6.8,847.0,70.0,1010.0,73.0,1519.0,617.0,24.6,31.7,0.9647,2004-05-02 14:00:00
02/05/2004,15:00:00,1.5,1047.0,-200.0,7.0,859.0,92.0,948.0,84.0,1538.0,677.0,23.9,34.3,1.002,2004-05-02 15:00:00
02/05/2004,16:00:00,1.1,1018.0,-200.0,5.5,790.0,69.0,1047.0,67.0,1443.0,580.0,25.9,28.1,0.9258,2004-05-02 16:00:00
02/05/2004,17:00:00,1.9,1160.0,-200.0,9.5,957.0,131.0,884.0,106.0,1637.0,861.0,24.5,32.3,0.9815,2004-05-02 17:00:00
02/05/2004,18:00:00,2.3,1269.0,-200.0,11.9,1047.0,144.0,809.0,114.0,1721.0,1080.0,22.6,39.3,1.06,2004-05-02 18:00:00
02/05/2004,19:00:00,3.3,1394.0,-200.0,13.8,1111.0,209.0,736.0,123.0,1853.0,1288.0,21.2,47.5,1.1828,2004-05-02 19:00:00
02/05/2004,20:00:00,2.6,1292.0,-200.0,10.7,1003.0,170.0,789.0,108.0,1753.0,1163.0,19.9,54.9,1.2632,2004-05-02 20:00:00
02/05/2004,21:00:00,2.2,1212.0,-200.0,9.7,966.0,152.0,840.0,100.0,1691.0,1043.0,19.4,52.1,1.1642,2004-05-02 21:00:00
02/05/2004,22:00:00,2.3,1137.0,-200.0,10.2,985.0,171.0,858.0,118.0,1607.0,1045.0,19.4,42.6,0.9485,2004-05-02 22:00:00
02/05/2004,23:00:00,2.0,1080.0,-200.0,8.3,910.0,153.0,923.0,121.0,1548.0,929.0,19.1,44.1,0.966,2004-05-02 23:00:00
03/05/2004,00:00:00,1.6,1031.0,-200.0,7.1,861.0,97.0,903.0,94.0,1534.0,825.0,18.0,49.3,1.0086,2004-05-03 00:00:00
03/05/2004,01:00:00,0.8,917.0,-200.0,3.0,654.0,37.0,1169.0,52.0,1414.0,545.0,17.6,54.6,1.0918,2004-05-03 01:00:00
03/05/2004,02:00:00,0.6,888.0,-200.0,2.2,598.0,26.0,1228.0,39.0,1397.0,500.0,16.4,62.1,1.1493,2004-05-03 02:00:00
03/05/2004,03:00:00,0.4,872.0,-200.0,1.7,564.0,-200.0,1284.0,-200.0,1385.0,494.0,15.6,65.3,1.1484,2004-05-03 03:00:00
03/05/2004,04:00:00,-200.0,876.0,-200.0,1.5,547.0,25.0,1256.0,33.0,1351.0,505.0,16.0,61.4,1.1043,2004-05-03 04:00:00
03/05/2004,05:00:00,0.7,964.0,-200.0,3.7,697.0,61.0,1067.0,57.0,1516.0,717.0,15.8,64.3,1.1416,2004-05-03 05:00:00
03/05/2004,06:00:00,1.3,1147.0,-200.0,8.2,906.0,152.0,815.0,80.0,1687.0,1126.0,16.0,65.8,1.1844,2004-05-03 06:00:00
03/05/2004,07:00:00,3.4,1493.0,-200.0,21.1,1328.0,283.0,577.0,101.0,2193.0,1597.0,16.8,62.5,1.1869,2004-05-03 07:00:00
03/05/2004,08:00:00,4.7,1597.0,-200.0,26.5,1466.0,320.0,518.0,109.0,2400.0,1687.0,16.9,66.1,1.2613,2004-05-03 08:00:00
03/05/2004,09:00:00,3.4,1483.0,-200.0,17.4,1222.0,318.0,597.0,109.0,2054.0,1529.0,17.4,68.9,1.3557,2004-05-03 09:00:00
03/05/2004,10:00:00,2.5,1222.0,-200.0,12.9,1080.0,201.0,742.0,111.0,1755.0,1366.0,21.4,45.0,1.1291,2004-05-03 10:00:00
03/05/2004,11:00:00,2.0,1060.0,-200.0,10.9,1010.0,135.0,858.0,102.0,1623.0,1074.0,23.9,30.7,0.9002,2004-05-03 11:00:00
03/05/2004,12:00:00,1.9,1048.0,-200.0,11.0,1013.0,127.0,886.0,96.0,1584.0,940.0,26.8,25.2,0.8721,2004-05-03 12:00:00
03/05/2004,13:00:00,1.7,1051.0,-200.0,10.8,1008.0,102.0,911.0,90.0,1561.0,921.0,28.4,23.6,0.8983,2004-05-03 13:00:00
03/05/2004,14:00:00,1.4,998.0,-200.0,10.0,977.0,74.0,947.0,69.0,1496.0,695.0,30.3,20.1,0.8539,2004-05-03 14:00:00
03/05/2004,15:00:00,1.5,1058.0,-200.0,11.2,1023.0,81.0,896.0,74.0,1580.0,795.0,30.9,19.7,0.8649,2004-05-03 15:00:00
03/05/2004,16:00:00,2.4,1203.0,-200.0,16.8,1204.0,129.0,790.0,102.0,1744.0,1079.0,30.2,20.5,0.8672,2004-05-03 16:00:00
03/05/2004,17:00:00,3.9,1491.0,-200.0,23.6,1392.0,190.0,630.0,128.0,2149.0,1473.0,26.4,34.6,1.1724,2004-05-03 17:00:00
03/05/2004,18:00:00,4.2,1467.0,-200.0,23.3,1385.0,192.0,623.0,130.0,2084.0,1493.0,24.9,39.4,1.2268,2004-05-03 18:00:00
03/05/2004,19:00:00,3.7,1407.0,-200.0,19.4,1279.0,163.0,660.0,120.0,2009.0,1308.0,23.5,43.7,1.2484,2004-05-03 19:00:00
03/05/2004,20:00:00,3.2,1324.0,-200.0,13.1,1086.0,149.0,692.0,113.0,1903.0,1189.0,19.3,63.1,1.4028,2004-05-03 20:00:00
03/05/2004,21:00:00,2.0,1214.0,-200.0,9.8,970.0,119.0,777.0,100.0,1771.0,1076.0,18.7,64.6,1.3836,2004-05-03 21:00:00
03/05/2004,22:00:00,1.1,1016.0,-200.0,5.3,780.0,61.0,967.0,70.0,1566.0,806.0,19.5,57.1,1.2806,2004-05-03 22:00:00
03/05/2004,23:00:00,1.5,1135.0,-200.0,6.7,842.0,84.0,872.0,83.0,1653.0,973.0,18.9,62.5,1.3521,2004-05-03 23:00:00
04/05/2004,00:00:00,1.3,1065.0,-200.0,5.5,789.0,79.0,936.0,81.0,1620.0,929.0,18.4,65.8,1.3802,2004-05-04 00:00:00
04/05/2004,01:00:00,1.0,999.0,-200.0,3.7,692.0,58.0,1038.0,69.0,1588.0,778.0,16.4,79.2,1.4681,2004-05-04 01:00:00
04/05/2004,02:00:00,0.6,911.0,-200.0,2.2,599.0,32.0,1189.0,48.0,1517.0,633.0,16.1,80.0,1.4562,2004-05-04 02:00:00
04/05/2004,03:00:00,0.4,873.0,-200.0,1.5,545.0,-200.0,1308.0,-200.0,1471.0,497.0,15.6,81.0,1.4302,2004-05-04 03:00:00
04/05/2004,04:00:00,-200.0,881.0,-200.0,1.5,546.0,21.0,1335.0,28.0,1465.0,458.0,15.6,81.0,1.4216,2004-05-04 04:00:00
04/05/2004,05:00:00,0.6,967.0,-200.0,2.9,646.0,49.0,1117.0,47.0,1552.0,579.0,15.7,80.5,1.4236,2004-05-04 05:00:00
04/05/2004,06:00:00,1.9,1280.0,-200.0,9.9,976.0,180.0,780.0,88.0,1912.0,1003.0,16.0,80.8,1.4602,2004-05-04 06:00:00
04/05/2004,07:00:00,4.5,1564.0,-200.0,23.0,1379.0,302.0,552.0,109.0,2306.0,1393.0,16.6,78.0,1.4572,2004-05-04 07:00:00
04/05/2004,08:00:00,4.3,1505.0,-200.0,22.3,1358.0,258.0,556.0,113.0,2248.0,1406.0,16.1,79.2,1.4398,2004-05-04 08:00:00
04/05/2004,09:00:00,3.2,1309.0,-200.0,16.2,1186.0,192.0,649.0,104.0,1973.0,1308.0,17.7,70.8,1.4171,2004-05-04 09:00:00
04/05/2004,10:00:00,1.3,1035.0,-200.0,7.9,895.0,84.0,898.0,65.0,1657.0,863.0,20.3,54.8,1.2867,2004-05-04 10:00:00
04/05/2004,11:00:00,2.2,1148.0,-200.0,12.4,1062.0,128.0,753.0,87.0,1825.0,1004.0,21.2,49.3,1.2271,2004-05-04 11:00:00
04/05/2004,12:00:00,2.6,1152.0,-200.0,13.6,1104.0,145.0,725.0,99.0,1860.0,1023.0,21.5,47.9,1.2178,2004-05-04 12:00:00
04/05/2004,13:00:00,2.3,1131.0,-200.0,12.3,1059.0,132.0,772.0,100.0,1784.0,978.0,21.4,47.7,1.2047,2004-05-04 13:00:00
04/05/2004,14:00:00,2.4,1142.0,-200.0,12.1,1053.0,136.0,753.0,105.0,1814.0,979.0,20.4,54.0,1.2757,2004-05-04 14:00:00
04/05/2004,15:00:00,2.6,1197.0,-200.0,12.9,1082.0,140.0,753.0,97.0,1851.0,971.0,19.9,57.1,1.3158,2004-05-04 15:00:00
04/05/2004,16:00:00,1.2,960.0,-200.0,6.3,828.0,55.0,971.0,54.0,1565.0,617.0,19.9,55.2,1.2701,2004-05-04 16:00:00
04/05/2004,17:00:00,1.6,1077.0,-200.0,10.6,1001.0,67.0,836.0,59.0,1764.0,717.0,19.5,55.7,1.2512,2004-05-04 17:00:00
04/05/2004,18:00:00,3.9,1377.0,-200.0,20.6,1313.0,191.0,612.0,109.0,2120.0,1220.0,18.3,62.8,1.3127,2004-05-04 18:00:00
04/05/2004,19:00:00,4.7,1405.0,-200.0,22.1,1353.0,227.0,602.0,125.0,2185.0,1296.0,17.2,68.3,1.3289,2004-05-04 19:00:00
04/05/2004,20:00:00,5.4,1484.0,-200.0,20.8,1319.0,264.0,591.0,132.0,2166.0,1413.0,16.1,75.2,1.3654,2004-05-04 20:00:00
04/05/2004,21:00:00,3.0,1187.0,-200.0,11.8,1042.0,196.0,766.0,110.0,1840.0,1093.0,16.6,70.8,1.3253,2004-05-04 21:00:00
04/05/2004,22:00:00,0.9,870.0,-200.0,4.3,729.0,43.0,1096.0,53.0,1475.0,586.0,18.5,56.0,1.181,2004-05-04 22:00:00
04/05/2004,23:00:00,1.1,932.0,-200.0,5.0,765.0,58.0,1054.0,61.0,1543.0,575.0,17.3,59.5,1.1667,2004-05-04 23:00:00
05/05/2004,00:00:00,0.7,830.0,-200.0,2.3,608.0,33.0,1282.0,41.0,1370.0,441.0,18.6,52.3,1.1121,2004-05-05 00:00:00
05/05/2004,01:00:00,0.5,778.0,-200.0,1.4,534.0,14.0,1480.0,22.0,1294.0,358.0,19.0,49.8,1.0831,2004-05-05 01:00:00
05/05/2004,02:00:00,0.5,820.0,-200.0,1.5,541.0,18.0,1450.0,28.0,1360.0,377.0,15.7,64.5,1.14,2004-05-05 02:00:00
05/05/2004,03:00:00,0.5,842.0,-200.0,1.8,565.0,-200.0,1327.0,-200.0,1399.0,437.0,15.5,66.9,1.1691,2004-05-05 03:00:00
05/05/2004,04:00:00,-200.0,867.0,-200.0,2.1,589.0,28.0,1267.0,41.0,1439.0,468.0,14.7,74.1,1.2302,2004-05-05 04:00:00
05/05/2004,05:00:00,0.8,927.0,-200.0,3.5,682.0,56.0,1109.0,54.0,1526.0,580.0,14.6,77.1,1.2727,2004-05-05 05:00:00
05/05/2004,06:00:00,1.3,1060.0,-200.0,6.9,851.0,108.0,912.0,81.0,1673.0,805.0,14.5,78.3,1.2851,2004-05-05 06:00:00
05/05/2004,07:00:00,3.5,1440.0,-200.0,19.1,1271.0,251.0,630.0,107.0,2163.0,1273.0,15.1,76.8,1.3061,2004-05-05 07:00:00
05/05/2004,08:00:00,-200.0,1449.0,-200.0,22.0,1350.0,-200.0,571.0,-200.0,2264.0,1452.0,16.4,70.8,1.3088,2004-05-05 08:00:00
05/05/2004,09:00:00,3.9,1384.0,-200.0,18.9,1265.0,255.0,620.0,124.0,2143.0,1307.0,16.4,72.4,1.3379,2004-05-05 09:00:00
05/05/2004,10:00:00,2.9,1172.0,-200.0,13.0,1085.0,214.0,737.0,123.0,1876.0,1102.0,16.3,68.6,1.2657,2004-05-05 10:00:00
05/05/2004,11:00:00,2.6,1143.0,-200.0,13.0,1083.0,190.0,735.0,120.0,1887.0,1083.0,17.2,62.9,1.2228,2004-05-05 11:00:00
05/05/2004,12:00:00,3.0,1167.0,-200.0,14.5,1134.0,182.0,709.0,113.0,1920.0,1083.0,17.4,61.1,1.206,2004-05-05 12:00:00
05/05/2004,13:00:00,3.7,1303.0,-200.0,19.7,1288.0,202.0,618.0,114.0,2116.0,1236.0,16.8,66.8,1.2691,2004-05-05 13:00:00
05/05/2004,14:00:00,3.9,1264.0,-200.0,19.4,1279.0,224.0,631.0,120.0,2049.0,1223.0,17.3,62.6,1.226,2004-05-05 14:00:00
05/05/2004,15:00:00,3.5,1242.0,-200.0,16.4,1193.0,221.0,684.0,125.0,1945.0,1175.0,17.5,60.8,1.2029,2004-05-05 15:00:00
05/05/2004,16:00:00,2.4,1070.0,-200.0,11.2,1022.0,126.0,824.0,88.0,1740.0,933.0,17.5,59.2,1.1725,2004-05-05 16:00:00
05/05/2004,17:00:00,1.6,981.0,-200.0,10.0,978.0,79.0,857.0,72.0,1682.0,835.0,17.7,56.9,1.1392,2004-05-05 17:00:00
05/05/2004,18:00:00,3.0,1198.0,-200.0,14.6,1136.0,137.0,717.0,103.0,1870.0,1291.0,17.1,61.5,1.1873,2004-05-05 18:00:00
05/05/2004,19:00:00,1.6,1000.0,-200.0,8.5,918.0,68.0,881.0,67.0,1661.0,802.0,17.5,63.9,1.2667,2004-05-05 19:00:00
05/05/2004,20:00:00,2.1,1110.0,-200.0,9.2,949.0,96.0,850.0,79.0,1733.0,842.0,15.9,70.7,1.2672,2004-05-05 20:00:00
05/05/2004,21:00:00,1.8,1023.0,-200.0,6.9,854.0,111.0,918.0,89.0,1637.0,744.0,15.1,75.1,1.2799,2004-05-05 21:00:00
05/05/2004,22:00:00,1.1,861.0,-200.0,3.7,695.0,56.0,1130.0,67.0,1438.0,500.0,13.9,72.5,1.1502,2004-05-05 22:00:00
05/05/2004,23:00:00,1.5,969.0,-200.0,4.9,760.0,81.0,1059.0,83.0,1518.0,560.0,12.0,79.8,1.1175,2004-05-05 23:00:00
06/05/2004,00:00:00,1.4,898.0,-200.0,4.6,741.0,79.0,1085.0,76.0,1468.0,589.0,12.5,75.8,1.0938,2004-05-06 00:00:00
06/05/2004,01:00:00,0.9,835.0,-200.0,3.4,674.0,46.0,1201.0,58.0,1416.0,488.0,12.0,75.0,1.0499,2004-05-06 01:00:00
06/05/2004,02:00:00,0.5,766.0,-200.0,1.2,523.0,19.0,1534.0,30.0,1310.0,387.0,12.6,72.2,1.0503,2004-05-06 02:00:00
06/05/2004,03:00:00,0.4,743.0,-200.0,1.0,502.0,-200.0,1635.0,-200.0,1292.0,355.0,12.7,71.6,1.0486,2004-05-06 03:00:00
06/05/2004,04:00:00,-200.0,758.0,-200.0,1.2,517.0,15.0,1625.0,22.0,1294.0,351.0,13.1,67.1,1.0079,2004-05-06 04:00:00
06/05/2004,05:00:00,0.6,804.0,-200.0,2.3,604.0,48.0,1366.0,50.0,1357.0,420.0,13.2,64.6,0.9774,2004-05-06 05:00:00
06/05/2004,06:00:00,1.3,948.0,-200.0,6.1,817.0,128.0,1048.0,92.0,1546.0,695.0,13.1,65.6,0.9815,2004-05-06 06:00:00
06/05/2004,07:00:00,2.9,1204.0,-200.0,16.8,1205.0,193.0,729.0,101.0,1984.0,1139.0,14.7,58.5,0.9688,2004-05-06 07:00:00
06/05/2004,08:00:00,3.6,1231.0,-200.0,20.3,1304.0,203.0,652.0,121.0,2029.0,1315.0,15.9,53.1,0.9529,2004-05-06 08:00:00
06/05/2004,09:00:00,3.4,1176.0,-200.0,16.4,1191.0,220.0,705.0,130.0,1836.0,1217.0,17.9,46.1,0.9388,2004-05-06 09:00:00
06/05/2004,10:00:00,2.5,1043.0,-200.0,12.5,1066.0,161.0,789.0,114.0,1692.0,1014.0,20.2,37.7,0.8833,2004-05-06 10:00:00
06/05/2004,11:00:00,2.1,992.0,-200.0,9.8,970.0,135.0,869.0,100.0,1624.0,884.0,18.5,42.8,0.9026,2004-05-06 11:00:00
06/05/2004,12:00:00,1.1,885.0,-200.0,5.2,772.0,57.0,1035.0,56.0,1450.0,524.0,13.0,64.3,0.9586,2004-05-06 12:00:00
06/05/2004,13:00:00,1.8,991.0,-200.0,8.9,937.0,91.0,874.0,75.0,1581.0,644.0,15.1,54.5,0.9309,2004-05-06 13:00:00
06/05/2004,14:00:00,3.0,1182.0,-200.0,14.1,1119.0,219.0,733.0,121.0,1831.0,1032.0,13.6,65.5,1.0184,2004-05-06 14:00:00
06/05/2004,15:00:00,3.1,1191.0,-200.0,12.7,1074.0,239.0,741.0,128.0,1816.0,1038.0,12.3,78.3,1.1154,2004-05-06 15:00:00
06/05/2004,16:00:00,3.6,1272.0,-200.0,14.6,1136.0,209.0,730.0,139.0,1869.0,1077.0,12.7,74.2,1.0863,2004-05-06 16:00:00
06/05/2004,17:00:00,3.3,1138.0,-200.0,12.4,1063.0,169.0,804.0,122.0,1728.0,983.0,14.4,64.2,1.049,2004-05-06 17:00:00
06/05/2004,18:00:00,1.8,1008.0,-200.0,9.4,954.0,92.0,892.0,92.0,1626.0,834.0,15.6,58.3,1.0266,2004-05-06 18:00:00
06/05/2004,19:00:00,2.1,1075.0,-200.0,11.0,1015.0,107.0,824.0,97.0,1722.0,949.0,15.0,61.4,1.0385,2004-05-06 19:00:00
06/05/2004,20:00:00,2.2,1034.0,-200.0,8.9,935.0,122.0,870.0,98.0,1605.0,941.0,13.7,65.8,1.0254,2004-05-06 20:00:00
06/05/2004,21:00:00,1.6,934.0,-200.0,6.6,841.0,100.0,973.0,93.0,1497.0,756.0,12.3,66.4,0.944,2004-05-06 21:00:00
06/05/2004,22:00:00,0.9,883.0,-200.0,3.9,705.0,51.0,1133.0,65.0,1422.0,655.0,15.4,58.8,1.0215,2004-05-06 22:00:00
06/05/2004,23:00:00,1.8,1021.0,-200.0,7.3,871.0,93.0,938.0,81.0,1586.0,805.0,14.1,64.9,1.0405,2004-05-06 23:00:00
07/05/2004,00:00:00,2.3,1059.0,-200.0,8.2,907.0,145.0,879.0,102.0,1579.0,970.0,13.8,64.7,1.0168,2004-05-07 00:00:00
07/05/2004,01:00:00,2.0,1023.0,-200.0,7.5,878.0,106.0,896.0,91.0,1568.0,969.0,13.5,67.8,1.042,2004-05-07 01:00:00
07/05/2004,02:00:00,0.9,855.0,-200.0,3.3,669.0,46.0,1160.0,56.0,1427.0,671.0,13.7,69.4,1.0794,2004-05-07 02:00:00
07/05/2004,03:00:00,0.6,826.0,-200.0,2.4,616.0,-200.0,1227.0,-200.0,1384.0,575.0,13.9,67.7,1.0712,2004-05-07 03:00:00
07/05/2004,04:00:00,-200.0,831.0,-200.0,2.2,602.0,32.0,1269.0,41.0,1386.0,535.0,14.0,67.8,1.0787,2004-05-07 04:00:00
07/05/2004,05:00:00,0.7,817.0,-200.0,2.8,639.0,51.0,1260.0,48.0,1364.0,489.0,14.6,61.1,1.0075,2004-05-07 05:00:00
07/05/2004,06:00:00,1.5,972.0,-200.0,7.5,880.0,89.0,964.0,72.0,1590.0,689.0,14.3,60.5,0.9847,2004-05-07 06:00:00
07/05/2004,07:00:00,3.7,1200.0,-200.0,19.8,1290.0,214.0,657.0,106.0,2014.0,1196.0,14.9,56.9,0.9582,2004-05-07 07:00:00
07/05/2004,08:00:00,4.2,1234.0,-200.0,22.1,1355.0,196.0,621.0,107.0,2095.0,1266.0,16.4,50.2,0.9286,2004-05-07 08:00:00
07/05/2004,09:00:00,3.4,1164.0,-200.0,15.0,1148.0,224.0,741.0,127.0,1824.0,1130.0,16.0,50.9,0.9211,2004-05-07 09:00:00
07/05/2004,10:00:00,2.4,976.0,-200.0,9.3,952.0,174.0,878.0,114.0,1582.0,834.0,18.6,42.8,0.9091,2004-05-07 10:00:00
07/05/2004,11:00:00,1.3,844.0,-200.0,6.3,825.0,90.0,1027.0,101.0,1405.0,536.0,19.7,33.7,0.7646,2004-05-07 11:00:00
07/05/2004,12:00:00,1.5,851.0,-200.0,8.2,906.0,89.0,989.0,95.0,1418.0,545.0,21.2,27.7,0.6864,2004-05-07 12:00:00
07/05/2004,13:00:00,2.2,926.0,-200.0,10.9,1010.0,132.0,904.0,110.0,1526.0,720.0,19.7,28.5,0.6445,2004-05-07 13:00:00
07/05/2004,14:00:00,1.8,890.0,-200.0,9.3,950.0,114.0,940.0,101.0,1460.0,655.0,19.8,29.7,0.678,2004-05-07 14:00:00
07/05/2004,15:00:00,1.9,921.0,-200.0,8.4,914.0,107.0,937.0,106.0,1481.0,614.0,19.2,35.6,0.7856,2004-05-07 15:00:00
07/05/2004,16:00:00,2.3,1052.0,-200.0,9.4,956.0,140.0,869.0,116.0,1600.0,725.0,14.2,60.5,0.9765,2004-05-07 16:00:00
07/05/2004,17:00:00,3.6,1247.0,-200.0,17.9,1238.0,187.0,691.0,124.0,1948.0,1036.0,12.9,69.1,1.0249,2004-05-07 17:00:00
07/05/2004,18:00:00,4.3,1205.0,-200.0,17.4,1222.0,222.0,684.0,133.0,1911.0,1127.0,12.7,70.4,1.0294,2004-05-07 18:00:00
07/05/2004,19:00:00,2.2,1016.0,-200.0,10.5,995.0,117.0,857.0,96.0,1642.0,854.0,13.9,62.7,0.9905,2004-05-07 19:00:00
07/05/2004,20:00:00,1.5,984.0,-200.0,7.5,879.0,89.0,940.0,85.0,1527.0,792.0,13.9,62.9,0.9948,2004-05-07 20:00:00
07/05/2004,21:00:00,2.0,1041.0,-200.0,8.0,898.0,130.0,922.0,97.0,1595.0,891.0,13.4,65.2,0.9996,2004-05-07 21:00:00
07/05/2004,22:00:00,2.0,1027.0,-200.0,7.7,887.0,133.0,927.0,97.0,1568.0,876.0,13.4,64.6,0.9864,2004-05-07 22:00:00
07/05/2004,23:00:00,2.1,1025.0,-200.0,7.3,869.0,144.0,954.0,101.0,1531.0,851.0,13.3,63.6,0.9677,2004-05-07 23:00:00
08/05/2004,00:00:00,1.5,984.0,-200.0,6.4,829.0,99.0,1003.0,85.0,1516.0,787.0,13.3,61.8,0.9433,2004-05-08 00:00:00
08/05/2004,01:00:00,2.2,969.0,-200.0,5.6,791.0,102.0,1084.0,80.0,1446.0,711.0,13.6,59.7,0.9271,2004-05-08 01:00:00
08/05/2004,02:00:00,0.5,758.0,-200.0,1.5,546.0,27.0,1483.0,33.0,1252.0,396.0,14.6,53.3,0.8807,2004-05-08 02:00:00
08/05/2004,03:00:00,-200.0,767.0,-200.0,1.5,547.0,-200.0,1482.0,-200.0,1239.0,375.0,14.3,51.7,0.8412,2004-05-08 03:00:00
08/05/2004,04:00:00,-200.0,772.0,-200.0,1.2,518.0,-200.0,1544.0,-200.0,1202.0,343.0,10.9,67.5,0.8785,2004-05-08 04:00:00
08/05/2004,05:00:00,-200.0,831.0,-200.0,1.6,557.0,-200.0,1480.0,-200.0,1257.0,401.0,7.4,85.2,0.8808,2004-05-08 05:00:00
08/05/2004,06:00:00,-200.0,871.0,-200.0,2.6,628.0,-200.0,1243.0,-200.0,1329.0,518.0,8.7,81.5,0.919,2004-05-08 06:00:00
08/05/2004,07:00:00,-200.0,995.0,-200.0,5.9,808.0,-200.0,1028.0,-200.0,1479.0,685.0,10.3,75.6,0.9458,2004-05-08 07:00:00
08/05/2004,08:00:00,-200.0,1093.0,-200.0,8.5,918.0,-200.0,857.0,-200.0,1589.0,939.0,11.0,75.0,0.9821,2004-05-08 08:00:00
08/05/2004,09:00:00,-200.0,1079.0,-200.0,7.7,885.0,-200.0,884.0,-200.0,1588.0,974.0,13.6,66.1,1.0236,2004-05-08 09:00:00
08/05/2004,10:00:00,-200.0,1084.0,-200.0,6.9,852.0,-200.0,910.0,-200.0,1575.0,959.0,14.7,63.1,1.0488,2004-05-08 10:00:00
08/05/2004,11:00:00,-200.0,1204.0,-200.0,10.1,982.0,-200.0,791.0,-200.0,1739.0,1067.0,13.8,72.3,1.1361,2004-05-08 11:00:00
08/05/2004,12:00:00,-200.0,1213.0,-200.0,11.1,1018.0,-200.0,760.0,-200.0,1778.0,1061.0,13.3,76.8,1.1703,2004-05-08 12:00:00
08/05/2004,13:00:00,-200.0,1124.0,-200.0,9.2,949.0,-200.0,827.0,-200.0,1671.0,1008.0,16.2,60.0,1.0937,2004-05-08 13:00:00
08/05/2004,14:00:00,-200.0,945.0,-200.0,4.3,726.0,-200.0,1053.0,-200.0,1432.0,637.0,16.3,55.3,1.0146,2004-05-08 14:00:00
08/05/2004,15:00:00,-200.0,964.0,-200.0,6.5,833.0,-200.0,1003.0,-200.0,1489.0,647.0,20.0,40.4,0.9354,2004-05-08 15:00:00
08/05/2004,16:00:00,-200.0,903.0,-200.0,5.4,786.0,-200.0,1073.0,-200.0,1375.0,523.0,19.8,35.4,0.8099,2004-05-08 16:00:00
08/05/2004,17:00:00,-200.0,918.0,-200.0,7.1,863.0,-200.0,992.0,-200.0,1408.0,539.0,19.8,33.6,0.767,2004-05-08 17:00:00
08/05/2004,18:00:00,-200.0,1028.0,-200.0,9.5,961.0,-200.0,913.0,-200.0,1502.0,649.0,17.8,38.5,0.7763,2004-05-08 18:00:00
08/05/2004,19:00:00,-200.0,1175.0,-200.0,17.0,1209.0,-200.0,720.0,-200.0,1829.0,1071.0,16.7,44.6,0.8393,2004-05-08 19:00:00
08/05/2004,20:00:00,-200.0,1215.0,-200.0,15.4,1161.0,-200.0,714.0,-200.0,1802.0,1237.0,15.1,51.8,0.8816,2004-05-08 20:00:00
08/05/2004,21:00:00,-200.0,1072.0,-200.0,9.9,976.0,-200.0,835.0,-200.0,1603.0,1018.0,14.1,56.2,0.9028,2004-05-08 21:00:00
08/05/2004,22:00:00,-200.0,1070.0,-200.0,9.3,952.0,-200.0,858.0,-200.0,1573.0,966.0,13.8,58.3,0.9147,2004-05-08 22:00:00
08/05/2004,23:00:00,-200.0,1021.0,-200.0,6.9,853.0,-200.0,979.0,-200.0,1457.0,901.0,13.7,59.7,0.9285,2004-05-08 23:00:00
09/05/2004,00:00:00,-200.0,1063.0,-200.0,7.1,859.0,-200.0,952.0,-200.0,1519.0,949.0,13.7,60.3,0.9405,2004-05-09 00:00:00
09/05/2004,01:00:00,-200.0,1068.0,-200.0,9.0,938.0,-200.0,862.0,-200.0,1575.0,1057.0,12.7,64.9,0.9506,2004-05-09 01:00:00
09/05/2004,02:00:00,-200.0,993.0,-200.0,8.3,913.0,-200.0,879.0,-200.0,1601.0,989.0,12.6,65.4,0.9529,2004-05-09 02:00:00
09/05/2004,03:00:00,-200.0,1034.0,-200.0,8.7,928.0,-200.0,848.0,-200.0,1619.0,1005.0,12.1,68.6,0.964,2004-05-09 03:00:00
09/05/2004,04:00:00,-200.0,1025.0,-200.0,8.4,914.0,-200.0,856.0,-200.0,1605.0,1003.0,12.3,68.0,0.9722,2004-05-09 04:00:00
09/05/2004,05:00:00,-200.0,1036.0,-200.0,8.1,902.0,-200.0,825.0,-200.0,1558.0,1087.0,11.9,71.1,0.9899,2004-05-09 05:00:00
09/05/2004,06:00:00,-200.0,924.0,-200.0,5.2,774.0,-200.0,987.0,-200.0,1460.0,909.0,11.3,73.8,0.9848,2004-05-09 06:00:00
09/05/2004,07:00:00,-200.0,922.0,-200.0,4.5,737.0,-200.0,1050.0,-200.0,1414.0,882.0,13.1,62.6,0.9419,2004-05-09 07:00:00
09/05/2004,08:00:00,-200.0,830.0,-200.0,2.6,625.0,-200.0,1266.0,-200.0,1303.0,568.0,16.8,46.8,0.8881,2004-05-09 08:00:00
09/05/2004,09:00:00,-200.0,947.0,-200.0,4.8,752.0,-200.0,1068.0,-200.0,1434.0,620.0,17.9,44.8,0.9104,2004-05-09 09:00:00
09/05/2004,10:00:00,-200.0,977.0,-200.0,4.5,737.0,-200.0,1025.0,-200.0,1450.0,686.0,17.8,49.5,0.9986,2004-05-09 10:00:00
09/05/2004,11:00:00,-200.0,1025.0,-200.0,4.9,761.0,-200.0,1008.0,-200.0,1476.0,700.0,18.8,46.4,0.9968,2004-05-09 11:00:00
09/05/2004,12:00:00,-200.0,1040.0,-200.0,5.8,804.0,-200.0,940.0,-200.0,1502.0,780.0,19.3,44.0,0.9783,2004-05-09 12:00:00
09/05/2004,13:00:00,-200.0,1013.0,-200.0,4.1,718.0,-200.0,1041.0,-200.0,1492.0,558.0,14.7,68.4,1.1405,2004-05-09 13:00:00
09/05/2004,14:00:00,-200.0,1035.0,-200.0,4.8,755.0,-200.0,997.0,-200.0,1521.0,608.0,15.6,65.8,1.1577,2004-05-09 14:00:00
09/05/2004,15:00:00,-200.0,1086.0,-200.0,7.0,859.0,-200.0,892.0,-200.0,1595.0,754.0,17.7,54.0,1.0826,2004-05-09 15:00:00
09/05/2004,16:00:00,-200.0,967.0,-200.0,4.8,753.0,-200.0,1048.0,-200.0,1420.0,544.0,17.8,46.7,0.9466,2004-05-09 16:00:00
09/05/2004,17:00:00,-200.0,968.0,-200.0,5.4,785.0,-200.0,1011.0,-200.0,1446.0,550.0,17.8,44.4,0.8967,2004-05-09 17:00:00
09/05/2004,18:00:00,-200.0,1004.0,-200.0,6.3,827.0,-200.0,972.0,-200.0,1465.0,627.0,17.8,44.3,0.8929,2004-05-09 18:00:00
09/05/2004,19:00:00,-200.0,1132.0,-200.0,10.1,981.0,-200.0,850.0,-200.0,1614.0,877.0,16.4,47.8,0.8851,2004-05-09 19:00:00
09/05/2004,20:00:00,-200.0,1121.0,-200.0,10.2,985.0,-200.0,833.0,-200.0,1625.0,981.0,15.6,51.6,0.9063,2004-05-09 20:00:00
09/05/2004,21:00:00,-200.0,1068.0,-200.0,8.4,917.0,-200.0,889.0,-200.0,1570.0,832.0,14.9,55.0,0.9228,2004-05-09 21:00:00
09/05/2004,22:00:00,-200.0,1123.0,-200.0,8.9,937.0,-200.0,866.0,-200.0,1606.0,941.0,13.8,59.8,0.9398,2004-05-09 22:00:00
09/05/2004,23:00:00,-200.0,1101.0,-200.0,8.8,933.0,-200.0,845.0,-200.0,1600.0,1022.0,13.8,62.1,0.9721,2004-05-09 23:00:00
10/05/2004,00:00:00,-200.0,997.0,-200.0,6.5,835.0,-200.0,951.0,-200.0,1501.0,888.0,13.9,61.1,0.9656,2004-05-10 00:00:00
10/05/2004,01:00:00,-200.0,875.0,-200.0,3.0,654.0,-200.0,1172.0,-200.0,1375.0,683.0,14.9,57.6,0.9684,2004-05-10 01:00:00
10/05/2004,02:00:00,-200.0,815.0,-200.0,1.8,569.0,-200.0,1361.0,-200.0,1344.0,534.0,14.4,60.1,0.9797,2004-05-10 02:00:00
10/05/2004,03:00:00,-200.0,803.0,-200.0,1.3,531.0,-200.0,1462.0,-200.0,1318.0,489.0,13.8,63.2,0.9952,2004-05-10 03:00:00
10/05/2004,04:00:00,-200.0,829.0,-200.0,1.8,570.0,-200.0,1304.0,-200.0,1357.0,562.0,14.2,62.9,1.0136,2004-05-10 04:00:00
10/05/2004,05:00:00,-200.0,867.0,-200.0,2.6,625.0,-200.0,1213.0,-200.0,1385.0,652.0,14.0,63.8,1.0167,2004-05-10 05:00:00
10/05/2004,06:00:00,-200.0,1118.0,-200.0,9.8,970.0,-200.0,837.0,-200.0,1705.0,1019.0,13.4,67.4,1.0292,2004-05-10 06:00:00
10/05/2004,07:00:00,-200.0,1632.0,-200.0,31.5,1587.0,-200.0,523.0,-200.0,2459.0,1678.0,14.7,62.3,1.0351,2004-05-10 07:00:00
10/05/2004,08:00:00,-200.0,1598.0,-200.0,35.2,1668.0,-200.0,490.0,-200.0,2617.0,1749.0,16.0,57.3,1.0342,2004-05-10 08:00:00
10/05/2004,09:00:00,4.4,1378.0,-200.0,20.2,1303.0,257.0,633.0,117.0,2051.0,1494.0,17.8,51.1,1.0362,2004-05-10 09:00:00
10/05/2004,10:00:00,2.5,1132.0,-200.0,13.4,1096.0,178.0,731.0,107.0,1808.0,1186.0,20.0,45.0,1.0379,2004-05-10 10:00:00
10/05/2004,11:00:00,2.1,1108.0,-200.0,11.7,1040.0,145.0,767.0,95.0,1748.0,1051.0,20.3,44.1,1.0392,2004-05-10 11:00:00
10/05/2004,12:00:00,2.4,1131.0,-200.0,13.4,1097.0,137.0,735.0,93.0,1797.0,1027.0,20.7,42.4,1.0248,2004-05-10 12:00:00
10/05/2004,13:00:00,2.2,1105.0,-200.0,12.9,1080.0,139.0,751.0,104.0,1758.0,981.0,20.8,40.6,0.9888,2004-05-10 13:00:00
10/05/2004,14:00:00,2.2,1120.0,-200.0,13.4,1096.0,130.0,753.0,102.0,1767.0,976.0,21.5,39.7,1.0042,2004-05-10 14:00:00
10/05/2004,15:00:00,2.3,1100.0,-200.0,13.7,1108.0,148.0,800.0,109.0,1731.0,932.0,25.0,30.1,0.9394,2004-05-10 15:00:00
10/05/2004,16:00:00,2.1,1098.0,-200.0,14.2,1124.0,120.0,810.0,97.0,1716.0,871.0,25.2,29.7,0.9371,2004-05-10 16:00:00
10/05/2004,17:00:00,2.5,1137.0,-200.0,17.8,1234.0,132.0,749.0,104.0,1824.0,990.0,23.4,32.0,0.91,2004-05-10 17:00:00
10/05/2004,18:00:00,3.6,1267.0,-200.0,22.0,1352.0,188.0,651.0,124.0,1961.0,1196.0,21.0,37.8,0.9298,2004-05-10 18:00:00
10/05/2004,19:00:00,4.0,1319.0,-200.0,24.4,1413.0,204.0,597.0,135.0,2050.0,1329.0,19.2,45.7,1.0084,2004-05-10 19:00:00
10/05/2004,20:00:00,3.0,1160.0,-200.0,16.3,1189.0,167.0,698.0,122.0,1824.0,1151.0,17.7,50.9,1.0232,2004-05-10 20:00:00
10/05/2004,21:00:00,2.1,1084.0,-200.0,12.4,1063.0,128.0,775.0,109.0,1703.0,1031.0,16.8,53.6,1.0167,2004-05-10 21:00:00
10/05/2004,22:00:00,1.7,1025.0,-200.0,9.6,963.0,106.0,842.0,95.0,1621.0,917.0,15.8,56.2,1.0033,2004-05-10 22:00:00
10/05/2004,23:00:00,1.1,953.0,-200.0,6.4,830.0,88.0,986.0,86.0,1521.0,860.0,16.0,56.5,1.0166,2004-05-10 23:00:00
11/05/2004,00:00:00,0.9,959.0,-200.0,6.0,812.0,77.0,961.0,78.0,1518.0,910.0,14.2,64.1,1.0346,2004-05-11 00:00:00
11/05/2004,01:00:00,0.4,834.0,-200.0,2.8,637.0,36.0,1187.0,53.0,1362.0,699.0,15.0,59.8,1.0142,2004-05-11 01:00:00
11/05/2004,02:00:00,0.2,787.0,-200.0,1.6,549.0,28.0,1366.0,43.0,1317.0,596.0,14.3,61.9,1.0031,2004-05-11 02:00:00
11/05/2004,03:00:00,0.2,799.0,-200.0,1.6,555.0,-200.0,1327.0,-200.0,1320.0,643.0,12.8,66.0,0.969,2004-05-11 03:00:00
11/05/2004,04:00:00,-200.0,807.0,-200.0,1.8,571.0,46.0,1305.0,53.0,1335.0,704.0,11.4,70.5,0.9484,2004-05-11 04:00:00
11/05/2004,05:00:00,0.6,866.0,-200.0,3.6,686.0,55.0,1135.0,48.0,1405.0,741.0,12.0,68.0,0.9547,2004-05-11 05:00:00
11/05/2004,06:00:00,1.4,1035.0,-200.0,8.4,917.0,135.0,882.0,64.0,1606.0,968.0,11.3,70.4,0.9443,2004-05-11 06:00:00
11/05/2004,07:00:00,4.6,1469.0,-200.0,27.5,1491.0,327.0,555.0,95.0,2301.0,1561.0,12.7,65.6,0.962,2004-05-11 07:00:00
11/05/2004,08:00:00,5.5,1553.0,-200.0,31.0,1575.0,383.0,508.0,120.0,2423.0,1779.0,14.5,59.8,0.9795,2004-05-11 08:00:00
11/05/2004,09:00:00,4.8,1513.0,-200.0,26.0,1455.0,366.0,554.0,153.0,2182.0,1822.0,17.5,49.8,0.9877,2004-05-11 09:00:00
11/05/2004,10:00:00,4.5,1395.0,-200.0,22.6,1368.0,322.0,605.0,163.0,2032.0,1675.0,21.9,35.2,0.9128,2004-05-11 10:00:00
11/05/2004,11:00:00,3.0,1209.0,-200.0,18.3,1248.0,188.0,712.0,119.0,1891.0,1295.0,23.5,29.5,0.8435,2004-05-11 11:00:00
11/05/2004,12:00:00,2.5,1142.0,-200.0,13.9,1115.0,144.0,776.0,96.0,1735.0,1091.0,24.3,29.8,0.8926,2004-05-11 12:00:00
11/05/2004,13:00:00,2.3,1140.0,-200.0,14.4,1129.0,132.0,765.0,94.0,1728.0,1023.0,23.8,31.7,0.9212,2004-05-11 13:00:00
11/05/2004,14:00:00,2.0,1105.0,-200.0,11.6,1035.0,117.0,826.0,86.0,1643.0,877.0,24.2,31.2,0.9257,2004-05-11 14:00:00
11/05/2004,15:00:00,1.9,1131.0,-200.0,12.2,1058.0,121.0,824.0,91.0,1664.0,931.0,26.5,27.2,0.9282,2004-05-11 15:00:00
11/05/2004,16:00:00,1.9,1162.0,-200.0,12.4,1064.0,124.0,832.0,97.0,1675.0,913.0,25.7,28.4,0.9248,2004-05-11 16:00:00
11/05/2004,17:00:00,3.5,1336.0,-200.0,21.1,1326.0,188.0,674.0,125.0,1923.0,1255.0,26.3,27.5,0.9306,2004-05-11 17:00:00
11/05/2004,18:00:00,4.6,1533.0,-200.0,29.9,1549.0,226.0,573.0,140.0,2233.0,1571.0,24.4,31.6,0.9545,2004-05-11 18:00:00
11/05/2004,19:00:00,6.3,1650.0,-200.0,34.3,1649.0,266.0,528.0,158.0,2345.0,1779.0,23.1,35.3,0.9845,2004-05-11 19:00:00
11/05/2004,20:00:00,5.0,1535.0,-200.0,26.1,1458.0,269.0,568.0,159.0,2120.0,1735.0,21.1,40.2,0.997,2004-05-11 20:00:00
11/05/2004,21:00:00,3.3,1382.0,-200.0,18.1,1243.0,183.0,632.0,128.0,1941.0,1511.0,19.2,52.3,1.1516,2004-05-11 21:00:00
11/05/2004,22:00:00,2.7,1335.0,-200.0,14.2,1122.0,167.0,673.0,114.0,1840.0,1424.0,18.1,58.7,1.2072,2004-05-11 22:00:00
11/05/2004,23:00:00,2.2,1267.0,-200.0,12.4,1064.0,138.0,706.0,100.0,1766.0,1348.0,17.3,58.8,1.1494,2004-05-11 23:00:00
12/05/2004,00:00:00,1.7,1122.0,-200.0,8.7,926.0,105.0,805.0,88.0,1619.0,1174.0,16.9,58.8,1.125,2004-05-12 00:00:00
12/05/2004,01:00:00,0.8,986.0,-200.0,5.2,771.0,54.0,964.0,67.0,1518.0,947.0,17.6,57.6,1.1484,2004-05-12 01:00:00
12/05/2004,02:00:00,0.8,966.0,-200.0,4.6,744.0,58.0,967.0,65.0,1511.0,935.0,15.6,63.9,1.1287,2004-05-12 02:00:00
12/05/2004,03:00:00,0.6,919.0,-200.0,3.1,661.0,-200.0,1089.0,-200.0,1468.0,838.0,14.9,65.7,1.1073,2004-05-12 03:00:00
12/05/2004,04:00:00,-200.0,872.0,-200.0,2.7,632.0,37.0,1132.0,47.0,1403.0,768.0,15.6,62.2,1.0961,2004-05-12 04:00:00
12/05/2004,05:00:00,0.8,967.0,-200.0,4.7,749.0,84.0,996.0,57.0,1517.0,881.0,14.0,68.3,1.0884,2004-05-12 05:00:00
12/05/2004,06:00:00,1.5,1152.0,-200.0,9.6,964.0,134.0,800.0,73.0,1705.0,1096.0,14.5,65.7,1.0804,2004-05-12 06:00:00
12/05/2004,07:00:00,4.1,1500.0,-200.0,23.6,1393.0,279.0,560.0,95.0,2163.0,1495.0,15.5,62.2,1.0875,2004-05-12 07:00:00
12/05/2004,08:00:00,5.9,1754.0,-200.0,37.4,1716.0,333.0,452.0,110.0,2667.0,1895.0,17.0,56.8,1.0909,2004-05-12 08:00:00
12/05/2004,09:00:00,5.1,1558.0,-200.0,26.6,1469.0,336.0,525.0,121.0,2281.0,1758.0,18.8,52.4,1.1285,2004-05-12 09:00:00
12/05/2004,10:00:00,3.9,1446.0,-200.0,22.0,1350.0,280.0,568.0,108.0,2140.0,1630.0,19.7,51.9,1.1796,2004-05-12 10:00:00
12/05/2004,11:00:00,3.4,1349.0,-200.0,17.9,1236.0,275.0,627.0,125.0,1964.0,1530.0,20.9,44.6,1.0872,2004-05-12 11:00:00
12/05/2004,12:00:00,3.3,1452.0,-200.0,22.7,1371.0,207.0,576.0,117.0,2138.0,1622.0,21.9,43.3,1.1265,2004-05-12 12:00:00
12/05/2004,13:00:00,5.1,1676.0,-200.0,29.3,1534.0,305.0,496.0,131.0,2413.0,1828.0,20.4,55.7,1.3205,2004-05-12 13:00:00
12/05/2004,14:00:00,3.1,1327.0,-200.0,14.7,1139.0,236.0,658.0,126.0,1894.0,1323.0,17.4,67.0,1.325,2004-05-12 14:00:00
12/05/2004,15:00:00,2.5,1248.0,-200.0,12.6,1072.0,183.0,713.0,114.0,1797.0,1188.0,17.1,64.0,1.2413,2004-05-12 15:00:00
12/05/2004,16:00:00,2.4,1250.0,-200.0,12.7,1074.0,162.0,724.0,123.0,1806.0,1166.0,17.3,61.1,1.1957,2004-05-12 16:00:00
12/05/2004,17:00:00,2.8,1222.0,-200.0,13.0,1084.0,157.0,727.0,116.0,1797.0,1108.0,17.7,56.3,1.13,2004-05-12 17:00:00
12/05/2004,18:00:00,2.9,1159.0,-200.0,13.4,1097.0,136.0,748.0,107.0,1709.0,995.0,17.4,48.6,0.9559,2004-05-12 18:00:00
12/05/2004,19:00:00,3.4,1192.0,-200.0,14.8,1143.0,166.0,740.0,123.0,1767.0,1108.0,17.6,43.7,0.8698,2004-05-12 19:00:00
12/05/2004,20:00:00,2.2,1074.0,-200.0,9.4,954.0,136.0,846.0,112.0,1570.0,956.0,16.7,47.2,0.892,2004-05-12 20:00:00
12/05/2004,21:00:00,1.6,984.0,-200.0,6.9,851.0,112.0,959.0,101.0,1452.0,817.0,16.8,45.6,0.8636,2004-05-12 21:00:00
12/05/2004,22:00:00,1.3,970.0,-200.0,5.2,773.0,87.0,1026.0,91.0,1425.0,658.0,16.1,52.0,0.946,2004-05-12 22:00:00
12/05/2004,23:00:00,1.3,987.0,-200.0,5.7,800.0,86.0,989.0,88.0,1462.0,658.0,15.5,57.1,0.996,2004-05-12 23:00:00
13/05/2004,00:00:00,1.6,1003.0,-200.0,6.5,836.0,98.0,949.0,96.0,1455.0,748.0,16.2,50.2,0.9156,2004-05-13 00:00:00
13/05/2004,01:00:00,1.2,933.0,-200.0,4.7,747.0,62.0,1045.0,75.0,1405.0,569.0,16.4,50.5,0.938,2004-05-13 01:00:00
13/05/2004,02:00:00,0.6,859.0,-200.0,2.5,620.0,32.0,1201.0,47.0,1316.0,445.0,16.2,52.8,0.9626,2004-05-13 02:00:00
13/05/2004,03:00:00,0.4,815.0,-200.0,1.4,538.0,-200.0,1412.0,-200.0,1272.0,379.0,16.0,53.7,0.9723,2004-05-13 03:00:00
13/05/2004,04:00:00,-200.0,792.0,-200.0,1.0,501.0,21.0,1554.0,25.0,1252.0,354.0,16.2,53.0,0.9672,2004-05-13 04:00:00
13/05/2004,05:00:00,0.4,835.0,-200.0,1.7,560.0,41.0,1409.0,49.0,1317.0,407.0,16.2,53.7,0.9799,2004-05-13 05:00:00
13/05/2004,06:00:00,1.0,975.0,-200.0,4.5,736.0,86.0,1069.0,85.0,1459.0,611.0,15.9,55.3,0.991,2004-05-13 06:00:00
13/05/2004,07:00:00,2.0,1133.0,-200.0,9.4,957.0,174.0,815.0,106.0,1652.0,944.0,16.2,55.6,1.0151,2004-05-13 07:00:00
13/05/2004,08:00:00,3.6,1347.0,-200.0,17.9,1237.0,264.0,645.0,136.0,1984.0,1328.0,16.0,59.3,1.0711,2004-05-13 08:00:00
13/05/2004,09:00:00,2.4,1122.0,-200.0,10.6,1000.0,211.0,783.0,119.0,1663.0,1085.0,16.6,55.6,1.042,2004-05-13 09:00:00
13/05/2004,10:00:00,2.4,1152.0,-200.0,11.0,1014.0,208.0,774.0,122.0,1714.0,1139.0,17.4,51.8,1.022,2004-05-13 10:00:00
13/05/2004,11:00:00,1.6,1020.0,-200.0,7.2,866.0,139.0,907.0,90.0,1554.0,799.0,17.6,49.7,0.9944,2004-05-13 11:00:00
13/05/2004,12:00:00,1.9,1066.0,-200.0,8.7,927.0,138.0,846.0,97.0,1608.0,804.0,17.2,52.8,1.0236,2004-05-13 12:00:00
13/05/2004,13:00:00,2.4,1105.0,-200.0,11.1,1016.0,142.0,789.0,98.0,1736.0,930.0,18.2,49.6,1.0268,2004-05-13 13:00:00
13/05/2004,14:00:00,1.7,1056.0,-200.0,7.9,894.0,131.0,891.0,93.0,1576.0,771.0,19.5,45.0,1.0114,2004-05-13 14:00:00
13/05/2004,15:00:00,2.1,1084.0,-200.0,9.8,970.0,132.0,818.0,98.0,1626.0,845.0,19.5,45.5,1.0189,2004-05-13 15:00:00
13/05/2004,16:00:00,3.1,1288.0,-200.0,16.4,1191.0,178.0,691.0,123.0,1910.0,1192.0,19.8,44.3,1.0104,2004-05-13 16:00:00
13/05/2004,17:00:00,4.6,1390.0,-200.0,22.6,1368.0,228.0,605.0,148.0,2092.0,1494.0,20.3,43.1,1.0114,2004-05-13 17:00:00
13/05/2004,18:00:00,4.5,1374.0,-200.0,20.2,1303.0,232.0,636.0,148.0,2036.0,1457.0,20.3,44.4,1.0457,2004-05-13 18:00:00
13/05/2004,19:00:00,3.9,1378.0,-200.0,21.7,1342.0,204.0,612.0,133.0,2076.0,1489.0,19.8,47.9,1.092,2004-05-13 19:00:00
13/05/2004,20:00:00,4.6,1428.0,-200.0,21.2,1329.0,250.0,594.0,141.0,2102.0,1602.0,19.1,52.3,1.1486,2004-05-13 20:00:00
13/05/2004,21:00:00,3.3,1336.0,-200.0,15.9,1176.0,208.0,656.0,131.0,1891.0,1468.0,18.2,54.7,1.1336,2004-05-13 21:00:00
13/05/2004,22:00:00,2.7,1234.0,-200.0,12.0,1049.0,158.0,746.0,121.0,1733.0,1274.0,17.8,55.0,1.1097,2004-05-13 22:00:00
13/05/2004,23:00:00,3.3,1300.0,-200.0,17.4,1221.0,197.0,648.0,123.0,1946.0,1401.0,17.5,56.4,1.1175,2004-05-13 23:00:00
14/05/2004,00:00:00,2.5,1246.0,-200.0,15.0,1150.0,152.0,654.0,107.0,1873.0,1354.0,17.3,57.8,1.1298,2004-05-14 00:00:00
14/05/2004,01:00:00,2.1,1141.0,-200.0,11.1,1017.0,112.0,740.0,104.0,1690.0,1188.0,16.8,57.5,1.0912,2004-05-14 01:00:00
14/05/2004,02:00:00,1.3,1014.0,-200.0,6.9,853.0,75.0,883.0,91.0,1538.0,975.0,16.3,57.0,1.0484,2004-05-14 02:00:00
14/05/2004,03:00:00,1.0,938.0,-200.0,5.1,769.0,-200.0,978.0,-200.0,1463.0,816.0,16.2,56.3,1.0262,2004-05-14 03:00:00
14/05/2004,04:00:00,-200.0,988.0,-200.0,6.1,814.0,74.0,908.0,87.0,1512.0,921.0,15.5,59.9,1.0498,2004-05-14 04:00:00
14/05/2004,05:00:00,1.2,983.0,-200.0,6.5,833.0,116.0,894.0,102.0,1524.0,1012.0,16.0,58.3,1.0481,2004-05-14 05:00:00
14/05/2004,06:00:00,1.5,1033.0,-200.0,8.4,917.0,118.0,882.0,95.0,1617.0,905.0,17.2,52.3,1.0169,2004-05-14 06:00:00
14/05/2004,07:00:00,3.7,1388.0,-200.0,22.8,1372.0,272.0,601.0,140.0,2105.0,1449.0,18.5,49.4,1.0397,2004-05-14 07:00:00
14/05/2004,08:00:00,-200.0,1512.0,-200.0,29.1,1530.0,-200.0,527.0,-200.0,2326.0,1725.0,20.0,45.6,1.0524,2004-05-14 08:00:00
14/05/2004,09:00:00,3.3,1148.0,-200.0,13.6,1104.0,258.0,723.0,138.0,1713.0,1301.0,21.0,37.9,0.9313,2004-05-14 09:00:00
14/05/2004,10:00:00,2.5,1095.0,-200.0,11.1,1019.0,186.0,815.0,113.0,1618.0,1181.0,22.8,32.4,0.887,2004-05-14 10:00:00
14/05/2004,11:00:00,1.9,987.0,-200.0,10.0,979.0,130.0,923.0,101.0,1515.0,962.0,25.5,25.6,0.8218,2004-05-14 11:00:00
14/05/2004,12:00:00,2.0,984.0,-200.0,10.5,998.0,134.0,905.0,97.0,1523.0,862.0,25.9,23.6,0.7771,2004-05-14 12:00:00
14/05/2004,13:00:00,2.5,1072.0,-200.0,13.0,1084.0,148.0,843.0,114.0,1622.0,1017.0,27.7,20.8,0.7599,2004-05-14 13:00:00
14/05/2004,14:00:00,2.1,1048.0,-200.0,12.5,1068.0,147.0,869.0,110.0,1573.0,993.0,27.1,21.6,0.7618,2004-05-14 14:00:00
14/05/2004,15:00:00,2.1,1042.0,-200.0,11.4,1029.0,123.0,907.0,103.0,1540.0,879.0,28.4,20.2,0.7697,2004-05-14 15:00:00
14/05/2004,16:00:00,2.3,1113.0,-200.0,13.1,1086.0,138.0,882.0,119.0,1584.0,926.0,28.1,21.9,0.8184,2004-05-14 16:00:00
14/05/2004,17:00:00,3.0,1146.0,-200.0,14.9,1145.0,162.0,836.0,126.0,1647.0,1011.0,27.6,22.3,0.8116,2004-05-14 17:00:00
14/05/2004,18:00:00,4.1,1239.0,-200.0,19.1,1272.0,214.0,748.0,144.0,1790.0,1380.0,25.2,24.3,0.7671,2004-05-14 18:00:00
14/05/2004,19:00:00,4.5,1302.0,-200.0,21.8,1346.0,230.0,706.0,164.0,1880.0,1698.0,24.6,25.1,0.7636,2004-05-14 19:00:00
14/05/2004,20:00:00,3.5,1181.0,-200.0,16.1,1183.0,191.0,792.0,148.0,1711.0,1432.0,23.1,27.2,0.7575,2004-05-14 20:00:00
14/05/2004,21:00:00,2.1,1068.0,-200.0,11.6,1037.0,128.0,869.0,119.0,1567.0,1217.0,22.0,28.6,0.7483,2004-05-14 21:00:00
14/05/2004,22:00:00,2.3,1135.0,-200.0,12.4,1065.0,138.0,803.0,111.0,1630.0,1317.0,20.8,34.5,0.8365,2004-05-14 22:00:00
14/05/2004,23:00:00,1.9,1121.0,-200.0,10.4,992.0,126.0,844.0,115.0,1505.0,1255.0,20.4,35.3,0.8352,2004-05-14 23:00:00
15/05/2004,00:00:00,1.9,1131.0,-200.0,9.7,965.0,107.0,843.0,103.0,1520.0,1223.0,19.1,38.3,0.8381,2004-05-15 00:00:00
15/05/2004,01:00:00,1.2,947.0,-200.0,5.7,798.0,67.0,964.0,81.0,1395.0,930.0,18.0,40.5,0.8271,2004-05-15 01:00:00
15/05/2004,02:00:00,1.0,935.0,-200.0,5.4,786.0,55.0,964.0,71.0,1389.0,954.0,17.4,43.4,0.8553,2004-05-15 02:00:00
15/05/2004,03:00:00,1.1,941.0,-200.0,5.6,792.0,-200.0,975.0,-200.0,1397.0,889.0,14.8,50.6,0.8489,2004-05-15 03:00:00
15/05/2004,04:00:00,-200.0,867.0,-200.0,4.4,734.0,48.0,1043.0,58.0,1324.0,808.0,14.6,51.4,0.8489,2004-05-15 04:00:00
15/05/2004,05:00:00,0.5,839.0,-200.0,2.8,638.0,33.0,1171.0,44.0,1271.0,643.0,15.7,46.9,0.8329,2004-05-15 05:00:00
15/05/2004,06:00:00,0.6,873.0,-200.0,3.9,704.0,41.0,1091.0,49.0,1322.0,756.0,15.3,49.7,0.8552,2004-05-15 06:00:00
15/05/2004,07:00:00,1.4,1065.0,-200.0,9.1,942.0,106.0,890.0,68.0,1576.0,1067.0,16.0,47.4,0.8564,2004-05-15 07:00:00
15/05/2004,08:00:00,2.6,1187.0,-200.0,13.6,1104.0,208.0,727.0,108.0,1721.0,1391.0,17.6,43.3,0.8647,2004-05-15 08:00:00
15/05/2004,09:00:00,2.8,1249.0,-200.0,15.8,1174.0,193.0,712.0,117.0,1774.0,1486.0,20.3,37.4,0.8807,2004-05-15 09:00:00
15/05/2004,10:00:00,2.6,1157.0,-200.0,12.7,1072.0,191.0,802.0,127.0,1653.0,1327.0,23.1,30.3,0.8425,2004-05-15 10:00:00
15/05/2004,11:00:00,1.6,988.0,-200.0,8.6,924.0,113.0,1015.0,93.0,1463.0,835.0,25.0,24.2,0.7568,2004-05-15 11:00:00
15/05/2004,12:00:00,1.7,1025.0,-200.0,9.4,955.0,111.0,997.0,94.0,1457.0,834.0,25.6,23.5,0.7611,2004-05-15 12:00:00
15/05/2004,13:00:00,1.7,997.0,-200.0,9.2,947.0,106.0,998.0,87.0,1460.0,815.0,25.5,22.6,0.7288,2004-05-15 13:00:00
15/05/2004,14:00:00,1.3,916.0,-200.0,6.4,829.0,82.0,1124.0,75.0,1333.0,621.0,26.1,21.1,0.7023,2004-05-15 14:00:00
15/05/2004,15:00:00,1.4,965.0,-200.0,8.3,910.0,79.0,1056.0,81.0,1389.0,643.0,28.2,19.4,0.7303,2004-05-15 15:00:00
15/05/2004,16:00:00,1.4,985.0,-200.0,8.1,903.0,90.0,1059.0,86.0,1437.0,712.0,27.4,20.5,0.7379,2004-05-15 16:00:00
15/05/2004,17:00:00,1.7,1026.0,-200.0,8.5,920.0,104.0,1037.0,97.0,1455.0,746.0,26.0,22.7,0.7532,2004-05-15 17:00:00
15/05/2004,18:00:00,2.3,1125.0,-200.0,11.0,1016.0,148.0,910.0,117.0,1564.0,991.0,23.8,27.1,0.7858,2004-05-15 18:00:00
15/05/2004,19:00:00,2.5,1159.0,-200.0,12.1,1054.0,158.0,878.0,120.0,1603.0,1046.0,23.0,28.7,0.7976,2004-05-15 19:00:00
15/05/2004,20:00:00,3.3,1284.0,-200.0,15.0,1149.0,234.0,780.0,149.0,1725.0,1304.0,21.7,31.8,0.8191,2004-05-15 20:00:00
15/05/2004,21:00:00,2.2,1101.0,-200.0,10.2,986.0,163.0,852.0,124.0,1574.0,1100.0,20.9,33.2,0.8098,2004-05-15 21:00:00
15/05/2004,22:00:00,1.6,1101.0,-200.0,9.9,972.0,95.0,879.0,97.0,1552.0,1001.0,20.2,34.3,0.8017,2004-05-15 22:00:00
15/05/2004,23:00:00,2.6,1183.0,-200.0,12.0,1049.0,146.0,762.0,112.0,1594.0,1290.0,19.6,37.0,0.8325,2004-05-15 23:00:00
16/05/2004,00:00:00,2.3,1132.0,-200.0,10.5,996.0,102.0,822.0,95.0,1564.0,1205.0,18.1,40.9,0.8441,2004-05-16 00:00:00
16/05/2004,01:00:00,1.5,998.0,-200.0,7.1,859.0,90.0,919.0,88.0,1450.0,1045.0,17.0,43.3,0.8341,2004-05-16 01:00:00
16/05/2004,02:00:00,0.9,911.0,-200.0,4.6,743.0,41.0,1052.0,54.0,1370.0,739.0,16.7,43.4,0.8193,2004-05-16 02:00:00
16/05/2004,03:00:00,0.8,875.0,-200.0,4.2,721.0,-200.0,1083.0,-200.0,1328.0,683.0,15.9,44.7,0.8009,2004-05-16 03:00:00
16/05/2004,04:00:00,-200.0,808.0,-200.0,2.6,630.0,30.0,1234.0,43.0,1256.0,573.0,15.2,45.5,0.783,2004-05-16 04:00:00
16/05/2004,05:00:00,0.4,792.0,-200.0,2.2,599.0,32.0,1262.0,45.0,1235.0,564.0,13.5,50.1,0.7706,2004-05-16 05:00:00
16/05/2004,06:00:00,0.4,822.0,-200.0,2.0,581.0,34.0,1326.0,47.0,1256.0,602.0,14.2,49.9,0.8025,2004-05-16 06:00:00
16/05/2004,07:00:00,0.8,918.0,-200.0,4.2,721.0,57.0,1069.0,58.0,1353.0,785.0,13.8,51.4,0.8059,2004-05-16 07:00:00
16/05/2004,08:00:00,0.9,975.0,-200.0,5.2,774.0,73.0,1001.0,69.0,1393.0,878.0,16.3,45.1,0.8286,2004-05-16 08:00:00
16/05/2004,09:00:00,1.6,1047.0,-200.0,8.2,908.0,119.0,913.0,89.0,1458.0,981.0,19.2,35.4,0.7812,2004-05-16 09:00:00
16/05/2004,10:00:00,2.0,1053.0,-200.0,9.8,970.0,138.0,930.0,105.0,1473.0,991.0,25.5,21.1,0.677,2004-05-16 10:00:00
16/05/2004,11:00:00,1.6,1017.0,-200.0,7.9,897.0,96.0,1013.0,92.0,1400.0,780.0,28.2,19.0,0.7164,2004-05-16 11:00:00
16/05/2004,12:00:00,1.4,1021.0,-200.0,7.7,889.0,80.0,1022.0,82.0,1405.0,684.0,29.5,19.8,0.8013,2004-05-16 12:00:00
16/05/2004,13:00:00,0.9,941.0,-200.0,4.8,753.0,45.0,1173.0,56.0,1311.0,468.0,30.6,19.4,0.8348,2004-05-16 13:00:00
16/05/2004,14:00:00,0.9,991.0,-200.0,5.3,776.0,45.0,1122.0,60.0,1375.0,468.0,29.9,22.0,0.9181,2004-05-16 14:00:00
16/05/2004,15:00:00,1.2,1117.0,-200.0,7.1,862.0,54.0,995.0,64.0,1476.0,530.0,31.5,21.9,0.997,2004-05-16 15:00:00
16/05/2004,16:00:00,1.4,1217.0,-200.0,9.2,947.0,66.0,887.0,85.0,1566.0,648.0,31.2,24.6,1.0987,2004-05-16 16:00:00
16/05/2004,17:00:00,1.9,1248.0,-200.0,10.1,982.0,95.0,880.0,107.0,1617.0,746.0,30.4,26.5,1.1347,2004-05-16 17:00:00
16/05/2004,18:00:00,1.8,1242.0,-200.0,9.9,973.0,99.0,856.0,106.0,1632.0,819.0,26.8,33.5,1.1602,2004-05-16 18:00:00
16/05/2004,19:00:00,2.7,1403.0,-200.0,15.1,1151.0,147.0,747.0,125.0,1820.0,1125.0,25.5,37.4,1.1995,2004-05-16 19:00:00
16/05/2004,20:00:00,2.4,1238.0,-200.0,10.6,999.0,129.0,833.0,118.0,1648.0,1013.0,23.7,39.4,1.1381,2004-05-16 20:00:00
16/05/2004,21:00:00,1.6,1093.0,-200.0,7.0,858.0,96.0,975.0,95.0,1495.0,816.0,22.9,37.0,1.0197,2004-05-16 21:00:00
16/05/2004,22:00:00,1.4,1034.0,-200.0,5.9,805.0,92.0,1030.0,97.0,1416.0,750.0,20.8,36.3,0.8775,2004-05-16 22:00:00
16/05/2004,23:00:00,1.4,934.0,-200.0,5.6,795.0,88.0,1098.0,93.0,1328.0,673.0,20.3,28.5,0.6686,2004-05-16 23:00:00
17/05/2004,00:00:00,1.4,913.0,-200.0,5.4,785.0,89.0,1110.0,85.0,1273.0,692.0,19.6,26.5,0.5974,2004-05-17 00:00:00
17/05/2004,01:00:00,0.9,835.0,-200.0,3.7,691.0,52.0,1265.0,67.0,1182.0,517.0,19.1,25.9,0.5673,2004-05-17 01:00:00
17/05/2004,02:00:00,0.5,773.0,-200.0,1.8,568.0,25.0,1474.0,37.0,1113.0,392.0,18.4,27.6,0.5799,2004-05-17 02:00:00
17/05/2004,03:00:00,0.4,771.0,-200.0,1.4,533.0,-200.0,1566.0,-200.0,1110.0,360.0,17.4,30.2,0.5945,2004-05-17 03:00:00
17/05/2004,04:00:00,-200.0,805.0,-200.0,1.4,534.0,28.0,1454.0,40.0,1112.0,409.0,16.3,34.1,0.6257,2004-05-17 04:00:00
17/05/2004,05:00:00,0.5,930.0,-200.0,3.5,684.0,65.0,1059.0,75.0,1220.0,779.0,15.8,36.5,0.6535,2004-05-17 05:00:00
17/05/2004,06:00:00,1.3,1009.0,-200.0,7.0,859.0,132.0,944.0,102.0,1420.0,1016.0,16.0,38.1,0.6879,2004-05-17 06:00:00
17/05/2004,07:00:00,2.6,1196.0,-200.0,14.4,1131.0,216.0,775.0,113.0,1675.0,1243.0,17.6,35.0,0.6965,2004-05-17 07:00:00
17/05/2004,08:00:00,2.0,1010.0,-200.0,8.9,937.0,180.0,945.0,142.0,1444.0,949.0,18.5,31.2,0.6611,2004-05-17 08:00:00
17/05/2004,09:00:00,1.8,990.0,-200.0,8.6,924.0,140.0,974.0,90.0,1404.0,861.0,19.8,28.5,0.652,2004-05-17 09:00:00
17/05/2004,10:00:00,1.7,988.0,-200.0,8.5,918.0,141.0,1007.0,94.0,1393.0,850.0,22.3,24.1,0.6394,2004-05-17 10:00:00
17/05/2004,11:00:00,1.5,979.0,-200.0,8.3,910.0,123.0,1028.0,92.0,1396.0,788.0,24.2,21.7,0.6451,2004-05-17 11:00:00
17/05/2004,12:00:00,1.9,1029.0,-200.0,10.1,983.0,129.0,950.0,97.0,1470.0,879.0,25.1,20.8,0.6516,2004-05-17 12:00:00
17/05/2004,13:00:00,1.7,984.0,-200.0,9.1,945.0,115.0,990.0,88.0,1423.0,747.0,25.8,19.5,0.6392,2004-05-17 13:00:00
17/05/2004,14:00:00,1.5,985.0,-200.0,8.5,919.0,104.0,1028.0,86.0,1387.0,700.0,26.3,18.9,0.6344,2004-05-17 14:00:00
17/05/2004,15:00:00,1.7,981.0,-200.0,7.7,886.0,129.0,1054.0,99.0,1363.0,695.0,25.8,18.6,0.608,2004-05-17 15:00:00
17/05/2004,16:00:00,1.7,1020.0,-200.0,9.0,941.0,138.0,1016.0,95.0,1425.0,756.0,25.7,19.4,0.6304,2004-05-17 16:00:00
17/05/2004,17:00:00,2.4,1106.0,-200.0,13.4,1097.0,135.0,902.0,105.0,1552.0,941.0,26.7,17.1,0.5909,2004-05-17 17:00:00
17/05/2004,18:00:00,3.1,1153.0,-200.0,15.6,1168.0,163.0,842.0,121.0,1644.0,1021.0,24.3,19.8,0.5933,2004-05-17 18:00:00
17/05/2004,19:00:00,3.4,1215.0,-200.0,17.8,1234.0,180.0,796.0,125.0,1735.0,1167.0,23.5,20.8,0.5937,2004-05-17 19:00:00
17/05/2004,20:00:00,3.0,1094.0,-200.0,12.7,1072.0,170.0,888.0,122.0,1545.0,1105.0,22.0,24.0,0.6263,2004-05-17 20:00:00
17/05/2004,21:00:00,1.2,944.0,-200.0,6.4,832.0,72.0,1072.0,81.0,1350.0,712.0,21.1,26.2,0.6481,2004-05-17 21:00:00
17/05/2004,22:00:00,1.2,964.0,-200.0,7.1,861.0,69.0,1014.0,73.0,1398.0,735.0,20.9,28.8,0.7014,2004-05-17 22:00:00
17/05/2004,23:00:00,1.3,1003.0,-200.0,7.4,872.0,79.0,988.0,80.0,1439.0,851.0,20.2,31.2,0.7304,2004-05-17 23:00:00
18/05/2004,00:00:00,1.0,914.0,-200.0,5.2,774.0,53.0,1091.0,65.0,1323.0,706.0,20.0,31.5,0.7262,2004-05-18 00:00:00
18/05/2004,01:00:00,0.4,839.0,-200.0,2.4,609.0,36.0,1276.0,59.0,1286.0,643.0,20.8,32.3,0.7813,2004-05-18 01:00:00
18/05/2004,02:00:00,0.3,830.0,-200.0,2.0,582.0,30.0,1310.0,50.0,1264.0,608.0,20.0,34.5,0.7954,2004-05-18 02:00:00
18/05/2004,03:00:00,0.2,812.0,-200.0,1.2,521.0,-200.0,1413.0,-200.0,1233.0,469.0,21.2,32.9,0.8178,2004-05-18 03:00:00
18/05/2004,04:00:00,-200.0,832.0,-200.0,1.5,547.0,15.0,1320.0,23.0,1254.0,469.0,18.3,40.0,0.8345,2004-05-18 04:00:00
18/05/2004,05:00:00,0.5,903.0,-200.0,3.1,656.0,38.0,1155.0,37.0,1361.0,618.0,17.0,44.6,0.8593,2004-05-18 05:00:00
18/05/2004,06:00:00,0.9,1022.0,-200.0,6.3,825.0,68.0,931.0,54.0,1487.0,931.0,17.1,45.3,0.8784,2004-05-18 06:00:00
18/05/2004,07:00:00,2.7,1378.0,-200.0,19.3,1277.0,192.0,628.0,94.0,1970.0,1519.0,17.1,46.5,0.901,2004-05-18 07:00:00
18/05/2004,08:00:00,6.5,1745.0,-200.0,38.9,1748.0,346.0,484.0,139.0,2605.0,2054.0,18.8,39.7,0.8547,2004-05-18 08:00:00
18/05/2004,09:00:00,3.2,1326.0,-200.0,14.6,1137.0,225.0,719.0,115.0,1760.0,1550.0,20.3,38.1,0.8946,2004-05-18 09:00:00
18/05/2004,10:00:00,2.4,1215.0,-200.0,12.3,1062.0,199.0,794.0,119.0,1650.0,1381.0,25.3,27.0,0.8565,2004-05-18 10:00:00
18/05/2004,11:00:00,1.9,1138.0,-200.0,11.0,1015.0,140.0,854.0,103.0,1604.0,1115.0,27.4,22.8,0.8219,2004-05-18 11:00:00
18/05/2004,12:00:00,2.7,1244.0,-200.0,15.4,1162.0,162.0,765.0,123.0,1735.0,1189.0,30.0,20.0,0.8338,2004-05-18 12:00:00
18/05/2004,13:00:00,2.9,1261.0,-200.0,17.0,1210.0,173.0,736.0,126.0,1769.0,1200.0,30.9,19.1,0.8394,2004-05-18 13:00:00
18/05/2004,14:00:00,2.0,1182.0,-200.0,12.5,1066.0,121.0,818.0,106.0,1663.0,965.0,30.6,20.2,0.8719,2004-05-18 14:00:00
18/05/2004,15:00:00,2.3,1208.0,-200.0,13.8,1111.0,133.0,783.0,127.0,1653.0,1018.0,32.2,18.9,0.8964,2004-05-18 15:00:00
18/05/2004,16:00:00,1.9,1158.0,-200.0,10.1,981.0,96.0,862.0,105.0,1573.0,775.0,31.7,19.5,0.8981,2004-05-18 16:00:00
18/05/2004,17:00:00,3.0,1346.0,-200.0,19.3,1278.0,141.0,701.0,130.0,1873.0,1193.0,30.9,20.5,0.8996,2004-05-18 17:00:00
18/05/2004,18:00:00,4.4,1443.0,-200.0,22.7,1371.0,221.0,664.0,160.0,1988.0,1425.0,27.5,24.7,0.8899,2004-05-18 18:00:00
18/05/2004,19:00:00,4.7,1440.0,-200.0,25.5,1443.0,232.0,635.0,162.0,2068.0,1594.0,25.8,27.0,0.8821,2004-05-18 19:00:00
18/05/2004,20:00:00,3.4,1232.0,-200.0,15.8,1173.0,174.0,751.0,135.0,1750.0,1284.0,23.7,30.0,0.8633,2004-05-18 20:00:00
18/05/2004,21:00:00,2.4,1159.0,-200.0,12.3,1061.0,138.0,812.0,122.0,1648.0,1174.0,22.2,33.4,0.8806,2004-05-18 21:00:00
18/05/2004,22:00:00,1.2,1081.0,-200.0,8.7,929.0,65.0,910.0,75.0,1518.0,937.0,21.1,36.5,0.9019,2004-05-18 22:00:00
18/05/2004,23:00:00,1.7,1083.0,-200.0,8.3,911.0,107.0,883.0,96.0,1507.0,985.0,20.2,38.6,0.9016,2004-05-18 23:00:00
19/05/2004,00:00:00,1.2,1069.0,-200.0,7.7,887.0,70.0,859.0,84.0,1542.0,1041.0,19.3,43.0,0.9535,2004-05-19 00:00:00
19/05/2004,01:00:00,0.7,940.0,-200.0,4.2,724.0,44.0,1012.0,68.0,1407.0,867.0,19.2,43.6,0.9591,2004-05-19 01:00:00
19/05/2004,02:00:00,0.5,901.0,-200.0,3.0,653.0,41.0,1094.0,65.0,1367.0,822.0,18.4,45.7,0.9599,2004-05-19 02:00:00
19/05/2004,03:00:00,0.3,848.0,-200.0,1.8,571.0,-200.0,1224.0,-200.0,1297.0,624.0,18.7,44.3,0.9453,2004-05-19 03:00:00
19/05/2004,04:00:00,-200.0,846.0,-200.0,2.2,598.0,33.0,1211.0,52.0,1332.0,669.0,16.3,51.4,0.9468,2004-05-19 04:00:00
19/05/2004,05:00:00,0.3,848.0,-200.0,2.2,598.0,32.0,1219.0,46.0,1318.0,628.0,17.0,49.2,0.9459,2004-05-19 05:00:00
19/05/2004,06:00:00,0.7,980.0,-200.0,5.7,800.0,46.0,983.0,54.0,1462.0,810.0,16.4,52.1,0.9612,2004-05-19 06:00:00
19/05/2004,07:00:00,3.1,1408.0,-200.0,20.9,1321.0,173.0,618.0,94.0,2044.0,1495.0,16.4,53.4,0.9863,2004-05-19 07:00:00
19/05/2004,08:00:00,6.2,1716.0,-200.0,36.7,1701.0,320.0,490.0,155.0,2545.0,2018.0,18.6,46.8,0.99,2004-05-19 08:00:00
19/05/2004,09:00:00,4.6,1475.0,-200.0,22.0,1351.0,294.0,625.0,165.0,2006.0,1696.0,21.0,41.1,1.0104,2004-05-19 09:00:00
19/05/2004,10:00:00,2.6,1262.0,-200.0,13.4,1096.0,182.0,772.0,134.0,1711.0,1340.0,26.4,28.9,0.9785,2004-05-19 10:00:00
19/05/2004,11:00:00,2.1,1156.0,-200.0,11.5,1034.0,154.0,813.0,122.0,1640.0,1123.0,27.7,26.3,0.9652,2004-05-19 11:00:00
19/05/2004,12:00:00,2.0,1192.0,-200.0,13.4,1097.0,118.0,796.0,113.0,1688.0,971.0,30.1,22.1,0.9281,2004-05-19 12:00:00
19/05/2004,13:00:00,2.2,1233.0,-200.0,15.2,1154.0,116.0,746.0,115.0,1740.0,1000.0,31.0,22.9,1.0144,2004-05-19 13:00:00
19/05/2004,14:00:00,2.1,1208.0,-200.0,13.0,1083.0,121.0,792.0,118.0,1702.0,891.0,31.0,22.6,1.0012,2004-05-19 14:00:00
19/05/2004,15:00:00,2.3,1215.0,-200.0,14.0,1116.0,116.0,784.0,125.0,1715.0,852.0,31.6,21.0,0.959,2004-05-19 15:00:00
19/05/2004,16:00:00,2.5,1251.0,-200.0,15.5,1165.0,144.0,747.0,135.0,1774.0,975.0,30.4,24.7,1.0526,2004-05-19 16:00:00
19/05/2004,17:00:00,3.4,1358.0,-200.0,19.3,1278.0,176.0,689.0,149.0,1899.0,1192.0,28.8,26.3,1.0271,2004-05-19 17:00:00
19/05/2004,18:00:00,4.3,1379.0,-200.0,21.9,1349.0,214.0,645.0,162.0,1961.0,1373.0,26.4,30.1,1.0204,2004-05-19 18:00:00
19/05/2004,19:00:00,3.8,1379.0,-200.0,21.1,1326.0,191.0,659.0,151.0,1961.0,1307.0,24.7,31.5,0.9672,2004-05-19 19:00:00
19/05/2004,20:00:00,3.8,1373.0,-200.0,18.4,1252.0,205.0,670.0,154.0,1889.0,1325.0,22.9,36.5,1.0083,2004-05-19 20:00:00
19/05/2004,21:00:00,2.0,1197.0,-200.0,9.3,950.0,110.0,823.0,118.0,1592.0,918.0,20.8,41.8,1.0155,2004-05-19 21:00:00
19/05/2004,22:00:00,1.7,1238.0,-200.0,9.0,940.0,95.0,815.0,103.0,1622.0,877.0,19.7,47.1,1.0666,2004-05-19 22:00:00
19/05/2004,23:00:00,2.0,1255.0,-200.0,9.6,963.0,126.0,781.0,122.0,1665.0,1024.0,18.9,52.2,1.1313,2004-05-19 23:00:00
20/05/2004,00:00:00,1.5,1164.0,-200.0,8.2,908.0,90.0,821.0,102.0,1574.0,1019.0,18.5,50.1,1.0539,2004-05-20 00:00:00
20/05/2004,01:00:00,0.8,1046.0,-200.0,5.8,803.0,48.0,900.0,73.0,1490.0,823.0,18.0,53.0,1.0832,2004-05-20 01:00:00
20/05/2004,02:00:00,0.5,956.0,-200.0,3.1,661.0,38.0,1043.0,59.0,1398.0,701.0,18.4,51.7,1.0819,2004-05-20 02:00:00
20/05/2004,03:00:00,0.3,885.0,-200.0,1.7,565.0,-200.0,1217.0,-200.0,1329.0,542.0,19.8,46.2,1.056,2004-05-20 03:00:00
20/05/2004,04:00:00,-200.0,877.0,-200.0,1.6,549.0,14.0,1265.0,26.0,1317.0,463.0,19.6,47.7,1.0736,2004-05-20 04:00:00
20/05/2004,05:00:00,0.3,925.0,-200.0,2.3,609.0,26.0,1168.0,35.0,1363.0,533.0,17.3,54.1,1.0582,2004-05-20 05:00:00
20/05/2004,06:00:00,0.9,1086.0,-200.0,6.6,837.0,83.0,885.0,68.0,1553.0,906.0,15.8,59.0,1.0495,2004-05-20 06:00:00
20/05/2004,07:00:00,2.8,1490.0,-200.0,19.6,1286.0,188.0,593.0,97.0,2053.0,1447.0,16.6,55.9,1.0486,2004-05-20 07:00:00
20/05/2004,08:00:00,5.4,1763.0,-200.0,32.9,1617.0,253.0,489.0,146.0,2503.0,1835.0,18.7,52.8,1.1279,2004-05-20 08:00:00
20/05/2004,09:00:00,4.0,1462.0,-200.0,18.1,1242.0,149.0,637.0,83.0,1961.0,1552.0,20.7,46.4,1.1227,2004-05-20 09:00:00
20/05/2004,10:00:00,2.2,1232.0,-200.0,12.4,1062.0,155.0,787.0,117.0,1707.0,1092.0,26.1,30.0,0.9972,2004-05-20 10:00:00
20/05/2004,11:00:00,2.2,1239.0,-200.0,12.5,1067.0,146.0,779.0,117.0,1702.0,1071.0,28.6,25.8,0.9989,2004-05-20 11:00:00
20/05/2004,12:00:00,2.0,1218.0,-200.0,12.0,1051.0,121.0,796.0,108.0,1689.0,881.0,30.3,23.3,0.9869,2004-05-20 12:00:00
20/05/2004,13:00:00,2.0,1235.0,-200.0,13.3,1094.0,111.0,756.0,107.0,1729.0,907.0,31.3,22.3,1.0043,2004-05-20 13:00:00
20/05/2004,14:00:00,1.9,1196.0,-200.0,12.3,1061.0,116.0,791.0,120.0,1649.0,899.0,31.1,22.3,0.9888,2004-05-20 14:00:00
20/05/2004,15:00:00,2.7,1288.0,-200.0,16.0,1179.0,167.0,717.0,150.0,1799.0,1074.0,32.4,20.4,0.9732,2004-05-20 15:00:00
20/05/2004,16:00:00,2.2,1248.0,-200.0,13.7,1108.0,145.0,772.0,138.0,1701.0,969.0,32.6,19.3,0.935,2004-05-20 16:00:00
20/05/2004,17:00:00,3.5,1401.0,-200.0,21.7,1342.0,192.0,663.0,148.0,1959.0,1267.0,31.2,20.3,0.9064,2004-05-20 17:00:00
20/05/2004,18:00:00,4.1,1401.0,-200.0,23.7,1396.0,231.0,645.0,168.0,2009.0,1402.0,27.7,24.8,0.9106,2004-05-20 18:00:00
20/05/2004,19:00:00,4.4,1444.0,-200.0,22.1,1354.0,248.0,655.0,172.0,1956.0,1437.0,25.7,27.9,0.908,2004-05-20 19:00:00
20/05/2004,20:00:00,4.5,1379.0,-200.0,20.6,1312.0,267.0,683.0,179.0,1870.0,1382.0,24.1,29.9,0.8879,2004-05-20 20:00:00
20/05/2004,21:00:00,2.9,1251.0,-200.0,13.4,1097.0,181.0,771.0,143.0,1680.0,1280.0,22.2,34.4,0.9072,2004-05-20 21:00:00
20/05/2004,22:00:00,2.6,1269.0,-200.0,12.8,1077.0,163.0,773.0,137.0,1706.0,1250.0,20.7,38.0,0.9149,2004-05-20 22:00:00
20/05/2004,23:00:00,2.1,1242.0,-200.0,12.3,1060.0,141.0,745.0,117.0,1693.0,1359.0,20.2,42.8,0.9983,2004-05-20 23:00:00
21/05/2004,00:00:00,1.2,1045.0,-200.0,6.8,850.0,78.0,889.0,93.0,1506.0,1102.0,20.5,42.0,1.0004,2004-05-21 00:00:00
21/05/2004,01:00:00,0.6,937.0,-200.0,3.8,698.0,42.0,1039.0,64.0,1382.0,768.0,20.1,42.0,0.9763,2004-05-21 01:00:00
21/05/2004,02:00:00,0.3,875.0,-200.0,2.5,622.0,35.0,1167.0,58.0,1331.0,656.0,20.0,41.5,0.9571,2004-05-21 02:00:00
21/05/2004,03:00:00,0.3,889.0,-200.0,2.7,633.0,-200.0,1123.0,-200.0,1344.0,683.0,16.3,51.6,0.9461,2004-05-21 03:00:00
21/05/2004,04:00:00,-200.0,888.0,-200.0,2.8,640.0,33.0,1089.0,47.0,1330.0,670.0,16.5,50.2,0.932,2004-05-21 04:00:00
21/05/2004,05:00:00,0.3,881.0,-200.0,2.6,624.0,38.0,1135.0,47.0,1319.0,656.0,16.4,50.2,0.931,2004-05-21 05:00:00
21/05/2004,06:00:00,0.7,998.0,-200.0,7.0,856.0,65.0,894.0,62.0,1488.0,926.0,14.9,54.7,0.9203,2004-05-21 06:00:00
21/05/2004,07:00:00,4.2,1517.0,-200.0,26.2,1460.0,296.0,551.0,113.0,2205.0,1677.0,16.4,51.3,0.9474,2004-05-21 07:00:00
21/05/2004,08:00:00,4.8,1522.0,-200.0,28.2,1509.0,303.0,543.0,126.0,2275.0,1828.0,18.2,46.2,0.9575,2004-05-21 08:00:00
21/05/2004,09:00:00,3.4,1417.0,-200.0,20.2,1303.0,244.0,635.0,139.0,1964.0,1752.0,20.7,40.0,0.9639,2004-05-21 09:00:00
21/05/2004,10:00:00,2.8,1329.0,-200.0,17.1,1214.0,216.0,700.0,148.0,1845.0,1581.0,26.5,27.0,0.9217,2004-05-21 10:00:00
21/05/2004,11:00:00,1.8,1203.0,-200.0,11.2,1023.0,137.0,825.0,117.0,1622.0,1132.0,28.5,23.8,0.915,2004-05-21 11:00:00
21/05/2004,12:00:00,1.9,1234.0,-200.0,11.6,1037.0,120.0,788.0,106.0,1658.0,1037.0,29.7,23.7,0.9714,2004-05-21 12:00:00
21/05/2004,13:00:00,2.0,1286.0,-200.0,13.2,1090.0,100.0,750.0,98.0,1719.0,1023.0,31.7,21.7,0.9966,2004-05-21 13:00:00
21/05/2004,14:00:00,1.9,1298.0,-200.0,12.7,1075.0,103.0,749.0,98.0,1690.0,1022.0,31.7,21.5,0.9902,2004-05-21 14:00:00
21/05/2004,15:00:00,2.0,1308.0,-200.0,13.0,1084.0,123.0,757.0,110.0,1724.0,989.0,32.8,19.5,0.9515,2004-05-21 15:00:00
21/05/2004,16:00:00,2.3,1276.0,-200.0,13.5,1099.0,136.0,783.0,114.0,1680.0,925.0,32.5,18.6,0.8948,2004-05-21 16:00:00
21/05/2004,17:00:00,2.7,1234.0,-200.0,10.2,985.0,158.0,815.0,122.0,1572.0,795.0,30.2,22.6,0.9524,2004-05-21 17:00:00
21/05/2004,18:00:00,3.6,1419.0,-200.0,20.1,1300.0,216.0,670.0,155.0,1923.0,1263.0,27.6,25.7,0.9382,2004-05-21 18:00:00
21/05/2004,19:00:00,3.8,1325.0,-200.0,19.1,1273.0,211.0,716.0,145.0,1815.0,1184.0,25.9,24.9,0.8195,2004-05-21 19:00:00
21/05/2004,20:00:00,3.5,1346.0,-200.0,17.5,1224.0,202.0,715.0,146.0,1794.0,1272.0,23.9,29.4,0.8589,2004-05-21 20:00:00
21/05/2004,21:00:00,2.5,1241.0,-200.0,13.8,1110.0,147.0,772.0,130.0,1698.0,1177.0,22.3,32.1,0.8515,2004-05-21 21:00:00
21/05/2004,22:00:00,2.5,1274.0,-200.0,13.3,1094.0,160.0,771.0,126.0,1682.0,1231.0,20.5,35.9,0.8565,2004-05-21 22:00:00
21/05/2004,23:00:00,3.0,1321.0,-200.0,14.8,1144.0,162.0,732.0,127.0,1745.0,1243.0,19.8,37.2,0.8509,2004-05-21 23:00:00
22/05/2004,00:00:00,3.7,1424.0,-200.0,18.0,1240.0,194.0,662.0,126.0,1841.0,1427.0,19.1,41.9,0.9158,2004-05-22 00:00:00
22/05/2004,01:00:00,3.3,1357.0,-200.0,16.0,1178.0,167.0,674.0,124.0,1782.0,1454.0,17.8,46.1,0.9344,2004-05-22 01:00:00
22/05/2004,02:00:00,1.5,1123.0,-200.0,9.7,966.0,91.0,770.0,93.0,1594.0,1183.0,17.6,47.6,0.9465,2004-05-22 02:00:00
22/05/2004,03:00:00,0.7,1003.0,-200.0,6.2,820.0,-200.0,902.0,-200.0,1455.0,908.0,17.9,46.3,0.9394,2004-05-22 03:00:00
22/05/2004,04:00:00,-200.0,951.0,-200.0,4.0,713.0,42.0,994.0,58.0,1385.0,821.0,16.9,49.8,0.9544,2004-05-22 04:00:00
22/05/2004,05:00:00,0.5,941.0,-200.0,3.6,687.0,50.0,1024.0,59.0,1374.0,777.0,15.8,53.8,0.9615,2004-05-22 05:00:00
22/05/2004,06:00:00,0.5,986.0,-200.0,4.6,745.0,61.0,959.0,66.0,1426.0,888.0,16.5,53.5,0.9928,2004-05-22 06:00:00
22/05/2004,07:00:00,1.2,1153.0,-200.0,9.2,947.0,107.0,795.0,80.0,1643.0,1076.0,17.2,52.9,1.0276,2004-05-22 07:00:00
22/05/2004,08:00:00,2.2,1323.0,-200.0,14.6,1137.0,139.0,696.0,94.0,1846.0,1285.0,19.3,48.3,1.0723,2004-05-22 08:00:00
22/05/2004,09:00:00,2.2,1315.0,-200.0,11.7,1040.0,165.0,743.0,102.0,1740.0,1315.0,20.6,47.1,1.1287,2004-05-22 09:00:00
22/05/2004,10:00:00,2.1,1303.0,-200.0,11.0,1015.0,139.0,777.0,96.0,1731.0,1250.0,23.7,40.0,1.153,2004-05-22 10:00:00
22/05/2004,11:00:00,1.8,1238.0,-200.0,11.6,1037.0,113.0,813.0,91.0,1698.0,978.0,25.6,32.5,1.053,2004-05-22 11:00:00
22/05/2004,12:00:00,2.2,1259.0,-200.0,12.9,1080.0,138.0,772.0,104.0,1736.0,1072.0,27.2,28.1,0.9989,2004-05-22 12:00:00
22/05/2004,13:00:00,2.0,1246.0,-200.0,12.6,1070.0,104.0,770.0,84.0,1747.0,1064.0,27.9,28.1,1.0394,2004-05-22 13:00:00
22/05/2004,14:00:00,1.4,1154.0,-200.0,8.3,912.0,78.0,872.0,76.0,1605.0,825.0,28.3,27.8,1.0539,2004-05-22 14:00:00
22/05/2004,15:00:00,1.8,1237.0,-200.0,10.5,997.0,97.0,800.0,87.0,1688.0,924.0,29.2,27.0,1.081,2004-05-22 15:00:00
22/05/2004,16:00:00,2.1,1315.0,-200.0,11.7,1041.0,115.0,773.0,101.0,1767.0,966.0,28.9,29.3,1.1503,2004-05-22 16:00:00
22/05/2004,17:00:00,2.8,1466.0,-200.0,15.8,1174.0,152.0,680.0,115.0,1965.0,1302.0,25.4,39.8,1.2771,2004-05-22 17:00:00
22/05/2004,18:00:00,2.8,1409.0,-200.0,13.9,1113.0,157.0,710.0,110.0,1850.0,1256.0,25.2,40.1,1.2642,2004-05-22 18:00:00
22/05/2004,19:00:00,2.7,1366.0,-200.0,15.7,1171.0,132.0,693.0,103.0,1933.0,1068.0,24.5,39.4,1.1963,2004-05-22 19:00:00
22/05/2004,20:00:00,1.8,1241.0,-200.0,10.9,1011.0,98.0,781.0,90.0,1748.0,1070.0,22.3,45.4,1.2088,2004-05-22 20:00:00
22/05/2004,21:00:00,1.2,1123.0,-200.0,6.4,832.0,65.0,930.0,68.0,1565.0,792.0,21.2,48.3,1.2034,2004-05-22 21:00:00
22/05/2004,22:00:00,2.6,1321.0,-200.0,12.7,1075.0,101.0,757.0,85.0,1891.0,1017.0,20.6,50.5,1.2082,2004-05-22 22:00:00
22/05/2004,23:00:00,3.1,1397.0,-200.0,15.3,1159.0,134.0,681.0,100.0,1949.0,1207.0,20.2,52.9,1.234,2004-05-22 23:00:00
23/05/2004,00:00:00,4.1,1507.0,-200.0,20.5,1311.0,177.0,608.0,114.0,2107.0,1499.0,19.8,54.5,1.2488,2004-05-23 00:00:00
23/05/2004,01:00:00,3.6,1405.0,-200.0,15.9,1177.0,179.0,660.0,108.0,1931.0,1474.0,19.5,56.2,1.2624,2004-05-23 01:00:00
23/05/2004,02:00:00,1.9,1192.0,-200.0,10.4,994.0,105.0,759.0,78.0,1780.0,1163.0,19.0,58.0,1.2581,2004-05-23 02:00:00
23/05/2004,03:00:00,1.9,1199.0,-200.0,12.6,1070.0,-200.0,671.0,-200.0,1873.0,1189.0,18.1,61.6,1.2679,2004-05-23 03:00:00
23/05/2004,04:00:00,-200.0,973.0,-200.0,4.9,761.0,49.0,954.0,55.0,1501.0,815.0,18.0,57.6,1.1788,2004-05-23 04:00:00
23/05/2004,05:00:00,0.3,864.0,-200.0,2.1,591.0,27.0,1247.0,37.0,1374.0,507.0,17.7,56.0,1.1215,2004-05-23 05:00:00
23/05/2004,06:00:00,0.4,886.0,-200.0,2.2,598.0,41.0,1257.0,53.0,1374.0,506.0,17.9,52.4,1.0655,2004-05-23 06:00:00
23/05/2004,07:00:00,0.8,988.0,-200.0,4.0,713.0,78.0,1092.0,79.0,1455.0,716.0,18.9,49.3,1.0668,2004-05-23 07:00:00
23/05/2004,08:00:00,0.8,1008.0,-200.0,4.3,729.0,68.0,1034.0,65.0,1490.0,795.0,20.0,48.6,1.1199,2004-05-23 08:00:00
23/05/2004,09:00:00,0.8,976.0,-200.0,3.8,698.0,64.0,1156.0,64.0,1393.0,594.0,20.6,41.2,0.9841,2004-05-23 09:00:00
23/05/2004,10:00:00,0.8,978.0,-200.0,4.1,718.0,67.0,1137.0,66.0,1392.0,565.0,23.6,34.0,0.9749,2004-05-23 10:00:00
23/05/2004,11:00:00,0.9,987.0,-200.0,4.5,740.0,54.0,1105.0,53.0,1407.0,523.0,26.7,28.1,0.9688,2004-05-23 11:00:00
23/05/2004,12:00:00,1.2,1030.0,-200.0,5.3,778.0,67.0,1071.0,69.0,1452.0,591.0,26.8,28.1,0.9785,2004-05-23 12:00:00
23/05/2004,13:00:00,1.0,955.0,-200.0,4.2,723.0,51.0,1129.0,57.0,1393.0,559.0,27.7,25.8,0.9467,2004-05-23 13:00:00
23/05/2004,14:00:00,0.8,924.0,-200.0,3.3,673.0,28.0,1247.0,36.0,1346.0,430.0,28.8,22.7,0.8864,2004-05-23 14:00:00
23/05/2004,15:00:00,1.1,1005.0,-200.0,4.9,758.0,51.0,1091.0,57.0,1434.0,522.0,26.8,27.3,0.9462,2004-05-23 15:00:00
23/05/2004,16:00:00,1.5,1059.0,-200.0,6.1,816.0,77.0,1023.0,73.0,1468.0,641.0,25.9,28.7,0.9423,2004-05-23 16:00:00
23/05/2004,17:00:00,1.5,1079.0,-200.0,6.9,851.0,93.0,991.0,81.0,1490.0,738.0,25.8,27.7,0.9076,2004-05-23 17:00:00
23/05/2004,18:00:00,1.4,1070.0,-200.0,6.8,850.0,94.0,997.0,91.0,1502.0,778.0,24.8,29.5,0.9077,2004-05-23 18:00:00
23/05/2004,19:00:00,1.1,1085.0,-200.0,5.8,805.0,69.0,972.0,65.0,1528.0,718.0,25.3,36.3,1.1513,2004-05-23 19:00:00
23/05/2004,20:00:00,0.9,1066.0,-200.0,5.5,787.0,57.0,986.0,56.0,1552.0,689.0,23.9,40.4,1.1787,2004-05-23 20:00:00
23/05/2004,21:00:00,1.0,1094.0,-200.0,6.1,815.0,74.0,934.0,69.0,1563.0,852.0,21.4,46.6,1.1764,2004-05-23 21:00:00
23/05/2004,22:00:00,1.1,1110.0,-200.0,6.0,814.0,75.0,948.0,73.0,1571.0,854.0,20.5,49.3,1.173,2004-05-23 22:00:00
23/05/2004,23:00:00,1.0,968.0,-200.0,4.2,719.0,73.0,1081.0,76.0,1388.0,664.0,19.2,42.3,0.9339,2004-05-23 23:00:00
24/05/2004,00:00:00,0.7,906.0,-200.0,4.1,714.0,56.0,1163.0,67.0,1351.0,544.0,19.2,37.9,0.8352,2004-05-24 00:00:00
24/05/2004,01:00:00,0.5,849.0,-200.0,2.4,615.0,31.0,1285.0,44.0,1276.0,461.0,17.2,43.1,0.8394,2004-05-24 01:00:00
24/05/2004,02:00:00,0.2,774.0,-200.0,1.0,500.0,13.0,1536.0,21.0,1169.0,352.0,15.8,45.2,0.8052,2004-05-24 02:00:00
24/05/2004,03:00:00,-200.0,746.0,-200.0,0.6,450.0,-200.0,1807.0,-200.0,1111.0,308.0,15.7,42.3,0.7464,2004-05-24 03:00:00
24/05/2004,04:00:00,-200.0,753.0,-200.0,0.5,437.0,14.0,1904.0,19.0,1110.0,301.0,16.3,41.0,0.7513,2004-05-24 04:00:00
24/05/2004,05:00:00,0.1,749.0,-200.0,0.7,466.0,23.0,1803.0,29.0,1089.0,307.0,16.1,36.5,0.664,2004-05-24 05:00:00
24/05/2004,06:00:00,0.5,864.0,-200.0,2.8,642.0,72.0,1288.0,69.0,1255.0,441.0,16.5,36.2,0.6752,2004-05-24 06:00:00
24/05/2004,07:00:00,1.6,1002.0,-200.0,7.8,893.0,165.0,1010.0,111.0,1394.0,775.0,17.5,30.9,0.6111,2004-05-24 07:00:00
24/05/2004,08:00:00,2.0,970.0,-200.0,9.7,966.0,118.0,944.0,81.0,1379.0,907.0,18.4,24.0,0.5046,2004-05-24 08:00:00
24/05/2004,09:00:00,1.3,898.0,-200.0,6.9,853.0,85.0,1066.0,56.0,1271.0,763.0,19.2,23.8,0.5235,2004-05-24 09:00:00
24/05/2004,10:00:00,1.0,847.0,-200.0,5.8,800.0,116.0,1155.0,90.0,1179.0,649.0,21.7,18.1,0.4642,2004-05-24 10:00:00
24/05/2004,11:00:00,0.9,847.0,-200.0,5.5,788.0,112.0,1203.0,85.0,1162.0,598.0,22.3,17.0,0.4513,2004-05-24 11:00:00
24/05/2004,12:00:00,1.2,871.0,-200.0,6.8,848.0,100.0,1139.0,83.0,1208.0,579.0,22.8,16.1,0.4404,2004-05-24 12:00:00
24/05/2004,13:00:00,1.3,869.0,-200.0,7.2,866.0,109.0,1107.0,85.0,1212.0,596.0,23.8,14.5,0.4222,2004-05-24 13:00:00
24/05/2004,14:00:00,1.1,875.0,-200.0,6.9,854.0,111.0,1160.0,85.0,1200.0,595.0,25.1,13.1,0.4129,2004-05-24 14:00:00
24/05/2004,15:00:00,1.2,895.0,-200.0,7.5,878.0,109.0,1122.0,81.0,1238.0,607.0,25.8,12.9,0.4219,2004-05-24 15:00:00
24/05/2004,16:00:00,1.4,926.0,-200.0,7.7,885.0,114.0,1101.0,92.0,1259.0,662.0,25.5,14.0,0.4495,2004-05-24 16:00:00
24/05/2004,17:00:00,2.0,996.0,-200.0,12.0,1048.0,139.0,959.0,108.0,1397.0,822.0,24.5,15.4,0.4663,2004-05-24 17:00:00
24/05/2004,18:00:00,2.4,997.0,-200.0,13.5,1100.0,157.0,896.0,106.0,1392.0,987.0,22.6,17.2,0.4656,2004-05-24 18:00:00
24/05/2004,19:00:00,2.1,1006.0,-200.0,12.0,1048.0,147.0,925.0,114.0,1416.0,966.0,21.2,18.9,0.471,2004-05-24 19:00:00
24/05/2004,20:00:00,1.2,895.0,-200.0,6.7,845.0,102.0,1072.0,96.0,1241.0,763.0,19.1,22.8,0.501,2004-05-24 20:00:00
24/05/2004,21:00:00,0.7,862.0,-200.0,4.8,751.0,73.0,1154.0,77.0,1213.0,617.0,18.4,24.6,0.5169,2004-05-24 21:00:00
24/05/2004,22:00:00,0.7,858.0,-200.0,4.8,756.0,65.0,1159.0,73.0,1209.0,564.0,17.3,25.6,0.5032,2004-05-24 22:00:00
24/05/2004,23:00:00,0.8,853.0,-200.0,5.0,762.0,76.0,1134.0,86.0,1184.0,646.0,16.5,24.9,0.4642,2004-05-24 23:00:00
25/05/2004,00:00:00,0.5,859.0,-200.0,4.3,727.0,65.0,1120.0,84.0,1187.0,753.0,16.7,28.3,0.5316,2004-05-25 00:00:00
25/05/2004,01:00:00,0.2,837.0,-200.0,2.7,634.0,41.0,1200.0,56.0,1150.0,669.0,15.5,32.2,0.5641,2004-05-25 01:00:00
25/05/2004,02:00:00,-200.0,746.0,-200.0,0.9,493.0,17.0,1522.0,31.0,1063.0,435.0,17.5,29.1,0.5773,2004-05-25 02:00:00
25/05/2004,03:00:00,-200.0,752.0,-200.0,1.2,515.0,-200.0,1472.0,-200.0,1068.0,436.0,13.3,35.6,0.5393,2004-05-25 03:00:00
25/05/2004,04:00:00,-200.0,742.0,-200.0,0.9,489.0,19.0,1559.0,30.0,1048.0,403.0,14.0,33.7,0.5355,2004-05-25 04:00:00
25/05/2004,05:00:00,0.1,774.0,-200.0,1.7,560.0,45.0,1386.0,51.0,1107.0,532.0,11.6,40.0,0.5462,2004-05-25 05:00:00
25/05/2004,06:00:00,0.2,798.0,-200.0,2.6,630.0,40.0,1291.0,45.0,1125.0,536.0,13.4,34.5,0.5272,2004-05-25 06:00:00
25/05/2004,07:00:00,1.1,1002.0,-200.0,8.8,932.0,101.0,949.0,82.0,1405.0,917.0,15.2,31.0,0.5329,2004-05-25 07:00:00
25/05/2004,08:00:00,3.0,1210.0,-200.0,22.2,1356.0,183.0,657.0,100.0,1786.0,1481.0,16.3,27.5,0.5066,2004-05-25 08:00:00
25/05/2004,09:00:00,2.1,1058.0,-200.0,15.3,1158.0,149.0,820.0,91.0,1459.0,1187.0,19.2,20.0,0.439,2004-05-25 09:00:00
25/05/2004,10:00:00,2.6,1106.0,-200.0,14.0,1118.0,207.0,885.0,130.0,1451.0,1220.0,24.9,13.0,0.4038,2004-05-25 10:00:00
25/05/2004,11:00:00,3.2,1153.0,-200.0,18.5,1253.0,289.0,815.0,155.0,1541.0,1381.0,28.3,9.9,0.3754,2004-05-25 11:00:00
25/05/2004,12:00:00,2.1,1047.0,-200.0,13.5,1101.0,159.0,913.0,114.0,1391.0,1103.0,29.2,9.8,0.3914,2004-05-25 12:00:00
25/05/2004,13:00:00,2.2,1091.0,-200.0,15.8,1172.0,162.0,874.0,127.0,1459.0,1105.0,31.6,9.2,0.419,2004-05-25 13:00:00
25/05/2004,14:00:00,2.4,1162.0,-200.0,18.5,1253.0,173.0,796.0,138.0,1595.0,1248.0,32.6,9.3,0.4499,2004-05-25 14:00:00
25/05/2004,15:00:00,-200.0,1059.0,-200.0,12.6,1070.0,-200.0,925.0,-200.0,1401.0,976.0,32.6,9.2,0.4463,2004-05-25 15:00:00
25/05/2004,16:00:00,-200.0,1083.0,-200.0,12.0,1051.0,-200.0,939.0,-200.0,1390.0,898.0,32.3,10.0,0.4747,2004-05-25 16:00:00
25/05/2004,17:00:00,-200.0,1150.0,-200.0,15.4,1161.0,-200.0,867.0,-200.0,1512.0,1038.0,32.1,10.7,0.4996,2004-05-25 17:00:00
25/05/2004,18:00:00,-200.0,1321.0,-200.0,24.9,1426.0,-200.0,720.0,-200.0,1859.0,1395.0,29.7,12.2,0.5007,2004-05-25 18:00:00
25/05/2004,19:00:00,-200.0,-200.0,-200.0,-200.0,-200.0,-200.0,-200.0,-200.0,-200.0,-200.0,-200.0,-200.0,-200.0,2004-05-25 19:00:00
25/05/2004,20:00:00,-200.0,-200.0,-200.0,-200.0,-200.0,-200.0,-200.0,-200.0,-200.0,-200.0,-200.0,-200.0,-200.0,2004-05-25 20:00:00
25/05/2004,21:00:00,-200.0,-200.0,-200.0,-200.0,-200.0,-200.0,-200.0,-200.0,-200.0,-200.0,-200.0,-200.0,-200.0,2004-05-25 21:00:00
25/05/2004,22:00:00,-200.0,-200.0,-200.0,-200.0,-200.0,-200.0,-200.0,-200.0,-200.0,-200.0,-200.0,-200.0,-200.0,2004-05-25 22:00:00
25/05/2004,23:00:00,-200.0,-200.0,-200.0,-200.0,-200.0,-200.0,-200.0,-200.0,-200.0,-200.0,-200.0,-200.0,-200.0,2004-05-25 23:00:00
26/05/2004,00:00:00,-200.0,-200.0,-200.0,-200.0,-200.0,-200.0,-200.0,-200.0,-200.0,-200.0,-200.0,-200.0,-200.0,2004-05-26 00:00:00
26/05/2004,01:00:00,-200.0,-200.0,-200.0,-200.0,-200.0,-200.0,-200.0,-200.0,-200.0,-200.0,-200.0,-200.0,-200.0,2004-05-26 01:00:00
26/05/2004,02:00:00,-200.0,-200.0,-200.0,-200.0,-200.0,-200.0,-200.0,-200.0,-200.0,-200.0,-200.0,-200.0,-200.0,2004-05-26 02:00:00
26/05/2004,03:00:00,-200.0,-200.0,-200.0,-200.0,-200.0,-200.0,-200.0,-200.0,-200.0,-200.0,-200.0,-200.0,-200.0,2004-05-26 03:00:00
26/05/2004,04:00:00,-200.0,-200.0,-200.0,-200.0,-200.0,-200.0,-200.0,-200.0,-200.0,-200.0,-200.0,-200.0,-200.0,2004-05-26 04:00:00
26/05/2004,05:00:00,-200.0,-200.0,-200.0,-200.0,-200.0,-200.0,-200.0,-200.0,-200.0,-200.0,-200.0,-200.0,-200.0,2004-05-26 05:00:00
26/05/2004,06:00:00,-200.0,-200.0,-200.0,-200.0,-200.0,-200.0,-200.0,-200.0,-200.0,-200.0,-200.0,-200.0,-200.0,2004-05-26 06:00:00
26/05/2004,07:00:00,-200.0,-200.0,-200.0,-200.0,-200.0,-200.0,-200.0,-200.0,-200.0,-200.0,-200.0,-200.0,-200.0,2004-05-26 07:00:00
26/05/2004,08:00:00,-200.0,-200.0,-200.0,-200.0,-200.0,-200.0,-200.0,-200.0,-200.0,-200.0,-200.0,-200.0,-200.0,2004-05-26 08:00:00
26/05/2004,09:00:00,4.0,1303.0,-200.0,40.2,1776.0,-200.0,946.0,-200.0,1467.0,1608.0,20.4,35.7,0.844,2004-05-26 09:00:00
26/05/2004,10:00:00,2.2,1137.0,-200.0,14.9,1146.0,188.0,1144.0,136.0,1392.0,1327.0,26.1,23.8,0.7938,2004-05-26 10:00:00
26/05/2004,11:00:00,1.8,1139.0,-200.0,13.8,1109.0,159.0,1118.0,135.0,1436.0,1292.0,28.8,21.1,0.8193,2004-05-26 11:00:00
26/05/2004,12:00:00,1.6,1099.0,-200.0,12.3,1059.0,146.0,1156.0,115.0,1416.0,1114.0,29.6,19.4,0.7897,2004-05-26 12:00:00
26/05/2004,13:00:00,1.8,1088.0,-200.0,14.0,1116.0,127.0,1128.0,112.0,1449.0,1060.0,31.6,16.4,0.7489,2004-05-26 13:00:00
26/05/2004,14:00:00,1.6,1027.0,-200.0,11.8,1041.0,128.0,1237.0,112.0,1345.0,915.0,32.3,13.3,0.6303,2004-05-26 14:00:00
26/05/2004,15:00:00,1.6,1014.0,-200.0,12.0,1049.0,120.0,1200.0,109.0,1366.0,893.0,31.8,13.5,0.6249,2004-05-26 15:00:00
26/05/2004,16:00:00,1.3,969.0,-200.0,9.7,968.0,115.0,1276.0,112.0,1325.0,768.0,31.8,13.8,0.6394,2004-05-26 16:00:00
26/05/2004,17:00:00,-200.0,1120.0,-200.0,18.0,1238.0,-200.0,1023.0,-200.0,1591.0,1126.0,31.0,15.9,0.7039,2004-05-26 17:00:00
26/05/2004,18:00:00,-200.0,1131.0,-200.0,22.6,1368.0,-200.0,933.0,-200.0,1707.0,1284.0,28.6,18.7,0.7216,2004-05-26 18:00:00
26/05/2004,19:00:00,-200.0,1130.0,-200.0,22.7,1368.0,-200.0,933.0,-200.0,1709.0,1269.0,26.7,19.5,0.6754,2004-05-26 19:00:00
26/05/2004,20:00:00,-200.0,1123.0,-200.0,20.3,1304.0,-200.0,939.0,-200.0,1720.0,1290.0,25.0,24.4,0.7616,2004-05-26 20:00:00
26/05/2004,21:00:00,-200.0,1069.0,-200.0,13.1,1086.0,-200.0,1064.0,-200.0,1536.0,1119.0,22.8,28.4,0.7804,2004-05-26 21:00:00
26/05/2004,22:00:00,-200.0,1021.0,-200.0,10.9,1010.0,-200.0,1116.0,-200.0,1480.0,1027.0,21.7,29.2,0.7458,2004-05-26 22:00:00
26/05/2004,23:00:00,-200.0,1101.0,-200.0,13.3,1093.0,-200.0,1012.0,-200.0,1564.0,1155.0,21.1,30.9,0.7617,2004-05-26 23:00:00
27/05/2004,00:00:00,-200.0,1026.0,-200.0,9.5,960.0,-200.0,1072.0,-200.0,1471.0,1078.0,19.9,36.3,0.8349,2004-05-27 00:00:00
27/05/2004,01:00:00,-200.0,949.0,-200.0,6.6,841.0,-200.0,1155.0,-200.0,1393.0,954.0,18.6,39.3,0.8355,2004-05-27 01:00:00
27/05/2004,02:00:00,-200.0,846.0,-200.0,3.6,687.0,-200.0,1295.0,-200.0,1288.0,726.0,18.6,38.8,0.8228,2004-05-27 02:00:00
27/05/2004,03:00:00,-200.0,811.0,-200.0,2.3,606.0,-200.0,1417.0,-200.0,1248.0,656.0,19.0,38.9,0.8468,2004-05-27 03:00:00
27/05/2004,04:00:00,-200.0,803.0,-200.0,2.0,586.0,-200.0,1442.0,-200.0,1232.0,573.0,18.0,40.9,0.8394,2004-05-27 04:00:00
27/05/2004,05:00:00,-200.0,882.0,-200.0,4.1,715.0,-200.0,1246.0,-200.0,1367.0,780.0,15.5,48.6,0.8505,2004-05-27 05:00:00
27/05/2004,06:00:00,-200.0,963.0,-200.0,6.5,836.0,-200.0,1085.0,-200.0,1429.0,920.0,16.0,47.9,0.8659,2004-05-27 06:00:00
27/05/2004,07:00:00,-200.0,1413.0,-200.0,24.8,1424.0,-200.0,739.0,-200.0,2102.0,1544.0,17.0,46.0,0.883,2004-05-27 07:00:00
27/05/2004,08:00:00,-200.0,1485.0,-200.0,34.4,1650.0,-200.0,632.0,-200.0,2337.0,1789.0,19.0,41.6,0.9039,2004-05-27 08:00:00
27/05/2004,09:00:00,-200.0,1354.0,-200.0,24.5,1418.0,-200.0,749.0,-200.0,2043.0,1629.0,21.8,35.0,0.9002,2004-05-27 09:00:00
27/05/2004,10:00:00,-200.0,1074.0,-200.0,9.0,939.0,-200.0,1071.0,-200.0,1513.0,997.0,25.6,28.0,0.9088,2004-05-27 10:00:00
27/05/2004,11:00:00,-200.0,1022.0,-200.0,8.4,914.0,-200.0,1132.0,-200.0,1446.0,847.0,26.4,23.1,0.7853,2004-05-27 11:00:00
27/05/2004,12:00:00,-200.0,1100.0,-200.0,11.5,1034.0,-200.0,995.0,-200.0,1586.0,958.0,27.1,24.2,0.856,2004-05-27 12:00:00
27/05/2004,13:00:00,-200.0,1073.0,-200.0,12.1,1052.0,-200.0,1009.0,-200.0,1574.0,854.0,27.5,20.9,0.7565,2004-05-27 13:00:00
27/05/2004,14:00:00,-200.0,1049.0,-200.0,10.1,983.0,-200.0,1071.0,-200.0,1515.0,782.0,29.5,19.7,0.8015,2004-05-27 14:00:00
27/05/2004,15:00:00,-200.0,1086.0,-200.0,11.9,1048.0,-200.0,1016.0,-200.0,1580.0,888.0,30.6,18.6,0.8014,2004-05-27 15:00:00
27/05/2004,16:00:00,-200.0,1059.0,-200.0,11.3,1027.0,-200.0,1066.0,-200.0,1521.0,764.0,31.3,15.8,0.7106,2004-05-27 16:00:00
27/05/2004,17:00:00,-200.0,1244.0,-200.0,20.2,1301.0,-200.0,842.0,-200.0,1801.0,1170.0,29.4,21.0,0.8452,2004-05-27 17:00:00
27/05/2004,18:00:00,-200.0,1320.0,-200.0,24.8,1423.0,-200.0,767.0,-200.0,1986.0,1385.0,27.0,23.5,0.8256,2004-05-27 18:00:00
27/05/2004,19:00:00,-200.0,1236.0,-200.0,20.3,1304.0,-200.0,822.0,-200.0,1868.0,1237.0,25.8,26.7,0.8758,2004-05-27 19:00:00
27/05/2004,20:00:00,-200.0,1136.0,-200.0,16.2,1187.0,-200.0,904.0,-200.0,1735.0,1127.0,23.7,28.4,0.8225,2004-05-27 20:00:00
27/05/2004,21:00:00,-200.0,1110.0,-200.0,13.3,1093.0,-200.0,961.0,-200.0,1661.0,1091.0,21.3,33.0,0.8284,2004-05-27 21:00:00
27/05/2004,22:00:00,-200.0,1026.0,-200.0,10.3,990.0,-200.0,1032.0,-200.0,1553.0,972.0,20.5,35.3,0.8435,2004-05-27 22:00:00
27/05/2004,23:00:00,-200.0,1038.0,-200.0,9.6,961.0,-200.0,1026.0,-200.0,1530.0,949.0,19.4,38.1,0.8511,2004-05-27 23:00:00
28/05/2004,00:00:00,-200.0,975.0,-200.0,7.8,892.0,-200.0,1015.0,-200.0,1480.0,890.0,19.4,40.7,0.9045,2004-05-28 00:00:00
28/05/2004,01:00:00,-200.0,908.0,-200.0,6.1,814.0,-200.0,1089.0,-200.0,1403.0,763.0,17.8,44.9,0.903,2004-05-28 01:00:00
28/05/2004,02:00:00,-200.0,896.0,-200.0,6.2,820.0,-200.0,1074.0,-200.0,1439.0,833.0,16.6,49.7,0.9295,2004-05-28 02:00:00
28/05/2004,03:00:00,-200.0,810.0,-200.0,3.8,697.0,-200.0,1221.0,-200.0,1321.0,675.0,16.5,48.6,0.9028,2004-05-28 03:00:00
28/05/2004,04:00:00,-200.0,789.0,-200.0,2.8,638.0,-200.0,1305.0,-200.0,1309.0,672.0,15.2,53.6,0.919,2004-05-28 04:00:00
28/05/2004,05:00:00,-200.0,814.0,-200.0,3.4,678.0,-200.0,1276.0,-200.0,1339.0,626.0,15.5,51.7,0.9019,2004-05-28 05:00:00
28/05/2004,06:00:00,-200.0,958.0,-200.0,8.2,907.0,-200.0,992.0,-200.0,1536.0,882.0,14.9,54.8,0.9247,2004-05-28 06:00:00
28/05/2004,07:00:00,-200.0,1213.0,-200.0,19.2,1274.0,-200.0,762.0,-200.0,1914.0,1264.0,16.3,51.3,0.9416,2004-05-28 07:00:00
28/05/2004,08:00:00,-200.0,1221.0,-200.0,22.6,1367.0,-200.0,722.0,-200.0,2008.0,1330.0,18.4,45.7,0.9559,2004-05-28 08:00:00
28/05/2004,09:00:00,-200.0,1245.0,-200.0,19.4,1281.0,-200.0,774.0,-200.0,1952.0,1324.0,20.8,43.6,1.0614,2004-05-28 09:00:00
28/05/2004,10:00:00,-200.0,1050.0,-200.0,9.6,963.0,-200.0,998.0,-200.0,1609.0,901.0,24.3,35.1,1.0477,2004-05-28 10:00:00
28/05/2004,11:00:00,-200.0,1048.0,-200.0,9.8,969.0,-200.0,1012.0,-200.0,1600.0,852.0,26.4,29.3,0.9889,2004-05-28 11:00:00
28/05/2004,12:00:00,-200.0,1141.0,-200.0,14.4,1128.0,-200.0,902.0,-200.0,1738.0,1009.0,28.3,25.0,0.9495,2004-05-28 12:00:00
28/05/2004,13:00:00,-200.0,1052.0,-200.0,12.1,1053.0,-200.0,949.0,-200.0,1641.0,831.0,28.9,23.7,0.9285,2004-05-28 13:00:00
28/05/2004,14:00:00,-200.0,1152.0,-200.0,13.5,1099.0,-200.0,908.0,-200.0,1706.0,954.0,28.5,25.8,0.9931,2004-05-28 14:00:00
28/05/2004,15:00:00,1.7,1026.0,-200.0,12.3,1061.0,133.0,982.0,115.0,1564.0,814.0,29.6,18.9,0.7692,2004-05-28 15:00:00
28/05/2004,16:00:00,1.7,1039.0,-200.0,12.2,1055.0,131.0,966.0,117.0,1590.0,845.0,28.0,23.2,0.8613,2004-05-28 16:00:00
28/05/2004,17:00:00,2.1,1148.0,-200.0,12.5,1067.0,133.0,887.0,105.0,1790.0,956.0,23.6,41.0,1.1786,2004-05-28 17:00:00
28/05/2004,18:00:00,2.2,1176.0,-200.0,13.9,1114.0,141.0,843.0,114.0,1805.0,1102.0,21.5,48.1,1.2148,2004-05-28 18:00:00
28/05/2004,19:00:00,1.8,1100.0,-200.0,11.4,1028.0,112.0,900.0,103.0,1710.0,994.0,22.1,44.1,1.1573,2004-05-28 19:00:00
28/05/2004,20:00:00,1.8,1081.0,-200.0,10.4,992.0,147.0,959.0,119.0,1680.0,935.0,20.2,47.2,1.1043,2004-05-28 20:00:00
28/05/2004,21:00:00,0.9,976.0,-200.0,7.0,858.0,104.0,1070.0,102.0,1547.0,839.0,20.0,47.6,1.103,2004-05-28 21:00:00
28/05/2004,22:00:00,1.0,979.0,-200.0,7.0,857.0,97.0,1082.0,96.0,1546.0,797.0,19.8,46.8,1.0697,2004-05-28 22:00:00
28/05/2004,23:00:00,2.0,1092.0,-200.0,11.3,1024.0,128.0,937.0,109.0,1706.0,968.0,19.6,47.0,1.0606,2004-05-28 23:00:00
29/05/2004,00:00:00,1.8,1044.0,-200.0,9.2,946.0,138.0,1009.0,119.0,1594.0,886.0,19.3,46.3,1.0279,2004-05-29 00:00:00
29/05/2004,01:00:00,1.1,940.0,-200.0,6.8,849.0,93.0,1091.0,103.0,1509.0,764.0,18.5,48.7,1.0286,2004-05-29 01:00:00
29/05/2004,02:00:00,0.6,892.0,-200.0,5.1,767.0,71.0,1180.0,84.0,1466.0,657.0,18.0,51.4,1.0504,2004-05-29 02:00:00
29/05/2004,03:00:00,0.3,838.0,-200.0,3.4,675.0,-200.0,1302.0,-200.0,1390.0,540.0,17.9,50.8,1.0355,2004-05-29 03:00:00
29/05/2004,04:00:00,-200.0,853.0,-200.0,4.3,727.0,44.0,1179.0,59.0,1417.0,621.0,17.7,51.9,1.0379,2004-05-29 04:00:00
29/05/2004,05:00:00,-200.0,738.0,-200.0,1.5,545.0,18.0,1562.0,29.0,1266.0,450.0,17.7,49.7,0.997,2004-05-29 05:00:00
29/05/2004,06:00:00,0.1,762.0,-200.0,2.0,581.0,41.0,1588.0,45.0,1277.0,434.0,17.9,46.1,0.9383,2004-05-29 06:00:00
29/05/2004,07:00:00,0.5,841.0,-200.0,4.0,713.0,84.0,1293.0,80.0,1356.0,559.0,18.4,43.9,0.9192,2004-05-29 07:00:00
29/05/2004,08:00:00,0.6,843.0,-200.0,4.0,712.0,77.0,1303.0,77.0,1343.0,548.0,18.9,42.1,0.9081,2004-05-29 08:00:00
29/05/2004,09:00:00,0.5,841.0,-200.0,4.0,713.0,73.0,1326.0,68.0,1330.0,525.0,19.2,39.7,0.8728,2004-05-29 09:00:00
29/05/2004,10:00:00,0.7,862.0,-200.0,4.2,721.0,72.0,1329.0,66.0,1335.0,522.0,20.8,36.6,0.8878,2004-05-29 10:00:00
29/05/2004,11:00:00,0.7,869.0,-200.0,4.5,740.0,77.0,1296.0,70.0,1366.0,535.0,21.3,35.8,0.8975,2004-05-29 11:00:00
29/05/2004,12:00:00,0.9,894.0,-200.0,6.0,810.0,82.0,1204.0,74.0,1421.0,585.0,21.8,34.9,0.9004,2004-05-29 12:00:00
29/05/2004,13:00:00,0.7,844.0,-200.0,4.8,755.0,67.0,1284.0,64.0,1350.0,521.0,22.8,31.4,0.8615,2004-05-29 13:00:00
29/05/2004,14:00:00,0.4,823.0,-200.0,3.8,699.0,59.0,1382.0,60.0,1311.0,493.0,22.9,31.3,0.862,2004-05-29 14:00:00
29/05/2004,15:00:00,0.5,843.0,-200.0,4.2,719.0,61.0,1353.0,63.0,1330.0,501.0,22.9,30.7,0.8461,2004-05-29 15:00:00
29/05/2004,16:00:00,0.6,865.0,-200.0,5.1,767.0,76.0,1279.0,75.0,1369.0,559.0,23.8,29.2,0.8499,2004-05-29 16:00:00
29/05/2004,17:00:00,0.6,873.0,-200.0,5.6,792.0,73.0,1247.0,79.0,1397.0,589.0,23.2,30.2,0.8442,2004-05-29 17:00:00
29/05/2004,18:00:00,0.8,899.0,-200.0,5.8,803.0,87.0,1221.0,83.0,1426.0,596.0,22.4,31.3,0.8365,2004-05-29 18:00:00
29/05/2004,19:00:00,1.0,921.0,-200.0,7.0,856.0,98.0,1163.0,93.0,1437.0,681.0,21.7,32.2,0.825,2004-05-29 19:00:00
29/05/2004,20:00:00,1.2,937.0,-200.0,7.9,893.0,123.0,1106.0,112.0,1463.0,783.0,20.8,33.2,0.8061,2004-05-29 20:00:00
29/05/2004,21:00:00,1.0,901.0,-200.0,6.5,834.0,102.0,1177.0,103.0,1408.0,738.0,20.1,35.0,0.8149,2004-05-29 21:00:00
29/05/2004,22:00:00,1.3,955.0,-200.0,8.5,918.0,102.0,1056.0,93.0,1511.0,762.0,19.5,36.9,0.8258,2004-05-29 22:00:00
29/05/2004,23:00:00,2.7,1065.0,-200.0,13.7,1106.0,142.0,897.0,112.0,1707.0,929.0,19.0,38.2,0.8327,2004-05-29 23:00:00
30/05/2004,00:00:00,2.7,1035.0,-200.0,13.8,1110.0,148.0,907.0,125.0,1652.0,1044.0,18.5,39.4,0.832,2004-05-30 00:00:00
30/05/2004,01:00:00,1.6,956.0,-200.0,9.1,945.0,107.0,1030.0,107.0,1509.0,892.0,17.8,41.7,0.844,2004-05-30 01:00:00
30/05/2004,02:00:00,0.6,869.0,-200.0,6.5,835.0,61.0,1078.0,76.0,1437.0,807.0,19.2,42.0,0.9248,2004-05-30 02:00:00
30/05/2004,03:00:00,0.3,831.0,-200.0,6.2,822.0,-200.0,1085.0,-200.0,1418.0,710.0,17.8,44.8,0.9048,2004-05-30 03:00:00
30/05/2004,04:00:00,-200.0,815.0,-200.0,5.2,774.0,43.0,1113.0,55.0,1374.0,712.0,17.0,47.7,0.9185,2004-05-30 04:00:00
30/05/2004,05:00:00,0.1,781.0,-200.0,3.1,661.0,25.0,1271.0,37.0,1299.0,568.0,17.2,47.2,0.9178,2004-05-30 05:00:00
30/05/2004,06:00:00,0.1,781.0,-200.0,2.9,645.0,32.0,1295.0,45.0,1320.0,575.0,17.3,47.6,0.9295,2004-05-30 06:00:00
30/05/2004,07:00:00,0.2,828.0,-200.0,3.6,690.0,48.0,1263.0,61.0,1353.0,658.0,18.6,44.2,0.9385,2004-05-30 07:00:00
30/05/2004,08:00:00,0.3,803.0,-200.0,2.7,635.0,60.0,1417.0,67.0,1272.0,537.0,20.2,37.8,0.8837,2004-05-30 08:00:00
30/05/2004,09:00:00,0.3,811.0,-200.0,3.0,653.0,52.0,1411.0,60.0,1269.0,486.0,22.0,31.9,0.8335,2004-05-30 09:00:00
30/05/2004,10:00:00,0.4,844.0,-200.0,3.7,696.0,58.0,1353.0,64.0,1292.0,507.0,25.5,25.9,0.8339,2004-05-30 10:00:00
30/05/2004,11:00:00,0.3,833.0,-200.0,3.8,697.0,54.0,1361.0,64.0,1294.0,496.0,27.5,22.8,0.8249,2004-05-30 11:00:00
30/05/2004,12:00:00,0.3,832.0,-200.0,4.2,719.0,52.0,1318.0,59.0,1299.0,502.0,28.7,20.7,0.8024,2004-05-30 12:00:00
30/05/2004,13:00:00,0.1,771.0,-200.0,2.6,626.0,34.0,1502.0,41.0,1210.0,430.0,29.1,19.6,0.7771,2004-05-30 13:00:00
30/05/2004,14:00:00,0.1,783.0,-200.0,2.8,637.0,41.0,1498.0,46.0,1215.0,439.0,29.8,18.4,0.7595,2004-05-30 14:00:00
30/05/2004,15:00:00,0.2,815.0,-200.0,4.2,723.0,41.0,1378.0,46.0,1256.0,471.0,32.0,15.0,0.7028,2004-05-30 15:00:00
30/05/2004,16:00:00,0.6,912.0,-200.0,6.2,819.0,65.0,1224.0,77.0,1368.0,589.0,30.3,17.0,0.7232,2004-05-30 16:00:00
30/05/2004,17:00:00,0.5,894.0,-200.0,5.2,774.0,65.0,1239.0,83.0,1339.0,598.0,31.7,16.2,0.745,2004-05-30 17:00:00
30/05/2004,18:00:00,0.9,963.0,-200.0,7.7,885.0,84.0,1102.0,90.0,1447.0,695.0,29.2,19.6,0.7817,2004-05-30 18:00:00
30/05/2004,19:00:00,1.1,990.0,-200.0,8.8,930.0,89.0,1045.0,95.0,1506.0,739.0,27.4,23.8,0.858,2004-05-30 19:00:00
30/05/2004,20:00:00,1.3,1025.0,-200.0,10.1,980.0,114.0,986.0,113.0,1591.0,891.0,25.0,26.9,0.8408,2004-05-30 20:00:00
30/05/2004,21:00:00,1.5,997.0,-200.0,9.8,971.0,127.0,993.0,128.0,1573.0,930.0,23.6,30.1,0.8663,2004-05-30 21:00:00
30/05/2004,22:00:00,1.2,976.0,-200.0,8.4,916.0,117.0,1044.0,117.0,1515.0,880.0,22.3,33.6,0.8913,2004-05-30 22:00:00
30/05/2004,23:00:00,0.4,878.0,-200.0,5.4,784.0,46.0,1181.0,64.0,1407.0,610.0,21.4,36.9,0.9271,2004-05-30 23:00:00
31/05/2004,00:00:00,0.2,836.0,-200.0,4.3,728.0,16.0,1213.0,28.0,1353.0,518.0,20.6,39.9,0.9597,2004-05-31 00:00:00
31/05/2004,01:00:00,0.3,855.0,-200.0,4.8,751.0,27.0,1107.0,46.0,1418.0,664.0,19.7,43.2,0.9812,2004-05-31 01:00:00
31/05/2004,02:00:00,-200.0,759.0,-200.0,2.1,588.0,4.0,1323.0,8.0,1286.0,515.0,19.7,42.4,0.9636,2004-05-31 02:00:00
31/05/2004,03:00:00,-200.0,738.0,-200.0,1.4,539.0,-200.0,1421.0,-200.0,1257.0,477.0,18.9,45.0,0.9703,2004-05-31 03:00:00
31/05/2004,04:00:00,-200.0,736.0,-200.0,1.3,528.0,19.0,1451.0,32.0,1254.0,477.0,18.7,45.4,0.9694,2004-05-31 04:00:00
31/05/2004,05:00:00,-200.0,765.0,-200.0,2.3,609.0,48.0,1304.0,57.0,1319.0,581.0,16.4,52.4,0.9709,2004-05-31 05:00:00
31/05/2004,06:00:00,0.5,909.0,-200.0,6.5,834.0,82.0,1031.0,60.0,1527.0,763.0,16.6,52.1,0.9785,2004-05-31 06:00:00
31/05/2004,07:00:00,1.6,1108.0,-200.0,14.2,1123.0,167.0,804.0,83.0,1801.0,1111.0,17.4,50.9,1.0017,2004-05-31 07:00:00
31/05/2004,08:00:00,3.6,1252.0,-200.0,22.7,1369.0,248.0,681.0,129.0,2120.0,1390.0,19.3,46.0,1.0185,2004-05-31 08:00:00
31/05/2004,09:00:00,2.2,1175.0,-200.0,16.3,1188.0,213.0,790.0,137.0,1901.0,1251.0,20.9,43.6,1.0683,2004-05-31 09:00:00
31/05/2004,10:00:00,1.6,1111.0,-200.0,14.1,1120.0,161.0,839.0,121.0,1790.0,1141.0,25.6,33.3,1.0773,2004-05-31 10:00:00
31/05/2004,11:00:00,1.4,1044.0,-200.0,12.6,1069.0,144.0,889.0,123.0,1683.0,942.0,28.9,26.0,1.0188,2004-05-31 11:00:00
31/05/2004,12:00:00,1.4,1018.0,-200.0,13.1,1088.0,127.0,909.0,120.0,1677.0,795.0,30.3,22.8,0.9695,2004-05-31 12:00:00
31/05/2004,13:00:00,1.5,1060.0,-200.0,14.2,1122.0,116.0,863.0,119.0,1721.0,836.0,30.9,24.4,1.0724,2004-05-31 13:00:00
31/05/2004,14:00:00,1.3,1071.0,-200.0,13.8,1110.0,124.0,864.0,121.0,1733.0,847.0,30.5,26.2,1.1278,2004-05-31 14:00:00
31/05/2004,15:00:00,1.2,1006.0,-200.0,12.1,1054.0,115.0,921.0,111.0,1636.0,769.0,30.7,23.4,1.015,2004-05-31 15:00:00
31/05/2004,16:00:00,1.8,1104.0,-200.0,15.7,1171.0,150.0,827.0,128.0,1803.0,968.0,28.1,29.8,1.1132,2004-05-31 16:00:00
31/05/2004,17:00:00,3.0,1196.0,-200.0,21.4,1336.0,221.0,739.0,159.0,1971.0,1157.0,26.9,32.2,1.1267,2004-05-31 17:00:00
31/05/2004,18:00:00,3.5,1243.0,-200.0,25.0,1429.0,227.0,687.0,161.0,2093.0,1367.0,26.0,34.6,1.1485,2004-05-31 18:00:00
31/05/2004,19:00:00,2.4,1124.0,-200.0,16.6,1199.0,156.0,794.0,116.0,1858.0,1101.0,24.5,37.7,1.1454,2004-05-31 19:00:00
31/05/2004,20:00:00,1.1,1020.0,-200.0,10.7,1003.0,97.0,904.0,96.0,1716.0,916.0,21.7,46.9,1.2044,2004-05-31 20:00:00
31/05/2004,21:00:00,0.8,1035.0,-200.0,7.5,878.0,78.0,977.0,69.0,1694.0,825.0,19.3,68.8,1.519,2004-05-31 21:00:00
31/05/2004,22:00:00,0.4,986.0,-200.0,5.3,781.0,60.0,1063.0,58.0,1633.0,693.0,17.6,81.6,1.6296,2004-05-31 22:00:00
31/05/2004,23:00:00,0.6,1017.0,-200.0,6.5,834.0,61.0,986.0,59.0,1676.0,734.0,17.8,80.3,1.6212,2004-05-31 23:00:00
01/06/2004,00:00:00,0.3,922.0,-200.0,4.7,750.0,46.0,1085.0,45.0,1585.0,685.0,18.6,75.7,1.6074,2004-06-01 00:00:00
01/06/2004,01:00:00,-200.0,830.0,-200.0,2.9,644.0,17.0,1235.0,23.0,1487.0,524.0,19.6,68.4,1.5443,2004-06-01 01:00:00
01/06/2004,02:00:00,-200.0,805.0,-200.0,2.0,583.0,18.0,1339.0,26.0,1494.0,527.0,18.0,76.4,1.5608,2004-06-01 02:00:00
01/06/2004,03:00:00,-200.0,760.0,-200.0,1.1,505.0,-200.0,1527.0,-200.0,1413.0,452.0,17.3,77.2,1.5104,2004-06-01 03:00:00
01/06/2004,04:00:00,-200.0,783.0,-200.0,1.3,529.0,16.0,1437.0,24.0,1435.0,466.0,16.5,82.3,1.5318,2004-06-01 04:00:00
01/06/2004,05:00:00,0.1,854.0,-200.0,2.4,613.0,39.0,1272.0,41.0,1515.0,565.0,16.8,81.3,1.5452,2004-06-01 05:00:00
01/06/2004,06:00:00,0.3,985.0,-200.0,6.1,816.0,107.0,987.0,65.0,1677.0,799.0,17.3,78.6,1.5412,2004-06-01 06:00:00
01/06/2004,07:00:00,1.4,1225.0,-200.0,12.5,1067.0,190.0,760.0,94.0,1922.0,1102.0,16.9,80.9,1.5472,2004-06-01 07:00:00
01/06/2004,08:00:00,2.7,1313.0,-200.0,19.5,1283.0,236.0,671.0,100.0,2180.0,1299.0,17.1,79.8,1.542,2004-06-01 08:00:00
01/06/2004,09:00:00,2.3,1199.0,-200.0,15.2,1156.0,227.0,758.0,103.0,1958.0,1272.0,18.5,70.3,1.4826,2004-06-01 09:00:00
01/06/2004,10:00:00,1.8,1182.0,-200.0,12.0,1051.0,211.0,829.0,89.0,1870.0,1206.0,19.6,66.7,1.5023,2004-06-01 10:00:00
01/06/2004,11:00:00,1.6,1173.0,-200.0,12.4,1063.0,201.0,814.0,86.0,1905.0,1218.0,20.4,63.1,1.4969,2004-06-01 11:00:00
01/06/2004,12:00:00,1.9,1259.0,-200.0,15.9,1178.0,191.0,722.0,89.0,2060.0,1367.0,21.6,61.8,1.5775,2004-06-01 12:00:00
01/06/2004,13:00:00,2.5,1263.0,-200.0,15.7,1171.0,192.0,759.0,88.0,2029.0,1290.0,24.0,49.3,1.4509,2004-06-01 13:00:00
01/06/2004,14:00:00,1.6,1156.0,-200.0,13.5,1100.0,143.0,800.0,73.0,1884.0,1175.0,25.7,43.8,1.4262,2004-06-01 14:00:00
01/06/2004,15:00:00,1.5,1167.0,-200.0,12.4,1065.0,148.0,808.0,78.0,1886.0,1139.0,24.6,47.5,1.4487,2004-06-01 15:00:00
01/06/2004,16:00:00,2.5,1278.0,-200.0,17.1,1213.0,183.0,733.0,95.0,2041.0,1293.0,24.8,47.4,1.4628,2004-06-01 16:00:00
01/06/2004,17:00:00,3.6,1342.0,-200.0,22.0,1351.0,216.0,657.0,109.0,2201.0,1419.0,23.7,50.5,1.4636,2004-06-01 17:00:00
01/06/2004,18:00:00,3.5,1353.0,-200.0,19.9,1292.0,184.0,683.0,95.0,2178.0,1326.0,23.0,53.8,1.4968,2004-06-01 18:00:00
01/06/2004,19:00:00,4.8,1501.0,-200.0,27.9,1501.0,248.0,588.0,101.0,2486.0,1517.0,21.5,65.8,1.6688,2004-06-01 19:00:00
01/06/2004,20:00:00,3.7,1355.0,-200.0,19.7,1289.0,221.0,678.0,88.0,2158.0,1391.0,21.0,66.9,1.6436,2004-06-01 20:00:00
01/06/2004,21:00:00,2.1,1230.0,-200.0,15.7,1169.0,159.0,737.0,77.0,2020.0,1275.0,20.6,68.1,1.6329,2004-06-01 21:00:00
01/06/2004,22:00:00,1.6,1148.0,-200.0,12.0,1048.0,136.0,822.0,75.0,1883.0,1168.0,20.5,66.9,1.5914,2004-06-01 22:00:00
01/06/2004,23:00:00,2.2,1171.0,-200.0,13.1,1088.0,168.0,822.0,81.0,1889.0,1132.0,20.2,65.2,1.5251,2004-06-01 23:00:00
02/06/2004,00:00:00,0.8,1021.0,-200.0,9.2,949.0,95.0,927.0,57.0,1764.0,977.0,19.5,68.0,1.5269,2004-06-02 00:00:00
02/06/2004,01:00:00,-200.0,964.0,-200.0,7.5,877.0,70.0,958.0,49.0,1692.0,942.0,19.9,66.4,1.5203,2004-06-02 01:00:00
02/06/2004,02:00:00,-200.0,887.0,-200.0,4.9,758.0,43.0,1094.0,38.0,1622.0,804.0,19.1,69.0,1.5043,2004-06-02 02:00:00
02/06/2004,03:00:00,-200.0,885.0,-200.0,5.2,773.0,-200.0,1051.0,-200.0,1641.0,805.0,18.5,70.7,1.4962,2004-06-02 03:00:00
02/06/2004,04:00:00,-200.0,830.0,-200.0,3.2,662.0,30.0,1217.0,31.0,1556.0,704.0,18.9,67.8,1.4689,2004-06-02 04:00:00
02/06/2004,05:00:00,-200.0,792.0,-200.0,2.4,611.0,22.0,1280.0,23.0,1529.0,657.0,20.0,63.7,1.4742,2004-06-02 05:00:00
02/06/2004,06:00:00,-200.0,813.0,-200.0,2.8,639.0,25.0,1267.0,22.0,1538.0,655.0,19.8,64.7,1.4769,2004-06-02 06:00:00
02/06/2004,07:00:00,-200.0,890.0,-200.0,3.9,703.0,48.0,1145.0,33.0,1601.0,751.0,19.7,65.3,1.4843,2004-06-02 07:00:00
02/06/2004,08:00:00,-200.0,984.0,-200.0,6.9,854.0,73.0,964.0,43.0,1751.0,885.0,20.8,62.0,1.5002,2004-06-02 08:00:00
02/06/2004,09:00:00,-200.0,1043.0,-200.0,8.5,920.0,95.0,925.0,53.0,1777.0,955.0,22.2,56.6,1.4973,2004-06-02 09:00:00
02/06/2004,10:00:00,-200.0,1054.0,-200.0,8.9,936.0,86.0,915.0,54.0,1791.0,962.0,24.3,49.0,1.4724,2004-06-02 10:00:00
02/06/2004,11:00:00,-200.0,1063.0,-200.0,8.8,930.0,102.0,925.0,62.0,1749.0,957.0,25.0,46.5,1.4492,2004-06-02 11:00:00
02/06/2004,12:00:00,-200.0,978.0,-200.0,7.4,873.0,80.0,1003.0,53.0,1669.0,788.0,28.9,34.8,1.3603,2004-06-02 12:00:00
02/06/2004,13:00:00,-200.0,887.0,-200.0,4.7,748.0,36.0,1141.0,34.0,1560.0,596.0,29.6,33.4,1.3581,2004-06-02 13:00:00
02/06/2004,14:00:00,-200.0,887.0,-200.0,4.8,754.0,32.0,1164.0,30.0,1523.0,560.0,30.9,30.7,1.3493,2004-06-02 14:00:00
02/06/2004,15:00:00,-200.0,977.0,-200.0,6.8,850.0,46.0,1035.0,37.0,1645.0,701.0,31.8,31.0,1.4286,2004-06-02 15:00:00
02/06/2004,16:00:00,-200.0,1043.0,-200.0,8.9,934.0,61.0,929.0,47.0,1707.0,811.0,31.4,31.2,1.4127,2004-06-02 16:00:00
02/06/2004,17:00:00,-200.0,1010.0,-200.0,8.1,902.0,59.0,966.0,44.0,1676.0,724.0,28.9,35.7,1.3985,2004-06-02 17:00:00
02/06/2004,18:00:00,-200.0,1094.0,-200.0,10.5,996.0,76.0,876.0,53.0,1807.0,864.0,27.2,42.5,1.5135,2004-06-02 18:00:00
02/06/2004,19:00:00,-200.0,1223.0,-200.0,14.8,1142.0,145.0,778.0,88.0,1965.0,1084.0,26.2,46.4,1.5573,2004-06-02 19:00:00
02/06/2004,20:00:00,-200.0,1109.0,-200.0,11.8,1042.0,140.0,834.0,95.0,1888.0,998.0,24.5,51.0,1.5454,2004-06-02 20:00:00
02/06/2004,21:00:00,-200.0,1026.0,-200.0,8.7,927.0,102.0,915.0,82.0,1781.0,878.0,22.8,56.1,1.5353,2004-06-02 21:00:00
02/06/2004,22:00:00,-200.0,1036.0,-200.0,8.7,928.0,89.0,914.0,59.0,1787.0,909.0,21.9,60.9,1.5799,2004-06-02 22:00:00
02/06/2004,23:00:00,-200.0,963.0,-200.0,6.9,853.0,62.0,995.0,43.0,1732.0,789.0,21.7,61.0,1.5617,2004-06-02 23:00:00
03/06/2004,00:00:00,-200.0,996.0,-200.0,7.3,868.0,69.0,957.0,51.0,1741.0,857.0,20.8,64.8,1.568,2004-06-03 00:00:00
03/06/2004,01:00:00,-200.0,999.0,-200.0,6.9,853.0,63.0,951.0,49.0,1756.0,885.0,20.3,70.9,1.6699,2004-06-03 01:00:00
03/06/2004,02:00:00,-200.0,893.0,-200.0,4.6,741.0,31.0,1056.0,36.0,1664.0,743.0,18.9,79.0,1.704,2004-06-03 02:00:00
03/06/2004,03:00:00,-200.0,730.0,-200.0,1.3,530.0,-200.0,1517.0,-200.0,1362.0,445.0,18.1,64.6,1.3276,2004-06-03 03:00:00
03/06/2004,04:00:00,-200.0,753.0,-200.0,1.7,562.0,17.0,1420.0,24.0,1414.0,454.0,18.6,64.5,1.3655,2004-06-03 04:00:00
03/06/2004,05:00:00,-200.0,825.0,-200.0,3.2,663.0,61.0,1203.0,58.0,1504.0,610.0,17.6,67.4,1.346,2004-06-03 05:00:00
03/06/2004,06:00:00,-200.0,1012.0,-200.0,10.1,982.0,184.0,882.0,73.0,1796.0,1024.0,17.6,67.6,1.3479,2004-06-03 06:00:00
03/06/2004,07:00:00,-200.0,1221.0,-200.0,19.9,1293.0,248.0,688.0,74.0,2144.0,1316.0,19.0,61.7,1.3393,2004-06-03 07:00:00
03/06/2004,08:00:00,-200.0,1215.0,-200.0,20.2,1303.0,220.0,694.0,97.0,2180.0,1358.0,20.0,57.4,1.3268,2004-06-03 08:00:00
03/06/2004,09:00:00,-200.0,1234.0,-200.0,20.8,1318.0,243.0,714.0,108.0,2108.0,2202.0,22.6,45.9,1.2418,2004-06-03 09:00:00
03/06/2004,10:00:00,-200.0,1138.0,-200.0,15.1,1152.0,164.0,798.0,93.0,1877.0,1947.0,27.3,34.3,1.2284,2004-06-03 10:00:00
03/06/2004,11:00:00,-200.0,987.0,-200.0,10.9,1009.0,-200.0,914.0,-200.0,1697.0,1227.0,27.4,31.0,1.1184,2004-06-03 11:00:00
03/06/2004,12:00:00,-200.0,980.0,-200.0,11.1,1019.0,-200.0,921.0,-200.0,1720.0,950.0,26.2,33.6,1.1244,2004-06-03 12:00:00
03/06/2004,13:00:00,-200.0,966.0,-200.0,12.1,1054.0,-200.0,885.0,-200.0,1742.0,917.0,26.8,32.4,1.1263,2004-06-03 13:00:00
03/06/2004,14:00:00,-200.0,905.0,-200.0,8.6,923.0,-200.0,1025.0,-200.0,1582.0,707.0,28.7,27.7,1.071,2004-06-03 14:00:00
03/06/2004,15:00:00,-200.0,903.0,-200.0,9.7,968.0,-200.0,992.0,-200.0,1565.0,740.0,28.7,25.0,0.9684,2004-06-03 15:00:00
03/06/2004,16:00:00,-200.0,914.0,-200.0,11.0,1014.0,-200.0,988.0,-200.0,1597.0,775.0,29.1,22.3,0.8811,2004-06-03 16:00:00
03/06/2004,17:00:00,-200.0,1050.0,-200.0,16.6,1199.0,-200.0,849.0,-200.0,1781.0,1035.0,29.0,24.5,0.9655,2004-06-03 17:00:00
03/06/2004,18:00:00,-200.0,1043.0,-200.0,14.7,1139.0,-200.0,876.0,-200.0,1756.0,1001.0,27.2,28.3,1.0016,2004-06-03 18:00:00
03/06/2004,19:00:00,-200.0,1125.0,-200.0,19.5,1283.0,-200.0,792.0,-200.0,1899.0,1101.0,25.3,30.0,0.952,2004-06-03 19:00:00
03/06/2004,20:00:00,-200.0,1058.0,-200.0,14.5,1134.0,-200.0,855.0,-200.0,1797.0,1034.0,24.1,34.8,1.0333,2004-06-03 20:00:00
03/06/2004,21:00:00,-200.0,951.0,-200.0,7.8,892.0,-200.0,1015.0,-200.0,1611.0,786.0,23.0,43.1,1.1993,2004-06-03 21:00:00
03/06/2004,22:00:00,-200.0,944.0,-200.0,7.8,891.0,-200.0,1016.0,-200.0,1593.0,844.0,22.1,43.9,1.1521,2004-06-03 22:00:00
03/06/2004,23:00:00,-200.0,959.0,-200.0,7.8,892.0,-200.0,996.0,-200.0,1616.0,866.0,21.0,48.1,1.178,2004-06-03 23:00:00
04/06/2004,00:00:00,-200.0,974.0,-200.0,8.5,919.0,-200.0,976.0,-200.0,1638.0,909.0,20.6,49.2,1.1754,2004-06-04 00:00:00
04/06/2004,01:00:00,-200.0,880.0,-200.0,5.7,799.0,-200.0,1097.0,-200.0,1533.0,724.0,21.2,47.6,1.1799,2004-06-04 01:00:00
04/06/2004,02:00:00,-200.0,853.0,-200.0,4.5,740.0,-200.0,1146.0,-200.0,1526.0,715.0,21.0,50.1,1.2338,2004-06-04 02:00:00
04/06/2004,03:00:00,-200.0,912.0,-200.0,5.6,795.0,-200.0,1042.0,-200.0,1564.0,827.0,20.1,53.1,1.2342,2004-06-04 03:00:00
04/06/2004,04:00:00,-200.0,863.0,-200.0,4.6,745.0,-200.0,1098.0,-200.0,1496.0,786.0,19.0,54.0,1.1745,2004-06-04 04:00:00
04/06/2004,05:00:00,-200.0,729.0,-200.0,1.2,520.0,-200.0,1570.0,-200.0,1318.0,445.0,19.2,51.1,1.124,2004-06-04 05:00:00
04/06/2004,06:00:00,-200.0,830.0,-200.0,3.4,674.0,-200.0,1246.0,-200.0,1459.0,607.0,19.2,53.1,1.1662,2004-06-04 06:00:00
04/06/2004,07:00:00,-200.0,1198.0,-200.0,17.0,1209.0,-200.0,779.0,-200.0,2058.0,1213.0,20.6,49.0,1.1748,2004-06-04 07:00:00
04/06/2004,08:00:00,-200.0,971.0,-200.0,10.0,977.0,-200.0,921.0,-200.0,1667.0,910.0,21.8,41.9,1.077,2004-06-04 08:00:00
04/06/2004,09:00:00,-200.0,885.0,-200.0,6.0,812.0,-200.0,1100.0,-200.0,1495.0,675.0,22.8,37.6,1.0315,2004-06-04 09:00:00
04/06/2004,10:00:00,-200.0,862.0,-200.0,5.7,798.0,-200.0,1148.0,-200.0,1456.0,582.0,24.8,31.3,0.9646,2004-06-04 10:00:00
04/06/2004,11:00:00,-200.0,892.0,-200.0,6.9,853.0,-200.0,1080.0,-200.0,1509.0,666.0,26.0,29.4,0.976,2004-06-04 11:00:00
04/06/2004,12:00:00,-200.0,933.0,-200.0,9.5,960.0,-200.0,994.0,-200.0,1577.0,726.0,27.0,27.8,0.9731,2004-06-04 12:00:00
04/06/2004,13:00:00,-200.0,975.0,-200.0,11.1,1017.0,-200.0,930.0,-200.0,1668.0,801.0,27.0,29.3,1.0277,2004-06-04 13:00:00
04/06/2004,14:00:00,-200.0,927.0,-200.0,8.1,905.0,-200.0,1016.0,-200.0,1554.0,711.0,27.0,29.6,1.0419,2004-06-04 14:00:00
04/06/2004,15:00:00,-200.0,993.0,-200.0,10.2,985.0,-200.0,950.0,-200.0,1680.0,790.0,25.8,32.6,1.072,2004-06-04 15:00:00
04/06/2004,16:00:00,2.7,1053.0,-200.0,13.3,1093.0,-200.0,873.0,-200.0,1749.0,924.0,26.2,32.6,1.0892,2004-06-04 16:00:00
04/06/2004,17:00:00,3.6,1116.0,-200.0,16.6,1198.0,-200.0,811.0,-200.0,1863.0,1045.0,28.3,27.5,1.0418,2004-06-04 17:00:00
04/06/2004,18:00:00,3.3,1097.0,-200.0,16.9,1206.0,-200.0,813.0,-200.0,1867.0,1088.0,26.5,29.7,1.0123,2004-06-04 18:00:00
04/06/2004,19:00:00,3.6,1116.0,-200.0,17.5,1226.0,-200.0,792.0,-200.0,1938.0,1038.0,25.7,31.8,1.0317,2004-06-04 19:00:00
04/06/2004,20:00:00,2.9,1057.0,-200.0,13.1,1087.0,-200.0,871.0,-200.0,1769.0,981.0,24.4,35.2,1.0632,2004-06-04 20:00:00
04/06/2004,21:00:00,1.9,973.0,-200.0,9.2,949.0,-200.0,987.0,-200.0,1615.0,820.0,23.5,36.9,1.0518,2004-06-04 21:00:00
04/06/2004,22:00:00,2.0,1016.0,-200.0,10.0,977.0,-200.0,951.0,-200.0,1652.0,948.0,22.4,41.0,1.1006,2004-06-04 22:00:00
04/06/2004,23:00:00,2.9,1120.0,-200.0,13.1,1088.0,-200.0,849.0,-200.0,1785.0,1067.0,21.7,44.7,1.1451,2004-06-04 23:00:00
05/06/2004,00:00:00,2.7,1076.0,-200.0,12.9,1080.0,-200.0,846.0,-200.0,1787.0,1070.0,21.1,48.1,1.1864,2004-06-05 00:00:00
05/06/2004,01:00:00,1.5,937.0,-200.0,7.8,890.0,-200.0,970.0,-200.0,1625.0,877.0,20.7,50.0,1.203,2004-06-05 01:00:00
05/06/2004,02:00:00,1.6,980.0,-200.0,9.2,948.0,-200.0,888.0,-200.0,1702.0,1028.0,19.8,53.1,1.2093,2004-06-05 02:00:00
05/06/2004,03:00:00,1.3,937.0,-200.0,6.9,853.0,-200.0,962.0,-200.0,1604.0,969.0,19.8,53.6,1.2214,2004-06-05 03:00:00
05/06/2004,04:00:00,0.7,852.0,-200.0,4.5,739.0,37.0,1095.0,63.0,1525.0,837.0,19.6,54.8,1.236,2004-06-05 04:00:00
05/06/2004,05:00:00,0.7,858.0,-200.0,4.9,757.0,57.0,1066.0,71.0,1542.0,904.0,19.3,57.3,1.265,2004-06-05 05:00:00
05/06/2004,06:00:00,1.2,963.0,-200.0,7.9,894.0,131.0,942.0,91.0,1702.0,1065.0,19.7,58.4,1.3254,2004-06-05 06:00:00
05/06/2004,07:00:00,1.5,966.0,-200.0,7.4,874.0,171.0,969.0,95.0,1682.0,999.0,19.8,59.4,1.3554,2004-06-05 07:00:00
05/06/2004,08:00:00,1.5,983.0,-200.0,8.0,901.0,187.0,954.0,96.0,1691.0,986.0,20.9,54.8,1.3387,2004-06-05 08:00:00
05/06/2004,09:00:00,1.6,990.0,-200.0,7.6,881.0,133.0,985.0,81.0,1685.0,874.0,22.4,47.9,1.2817,2004-06-05 09:00:00
05/06/2004,10:00:00,1.1,891.0,-200.0,5.3,780.0,87.0,1110.0,68.0,1543.0,689.0,24.1,41.3,1.2202,2004-06-05 10:00:00
05/06/2004,11:00:00,1.1,883.0,-200.0,5.3,778.0,61.0,1130.0,57.0,1545.0,608.0,25.9,36.9,1.2133,2004-06-05 11:00:00
05/06/2004,12:00:00,1.4,914.0,-200.0,8.0,900.0,86.0,1010.0,68.0,1596.0,706.0,30.7,26.0,1.1287,2004-06-05 12:00:00
05/06/2004,13:00:00,1.4,896.0,-200.0,8.4,917.0,83.0,1017.0,72.0,1577.0,704.0,30.3,25.2,1.0652,2004-06-05 13:00:00
05/06/2004,14:00:00,1.0,841.0,-200.0,6.0,811.0,61.0,1135.0,62.0,1463.0,609.0,30.1,25.4,1.0641,2004-06-05 14:00:00
05/06/2004,15:00:00,1.3,926.0,-200.0,7.3,868.0,80.0,1048.0,75.0,1599.0,687.0,27.6,35.1,1.2764,2004-06-05 15:00:00
05/06/2004,16:00:00,1.9,1133.0,-200.0,10.2,984.0,110.0,838.0,92.0,1897.0,976.0,26.6,47.6,1.6315,2004-06-05 16:00:00
05/06/2004,17:00:00,1.7,1042.0,-200.0,9.0,939.0,108.0,917.0,89.0,1744.0,860.0,30.4,31.3,1.3331,2004-06-05 17:00:00
05/06/2004,18:00:00,2.3,1124.0,-200.0,14.0,1118.0,134.0,793.0,105.0,1915.0,1021.0,27.8,35.0,1.282,2004-06-05 18:00:00
05/06/2004,19:00:00,2.4,1157.0,-200.0,16.1,1183.0,133.0,738.0,111.0,1970.0,1079.0,26.6,37.9,1.2994,2004-06-05 19:00:00
05/06/2004,20:00:00,1.8,989.0,-200.0,8.2,906.0,118.0,954.0,102.0,1681.0,826.0,23.4,44.4,1.2646,2004-06-05 20:00:00
05/06/2004,21:00:00,0.6,841.0,-200.0,3.8,699.0,17.0,1123.0,30.0,1508.0,558.0,23.0,51.1,1.4175,2004-06-05 21:00:00
05/06/2004,22:00:00,0.8,916.0,-200.0,5.6,791.0,26.0,1007.0,43.0,1588.0,679.0,22.1,53.5,1.4087,2004-06-05 22:00:00
05/06/2004,23:00:00,1.7,1008.0,-200.0,8.0,900.0,55.0,907.0,67.0,1681.0,850.0,21.6,53.6,1.3674,2004-06-05 23:00:00
06/06/2004,00:00:00,1.1,895.0,-200.0,5.6,792.0,39.0,975.0,58.0,1574.0,733.0,21.9,52.7,1.365,2004-06-06 00:00:00
06/06/2004,01:00:00,0.6,810.0,-200.0,3.8,702.0,15.0,1093.0,24.0,1529.0,612.0,21.3,54.9,1.3707,2004-06-06 01:00:00
06/06/2004,02:00:00,1.1,968.0,-200.0,6.6,840.0,47.0,891.0,58.0,1727.0,788.0,17.5,79.1,1.5709,2004-06-06 02:00:00
06/06/2004,03:00:00,1.1,922.0,-200.0,7.0,859.0,-200.0,871.0,-200.0,1739.0,728.0,17.6,78.6,1.5722,2004-06-06 03:00:00
06/06/2004,04:00:00,1.0,892.0,-200.0,5.2,773.0,49.0,926.0,62.0,1660.0,724.0,17.1,81.8,1.5816,2004-06-06 04:00:00
06/06/2004,05:00:00,0.5,806.0,-200.0,2.4,615.0,21.0,1172.0,34.0,1525.0,543.0,16.6,80.2,1.5002,2004-06-06 05:00:00
06/06/2004,06:00:00,0.7,827.0,-200.0,3.1,659.0,33.0,1115.0,46.0,1552.0,616.0,16.8,77.4,1.4739,2004-06-06 06:00:00
06/06/2004,07:00:00,1.0,881.0,-200.0,5.2,776.0,63.0,1037.0,62.0,1623.0,677.0,18.3,66.5,1.381,2004-06-06 07:00:00
06/06/2004,08:00:00,1.2,877.0,-200.0,5.9,808.0,73.0,1011.0,70.0,1614.0,723.0,20.4,55.8,1.3196,2004-06-06 08:00:00
06/06/2004,09:00:00,0.7,784.0,-200.0,2.8,638.0,51.0,1314.0,54.0,1412.0,529.0,21.6,45.3,1.1533,2004-06-06 09:00:00
06/06/2004,10:00:00,0.9,806.0,-200.0,3.4,675.0,61.0,1270.0,61.0,1414.0,528.0,23.1,39.4,1.0983,2004-06-06 10:00:00
06/06/2004,11:00:00,0.8,775.0,-200.0,3.0,653.0,52.0,1349.0,53.0,1365.0,491.0,25.4,31.6,1.0058,2004-06-06 11:00:00
06/06/2004,12:00:00,0.8,773.0,-200.0,3.4,676.0,49.0,1331.0,49.0,1374.0,489.0,26.6,29.0,0.9928,2004-06-06 12:00:00
06/06/2004,13:00:00,0.5,734.0,-200.0,2.3,603.0,40.0,1471.0,48.0,1303.0,450.0,25.9,28.8,0.9475,2004-06-06 13:00:00
06/06/2004,14:00:00,0.5,757.0,-200.0,2.7,635.0,36.0,1445.0,45.0,1345.0,451.0,27.0,28.0,0.981,2004-06-06 14:00:00
06/06/2004,15:00:00,0.7,817.0,-200.0,3.6,688.0,51.0,1299.0,60.0,1435.0,512.0,23.6,38.1,1.0917,2004-06-06 15:00:00
06/06/2004,16:00:00,0.9,815.0,-200.0,4.2,720.0,56.0,1225.0,59.0,1418.0,525.0,25.9,32.0,1.0529,2004-06-06 16:00:00
06/06/2004,17:00:00,1.0,844.0,-200.0,4.9,757.0,71.0,1186.0,67.0,1445.0,556.0,26.3,31.5,1.0643,2004-06-06 17:00:00
06/06/2004,18:00:00,1.2,880.0,-200.0,5.9,807.0,79.0,1123.0,72.0,1510.0,599.0,23.9,36.8,1.0774,2004-06-06 18:00:00
06/06/2004,19:00:00,1.3,906.0,-200.0,6.6,838.0,117.0,1084.0,88.0,1547.0,694.0,23.7,36.8,1.0609,2004-06-06 19:00:00
06/06/2004,20:00:00,1.6,904.0,-200.0,7.6,882.0,127.0,1048.0,94.0,1549.0,744.0,22.5,37.8,1.0157,2004-06-06 20:00:00
06/06/2004,21:00:00,1.4,877.0,-200.0,7.0,858.0,118.0,1080.0,89.0,1535.0,724.0,21.8,39.2,1.0115,2004-06-06 21:00:00
06/06/2004,22:00:00,1.7,918.0,-200.0,7.5,879.0,130.0,1030.0,96.0,1569.0,804.0,20.9,42.6,1.04,2004-06-06 22:00:00
06/06/2004,23:00:00,1.7,930.0,-200.0,8.4,914.0,131.0,991.0,98.0,1631.0,862.0,20.0,45.6,1.0555,2004-06-06 23:00:00
07/06/2004,00:00:00,1.4,870.0,-200.0,7.0,858.0,102.0,1061.0,95.0,1557.0,811.0,19.3,47.9,1.059,2004-06-07 00:00:00
07/06/2004,01:00:00,0.8,793.0,-200.0,3.9,703.0,48.0,1222.0,64.0,1439.0,627.0,18.7,49.0,1.0462,2004-06-07 01:00:00
07/06/2004,02:00:00,0.4,760.0,-200.0,2.6,626.0,22.0,1263.0,38.0,1386.0,575.0,17.8,54.1,1.0938,2004-06-07 02:00:00
07/06/2004,03:00:00,0.3,733.0,-200.0,2.0,588.0,-200.0,1281.0,-200.0,1394.0,589.0,18.6,52.7,1.1206,2004-06-07 03:00:00
07/06/2004,04:00:00,-200.0,726.0,-200.0,2.1,591.0,22.0,1263.0,34.0,1386.0,579.0,17.2,57.9,1.127,2004-06-07 04:00:00
07/06/2004,05:00:00,0.5,732.0,-200.0,2.4,613.0,44.0,1273.0,40.0,1413.0,605.0,18.2,54.1,1.1155,2004-06-07 05:00:00
07/06/2004,06:00:00,1.5,933.0,-200.0,9.6,962.0,167.0,867.0,76.0,1705.0,974.0,17.3,57.6,1.1289,2004-06-07 06:00:00
07/06/2004,07:00:00,2.6,1061.0,-200.0,15.4,1162.0,220.0,777.0,90.0,1898.0,1132.0,19.9,49.4,1.1354,2004-06-07 07:00:00
07/06/2004,08:00:00,4.3,1201.0,-200.0,25.0,1428.0,285.0,664.0,118.0,2249.0,1378.0,21.7,44.2,1.1321,2004-06-07 08:00:00
07/06/2004,09:00:00,3.1,1065.0,-200.0,15.1,1151.0,272.0,801.0,118.0,1894.0,1160.0,23.5,40.0,1.1386,2004-06-07 09:00:00
07/06/2004,10:00:00,2.9,1075.0,-200.0,17.4,1222.0,238.0,774.0,122.0,1943.0,1213.0,28.4,29.7,1.1345,2004-06-07 10:00:00
07/06/2004,11:00:00,2.5,998.0,-200.0,14.1,1119.0,207.0,832.0,120.0,1780.0,1057.0,31.6,24.1,1.0994,2004-06-07 11:00:00
07/06/2004,12:00:00,1.9,922.0,-200.0,11.8,1042.0,152.0,887.0,132.0,1744.0,832.0,31.3,24.1,1.0816,2004-06-07 12:00:00
07/06/2004,13:00:00,2.5,1023.0,-200.0,14.9,1147.0,185.0,829.0,115.0,1842.0,983.0,34.4,20.4,1.0857,2004-06-07 13:00:00
07/06/2004,14:00:00,2.5,1039.0,-200.0,16.0,1180.0,184.0,833.0,127.0,1815.0,1047.0,33.7,21.3,1.0988,2004-06-07 14:00:00
07/06/2004,15:00:00,2.8,1054.0,-200.0,16.5,1195.0,205.0,815.0,126.0,1848.0,1078.0,35.9,18.9,1.0999,2004-06-07 15:00:00
07/06/2004,16:00:00,2.3,1022.0,-200.0,15.2,1155.0,172.0,871.0,113.0,1840.0,979.0,34.3,19.4,1.0279,2004-06-07 16:00:00
07/06/2004,17:00:00,3.3,1082.0,-200.0,18.9,1266.0,227.0,788.0,124.0,1910.0,1139.0,33.5,19.9,1.0112,2004-06-07 17:00:00
07/06/2004,18:00:00,2.8,1056.0,-200.0,19.0,1268.0,187.0,786.0,108.0,1896.0,1111.0,30.5,24.2,1.0386,2004-06-07 18:00:00
07/06/2004,19:00:00,4.8,1243.0,-200.0,28.9,1524.0,290.0,647.0,142.0,2281.0,1470.0,30.3,26.2,1.1161,2004-06-07 19:00:00
07/06/2004,20:00:00,2.5,1029.0,-200.0,13.4,1097.0,155.0,825.0,125.0,1827.0,980.0,27.0,36.7,1.2898,2004-06-07 20:00:00
07/06/2004,21:00:00,2.0,1004.0,-200.0,10.9,1011.0,108.0,867.0,116.0,1754.0,893.0,24.6,41.9,1.2752,2004-06-07 21:00:00
07/06/2004,22:00:00,1.8,979.0,-200.0,8.9,937.0,94.0,919.0,101.0,1683.0,858.0,23.3,44.5,1.2566,2004-06-07 22:00:00
07/06/2004,23:00:00,1.7,972.0,-200.0,8.5,919.0,103.0,934.0,101.0,1668.0,904.0,22.4,46.9,1.2544,2004-06-07 23:00:00
08/06/2004,00:00:00,1.3,942.0,-200.0,6.7,846.0,78.0,980.0,92.0,1615.0,905.0,21.7,50.8,1.3019,2004-06-08 00:00:00
08/06/2004,01:00:00,0.7,825.0,-200.0,4.2,720.0,38.0,1129.0,55.0,1511.0,678.0,21.0,51.9,1.2794,2004-06-08 01:00:00
08/06/2004,02:00:00,0.5,780.0,-200.0,2.5,621.0,26.0,1277.0,42.0,1452.0,586.0,20.5,54.3,1.2926,2004-06-08 02:00:00
08/06/2004,03:00:00,0.4,746.0,-200.0,1.7,565.0,-200.0,1369.0,-200.0,1423.0,608.0,20.9,52.5,1.2852,2004-06-08 03:00:00
08/06/2004,04:00:00,0.3,734.0,-200.0,1.4,538.0,19.0,1449.0,30.0,1400.0,514.0,21.0,53.1,1.3031,2004-06-08 04:00:00
08/06/2004,05:00:00,0.5,785.0,-200.0,2.8,640.0,35.0,1265.0,40.0,1467.0,588.0,19.6,57.1,1.2851,2004-06-08 05:00:00
08/06/2004,06:00:00,1.4,946.0,-200.0,8.8,931.0,126.0,917.0,69.0,1745.0,884.0,18.2,62.3,1.2903,2004-06-08 06:00:00
08/06/2004,07:00:00,3.3,1201.0,-200.0,19.4,1279.0,309.0,683.0,100.0,2144.0,1338.0,19.5,57.7,1.2966,2004-06-08 07:00:00
08/06/2004,08:00:00,5.8,1377.0,-200.0,36.1,1688.0,376.0,525.0,125.0,2746.0,1708.0,21.6,51.7,1.313,2004-06-08 08:00:00
08/06/2004,09:00:00,5.0,1346.0,-200.0,27.1,1481.0,441.0,602.0,174.0,2367.0,1681.0,23.9,44.4,1.3029,2004-06-08 09:00:00
08/06/2004,10:00:00,3.5,1230.0,-200.0,19.0,1268.0,309.0,698.0,171.0,2049.0,1509.0,28.1,35.2,1.312,2004-06-08 10:00:00
08/06/2004,11:00:00,2.9,1160.0,-200.0,16.9,1208.0,220.0,728.0,149.0,1925.0,1330.0,31.4,28.6,1.298,2004-06-08 11:00:00
08/06/2004,12:00:00,2.5,1146.0,-200.0,15.7,1171.0,168.0,761.0,124.0,1902.0,1138.0,33.7,25.5,1.3095,2004-06-08 12:00:00
08/06/2004,13:00:00,2.3,1078.0,-200.0,14.1,1121.0,149.0,818.0,119.0,1806.0,963.0,35.9,20.8,1.2103,2004-06-08 13:00:00
08/06/2004,14:00:00,2.4,1111.0,-200.0,16.5,1194.0,160.0,794.0,130.0,1875.0,1015.0,37.5,18.1,1.1529,2004-06-08 14:00:00
08/06/2004,15:00:00,2.6,1083.0,-200.0,14.8,1141.0,177.0,825.0,143.0,1793.0,1008.0,37.7,17.7,1.1383,2004-06-08 15:00:00
08/06/2004,16:00:00,2.2,1056.0,-200.0,13.0,1083.0,-200.0,865.0,-200.0,1723.0,898.0,37.8,17.4,1.1219,2004-06-08 16:00:00
08/06/2004,17:00:00,3.5,1220.0,-200.0,21.4,1334.0,176.0,695.0,183.0,2066.0,1215.0,36.6,20.6,1.2445,2004-06-08 17:00:00
08/06/2004,18:00:00,3.9,1268.0,-200.0,23.6,1393.0,202.0,650.0,161.0,2144.0,1334.0,32.5,26.0,1.2502,2004-06-08 18:00:00
08/06/2004,19:00:00,4.5,1256.0,-200.0,25.0,1430.0,255.0,660.0,170.0,2151.0,1380.0,30.8,27.2,1.1832,2004-06-08 19:00:00
08/06/2004,20:00:00,3.8,1213.0,-200.0,21.6,1341.0,210.0,683.0,143.0,2090.0,1601.0,28.8,30.2,1.1761,2004-06-08 20:00:00
08/06/2004,21:00:00,2.8,1145.0,-200.0,15.7,1170.0,157.0,751.0,123.0,1894.0,1376.0,26.7,35.4,1.2233,2004-06-08 21:00:00
08/06/2004,22:00:00,1.7,1050.0,-200.0,10.9,1011.0,96.0,836.0,89.0,1739.0,1161.0,25.3,40.7,1.291,2004-06-08 22:00:00
08/06/2004,23:00:00,1.2,972.0,-200.0,8.1,902.0,59.0,933.0,67.0,1647.0,878.0,24.9,41.2,1.2809,2004-06-08 23:00:00
09/06/2004,00:00:00,1.6,1020.0,-200.0,10.2,984.0,81.0,853.0,81.0,1753.0,1031.0,23.7,45.1,1.3033,2004-06-09 00:00:00
09/06/2004,01:00:00,1.0,934.0,-200.0,7.5,878.0,40.0,940.0,54.0,1644.0,847.0,22.5,49.0,1.3151,2004-06-09 01:00:00
09/06/2004,02:00:00,0.9,914.0,-200.0,5.8,801.0,42.0,965.0,57.0,1609.0,908.0,22.3,50.6,1.3486,2004-06-09 02:00:00
09/06/2004,03:00:00,0.5,824.0,-200.0,3.8,698.0,-200.0,1107.0,-200.0,1517.0,733.0,22.0,50.5,1.3199,2004-06-09 03:00:00
09/06/2004,04:00:00,0.5,817.0,-200.0,3.3,672.0,31.0,1113.0,51.0,1501.0,751.0,20.8,54.4,1.3229,2004-06-09 04:00:00
09/06/2004,05:00:00,0.5,833.0,-200.0,4.0,708.0,54.0,1084.0,58.0,1525.0,799.0,20.3,56.0,1.3204,2004-06-09 05:00:00
09/06/2004,06:00:00,1.0,935.0,-200.0,8.1,905.0,88.0,899.0,69.0,1675.0,954.0,20.5,54.8,1.3073,2004-06-09 06:00:00
09/06/2004,07:00:00,3.5,1297.0,-200.0,22.3,1359.0,261.0,630.0,107.0,2214.0,1425.0,21.7,50.6,1.2981,2004-06-09 07:00:00
09/06/2004,08:00:00,6.4,1496.0,-200.0,36.9,1705.0,357.0,507.0,151.0,2691.0,2147.0,23.4,46.1,1.3091,2004-06-09 08:00:00
09/06/2004,09:00:00,2.9,1201.0,-200.0,17.5,1224.0,265.0,701.0,146.0,1987.0,1532.0,25.1,43.0,1.3488,2004-06-09 09:00:00
09/06/2004,10:00:00,3.4,1267.0,-200.0,19.3,1276.0,247.0,676.0,165.0,2059.0,1570.0,30.1,32.8,1.3795,2004-06-09 10:00:00
09/06/2004,11:00:00,2.8,1224.0,-200.0,17.6,1228.0,189.0,711.0,159.0,1972.0,1380.0,34.7,25.9,1.4069,2004-06-09 11:00:00
09/06/2004,12:00:00,2.8,1247.0,-200.0,18.6,1257.0,168.0,701.0,174.0,2000.0,1337.0,37.2,23.2,1.4478,2004-06-09 12:00:00
09/06/2004,13:00:00,2.8,1183.0,-200.0,18.0,1241.0,183.0,721.0,167.0,1937.0,1308.0,39.5,18.3,1.2917,2004-06-09 13:00:00
09/06/2004,14:00:00,2.3,1078.0,-200.0,14.0,1116.0,157.0,815.0,137.0,1761.0,1013.0,40.6,15.3,1.1485,2004-06-09 14:00:00
09/06/2004,15:00:00,1.8,1076.0,-200.0,10.9,1012.0,113.0,894.0,116.0,1665.0,816.0,40.3,16.1,1.1896,2004-06-09 15:00:00
09/06/2004,16:00:00,2.0,1052.0,-200.0,11.1,1019.0,140.0,896.0,125.0,1610.0,836.0,40.3,14.2,1.0494,2004-06-09 16:00:00
09/06/2004,17:00:00,3.5,1287.0,-200.0,21.6,1340.0,230.0,699.0,194.0,2008.0,1267.0,39.6,16.7,1.1867,2004-06-09 17:00:00
09/06/2004,18:00:00,4.9,1460.0,-200.0,27.6,1493.0,277.0,586.0,222.0,2288.0,1649.0,37.3,23.4,1.4672,2004-06-09 18:00:00
09/06/2004,19:00:00,4.6,1357.0,-200.0,25.6,1445.0,295.0,620.0,206.0,2195.0,1622.0,33.7,27.7,1.4213,2004-06-09 19:00:00
09/06/2004,20:00:00,3.4,1234.0,-200.0,18.6,1257.0,212.0,695.0,162.0,2019.0,1349.0,30.7,32.2,1.3983,2004-06-09 20:00:00
09/06/2004,21:00:00,2.7,1151.0,-200.0,15.2,1154.0,151.0,747.0,132.0,1894.0,1186.0,28.4,35.7,1.3549,2004-06-09 21:00:00
09/06/2004,22:00:00,1.9,1065.0,-200.0,11.7,1038.0,110.0,805.0,107.0,1763.0,1026.0,26.5,38.6,1.3154,2004-06-09 22:00:00
09/06/2004,23:00:00,1.5,984.0,-200.0,8.7,929.0,83.0,917.0,84.0,1654.0,817.0,25.4,40.1,1.2822,2004-06-09 23:00:00
10/06/2004,00:00:00,1.0,938.0,-200.0,7.6,881.0,48.0,956.0,61.0,1607.0,662.0,24.1,43.3,1.2839,2004-06-10 00:00:00
10/06/2004,01:00:00,0.7,878.0,-200.0,5.2,774.0,27.0,1065.0,42.0,1527.0,552.0,23.9,45.6,1.3328,2004-06-10 01:00:00
10/06/2004,02:00:00,1.0,919.0,-200.0,5.9,807.0,48.0,967.0,66.0,1598.0,775.0,22.0,52.8,1.3752,2004-06-10 02:00:00
10/06/2004,03:00:00,0.6,836.0,-200.0,4.0,709.0,-200.0,1085.0,-200.0,1498.0,646.0,20.7,56.1,1.3565,2004-06-10 03:00:00
10/06/2004,04:00:00,-200.0,814.0,-200.0,3.3,673.0,33.0,1138.0,50.0,1488.0,647.0,20.1,57.3,1.3352,2004-06-10 04:00:00
10/06/2004,05:00:00,0.9,872.0,-200.0,5.4,782.0,75.0,1001.0,76.0,1607.0,874.0,19.5,59.4,1.3328,2004-06-10 05:00:00
10/06/2004,06:00:00,1.2,949.0,-200.0,8.7,929.0,101.0,887.0,78.0,1711.0,973.0,20.0,56.6,1.3095,2004-06-10 06:00:00
10/06/2004,07:00:00,2.9,1227.0,-200.0,19.9,1292.0,214.0,661.0,104.0,2087.0,1327.0,21.7,53.9,1.3848,2004-06-10 07:00:00
10/06/2004,08:00:00,4.8,1360.0,-200.0,30.4,1561.0,290.0,545.0,139.0,2525.0,1626.0,23.7,49.0,1.4152,2004-06-10 08:00:00
10/06/2004,09:00:00,4.3,1318.0,-200.0,24.6,1420.0,311.0,586.0,166.0,2316.0,1640.0,25.9,44.3,1.4544,2004-06-10 09:00:00
10/06/2004,10:00:00,3.1,1196.0,-200.0,16.9,1208.0,234.0,705.0,151.0,1981.0,1341.0,30.1,34.3,1.4414,2004-06-10 10:00:00
10/06/2004,11:00:00,2.4,1152.0,-200.0,13.6,1102.0,157.0,770.0,134.0,1868.0,1113.0,33.5,27.2,1.3859,2004-06-10 11:00:00
10/06/2004,12:00:00,2.8,1220.0,-200.0,15.3,1157.0,165.0,715.0,148.0,1935.0,1224.0,35.4,26.1,1.4806,2004-06-10 12:00:00
10/06/2004,13:00:00,2.5,1182.0,-200.0,14.1,1120.0,137.0,735.0,126.0,1893.0,1095.0,37.9,23.2,1.502,2004-06-10 13:00:00
10/06/2004,14:00:00,2.6,1167.0,-200.0,17.0,1210.0,149.0,719.0,144.0,1944.0,1152.0,39.7,18.7,1.3306,2004-06-10 14:00:00
10/06/2004,15:00:00,2.3,1142.0,-200.0,13.8,1109.0,140.0,782.0,133.0,1789.0,1047.0,40.4,17.2,1.2774,2004-06-10 15:00:00
10/06/2004,16:00:00,2.4,1157.0,-200.0,13.6,1105.0,139.0,779.0,139.0,1792.0,982.0,40.0,18.8,1.363,2004-06-10 16:00:00
10/06/2004,17:00:00,3.5,1274.0,-200.0,21.2,1329.0,221.0,670.0,178.0,2054.0,1320.0,38.9,18.8,1.29,2004-06-10 17:00:00
10/06/2004,18:00:00,4.8,1372.0,-200.0,25.9,1451.0,318.0,631.0,206.0,2183.0,1541.0,35.8,22.1,1.2792,2004-06-10 18:00:00
10/06/2004,19:00:00,5.1,1373.0,-200.0,25.4,1440.0,363.0,635.0,211.0,2183.0,1510.0,33.1,25.9,1.2923,2004-06-10 19:00:00
10/06/2004,20:00:00,4.7,1290.0,-200.0,23.6,1393.0,341.0,655.0,180.0,2146.0,1511.0,30.9,28.2,1.2388,2004-06-10 20:00:00
10/06/2004,21:00:00,2.4,1056.0,-200.0,12.0,1051.0,163.0,826.0,116.0,1758.0,1078.0,27.5,32.6,1.176,2004-06-10 21:00:00
10/06/2004,22:00:00,2.5,1116.0,-200.0,14.2,1123.0,157.0,768.0,118.0,1826.0,1235.0,26.3,34.3,1.1605,2004-06-10 22:00:00
10/06/2004,23:00:00,2.7,1106.0,-200.0,14.2,1122.0,202.0,783.0,115.0,1813.0,1202.0,25.5,34.1,1.0968,2004-06-10 23:00:00
11/06/2004,00:00:00,1.5,1018.0,-200.0,10.4,992.0,102.0,839.0,96.0,1710.0,1103.0,24.7,39.3,1.2065,2004-06-11 00:00:00
11/06/2004,01:00:00,1.1,919.0,-200.0,7.5,880.0,70.0,915.0,86.0,1628.0,1013.0,24.2,39.5,1.1764,2004-06-11 01:00:00
11/06/2004,02:00:00,0.6,807.0,-200.0,3.5,681.0,41.0,1092.0,65.0,1435.0,765.0,24.8,37.8,1.1639,2004-06-11 02:00:00
11/06/2004,03:00:00,0.5,787.0,-200.0,2.5,620.0,-200.0,1176.0,-200.0,1403.0,618.0,22.7,43.8,1.1952,2004-06-11 03:00:00
11/06/2004,04:00:00,0.4,789.0,-200.0,2.6,623.0,36.0,1146.0,53.0,1407.0,663.0,22.0,44.3,1.1553,2004-06-11 04:00:00
11/06/2004,05:00:00,0.6,825.0,-200.0,4.0,709.0,68.0,1050.0,74.0,1491.0,813.0,19.3,51.4,1.1364,2004-06-11 05:00:00
11/06/2004,06:00:00,1.0,912.0,-200.0,7.0,858.0,92.0,923.0,69.0,1608.0,894.0,19.8,50.4,1.1525,2004-06-11 06:00:00
11/06/2004,07:00:00,4.6,1339.0,-200.0,24.8,1425.0,332.0,595.0,131.0,2264.0,1495.0,20.5,48.2,1.1474,2004-06-11 07:00:00
11/06/2004,08:00:00,4.8,1355.0,-200.0,28.9,1526.0,333.0,567.0,134.0,2397.0,1658.0,22.8,42.7,1.1667,2004-06-11 08:00:00
11/06/2004,09:00:00,4.0,1250.0,-200.0,21.5,1336.0,298.0,632.0,148.0,2104.0,1506.0,25.6,35.8,1.1548,2004-06-11 09:00:00
11/06/2004,10:00:00,-200.0,1105.0,-200.0,12.9,1079.0,-200.0,788.0,-200.0,1774.0,1168.0,30.0,27.5,1.1509,2004-06-11 10:00:00
11/06/2004,11:00:00,2.0,1076.0,-200.0,12.2,1055.0,146.0,817.0,-200.0,1734.0,993.0,34.4,21.0,1.1248,2004-06-11 11:00:00
11/06/2004,12:00:00,2.0,1096.0,-200.0,13.1,1087.0,120.0,801.0,111.0,1759.0,910.0,35.9,19.6,1.1422,2004-06-11 12:00:00
11/06/2004,13:00:00,2.0,1093.0,-200.0,13.3,1094.0,108.0,797.0,110.0,1769.0,912.0,37.2,18.2,1.1389,2004-06-11 13:00:00
11/06/2004,14:00:00,1.9,1027.0,-200.0,12.5,1066.0,109.0,837.0,110.0,1689.0,814.0,37.3,16.6,1.0435,2004-06-11 14:00:00
11/06/2004,15:00:00,1.9,1026.0,-200.0,13.0,1085.0,124.0,848.0,116.0,1654.0,1341.0,37.4,14.9,0.9413,2004-06-11 15:00:00
11/06/2004,16:00:00,1.9,1015.0,-200.0,12.3,1062.0,127.0,877.0,120.0,1668.0,847.0,36.4,15.1,0.9005,2004-06-11 16:00:00
11/06/2004,17:00:00,2.6,1028.0,-200.0,15.2,1155.0,185.0,832.0,142.0,1691.0,925.0,35.4,14.7,0.8323,2004-06-11 17:00:00
11/06/2004,18:00:00,3.2,1074.0,-200.0,19.1,1270.0,230.0,776.0,146.0,1833.0,1087.0,34.2,14.2,0.7502,2004-06-11 18:00:00
11/06/2004,19:00:00,3.4,1124.0,-200.0,19.7,1289.0,265.0,765.0,153.0,1863.0,1132.0,31.1,18.7,0.8302,2004-06-11 19:00:00
11/06/2004,20:00:00,3.4,1111.0,-200.0,18.6,1256.0,261.0,765.0,158.0,1851.0,1197.0,29.1,22.0,0.8702,2004-06-11 20:00:00
11/06/2004,21:00:00,2.9,1062.0,-200.0,16.1,1183.0,219.0,794.0,140.0,1731.0,1229.0,27.2,22.5,0.7962,2004-06-11 21:00:00
11/06/2004,22:00:00,2.7,1072.0,-200.0,15.0,1148.0,180.0,805.0,127.0,1683.0,1171.0,25.3,24.6,0.7796,2004-06-11 22:00:00
11/06/2004,23:00:00,1.3,936.0,-200.0,7.3,871.0,108.0,990.0,97.0,1430.0,921.0,24.9,27.2,0.8429,2004-06-11 23:00:00
12/06/2004,00:00:00,1.3,988.0,-200.0,8.9,937.0,98.0,894.0,91.0,1543.0,1008.0,23.5,32.2,0.922,2004-06-12 00:00:00
12/06/2004,01:00:00,0.9,924.0,-200.0,6.6,839.0,57.0,957.0,68.0,1453.0,849.0,23.5,32.7,0.9349,2004-06-12 01:00:00
12/06/2004,02:00:00,0.6,839.0,-200.0,4.3,725.0,36.0,1052.0,52.0,1368.0,668.0,24.1,32.0,0.9467,2004-06-12 02:00:00
12/06/2004,03:00:00,0.5,826.0,-200.0,3.2,666.0,-200.0,1109.0,-200.0,1349.0,641.0,22.6,34.8,0.9441,2004-06-12 03:00:00
12/06/2004,04:00:00,0.5,853.0,-200.0,4.1,716.0,45.0,1047.0,58.0,1414.0,707.0,20.8,40.2,0.9725,2004-06-12 04:00:00
12/06/2004,05:00:00,0.9,918.0,-200.0,6.0,810.0,87.0,936.0,78.0,1524.0,939.0,18.8,46.6,1.0027,2004-06-12 05:00:00
12/06/2004,06:00:00,0.7,890.0,-200.0,5.6,791.0,62.0,950.0,61.0,1489.0,886.0,19.8,46.0,1.0524,2004-06-12 06:00:00
12/06/2004,07:00:00,0.6,865.0,-200.0,4.8,752.0,65.0,996.0,64.0,1451.0,837.0,21.3,42.3,1.0625,2004-06-12 07:00:00
12/06/2004,08:00:00,1.3,1003.0,-200.0,8.9,937.0,125.0,850.0,81.0,1622.0,1005.0,21.3,41.8,1.0449,2004-06-12 08:00:00
12/06/2004,09:00:00,1.9,1123.0,-200.0,13.1,1088.0,157.0,746.0,92.0,1789.0,1191.0,24.0,36.6,1.0772,2004-06-12 09:00:00
12/06/2004,10:00:00,2.1,1146.0,-200.0,14.1,1119.0,171.0,746.0,101.0,1823.0,1200.0,27.2,30.7,1.0884,2004-06-12 10:00:00
12/06/2004,11:00:00,1.8,1110.0,-200.0,11.2,1021.0,119.0,820.0,96.0,1724.0,971.0,32.3,23.6,1.1271,2004-06-12 11:00:00
12/06/2004,12:00:00,1.8,1126.0,-200.0,10.0,979.0,110.0,849.0,101.0,1700.0,907.0,31.9,25.8,1.2023,2004-06-12 12:00:00
12/06/2004,13:00:00,1.6,1067.0,-200.0,9.6,962.0,95.0,860.0,91.0,1658.0,802.0,35.1,21.8,1.2093,2004-06-12 13:00:00
12/06/2004,14:00:00,1.2,1008.0,-200.0,7.2,866.0,58.0,937.0,68.0,1573.0,695.0,36.0,20.5,1.1995,2004-06-12 14:00:00
12/06/2004,15:00:00,1.2,1062.0,-200.0,8.6,924.0,69.0,892.0,76.0,1683.0,777.0,37.0,20.1,1.2423,2004-06-12 15:00:00
12/06/2004,16:00:00,1.4,1082.0,-200.0,9.0,939.0,76.0,869.0,84.0,1678.0,818.0,36.4,21.0,1.2515,2004-06-12 16:00:00
12/06/2004,17:00:00,1.3,1042.0,-200.0,7.9,897.0,63.0,901.0,76.0,1605.0,681.0,35.2,22.6,1.267,2004-06-12 17:00:00
12/06/2004,18:00:00,1.1,1022.0,-200.0,6.2,823.0,51.0,964.0,61.0,1599.0,631.0,32.5,27.6,1.3229,2004-06-12 18:00:00
12/06/2004,19:00:00,1.1,1024.0,-200.0,6.3,828.0,46.0,936.0,52.0,1601.0,641.0,29.1,35.1,1.3919,2004-06-12 19:00:00
12/06/2004,20:00:00,1.1,1048.0,-200.0,6.3,828.0,52.0,922.0,59.0,1618.0,683.0,26.9,39.7,1.3898,2004-06-12 20:00:00
12/06/2004,21:00:00,1.8,1153.0,-200.0,11.2,1022.0,84.0,765.0,89.0,1806.0,1013.0,26.1,42.2,1.4039,2004-06-12 21:00:00
12/06/2004,22:00:00,2.3,1195.0,-200.0,12.8,1077.0,130.0,731.0,113.0,1860.0,1151.0,25.5,43.8,1.4095,2004-06-12 22:00:00
12/06/2004,23:00:00,2.6,1245.0,-200.0,13.2,1091.0,147.0,734.0,112.0,1870.0,1134.0,24.9,45.6,1.4135,2004-06-12 23:00:00
13/06/2004,00:00:00,2.0,1086.0,-200.0,9.2,946.0,126.0,847.0,89.0,1729.0,945.0,25.2,45.2,1.4262,2004-06-13 00:00:00
13/06/2004,01:00:00,1.0,972.0,-200.0,5.8,804.0,47.0,955.0,53.0,1620.0,734.0,25.4,45.5,1.457,2004-06-13 01:00:00
13/06/2004,02:00:00,0.6,880.0,-200.0,3.4,677.0,24.0,1109.0,36.0,1500.0,554.0,26.2,43.6,1.4599,2004-06-13 02:00:00
13/06/2004,03:00:00,0.6,906.0,-200.0,4.1,719.0,-200.0,1050.0,-200.0,1561.0,612.0,24.3,48.2,1.4476,2004-06-13 03:00:00
13/06/2004,04:00:00,0.5,879.0,-200.0,3.1,658.0,25.0,1121.0,39.0,1511.0,564.0,24.4,48.3,1.4499,2004-06-13 04:00:00
13/06/2004,05:00:00,0.4,842.0,-200.0,2.2,597.0,21.0,1237.0,33.0,1444.0,512.0,23.3,51.0,1.4346,2004-06-13 05:00:00
13/06/2004,06:00:00,0.4,797.0,-200.0,1.5,543.0,25.0,1466.0,37.0,1347.0,410.0,21.6,48.1,1.2259,2004-06-13 06:00:00
13/06/2004,07:00:00,0.4,796.0,-200.0,1.3,526.0,25.0,1534.0,36.0,1322.0,392.0,21.4,47.8,1.2005,2004-06-13 07:00:00
13/06/2004,08:00:00,0.4,767.0,-200.0,1.2,520.0,30.0,1526.0,42.0,1287.0,377.0,20.5,46.8,1.1152,2004-06-13 08:00:00
13/06/2004,09:00:00,0.5,784.0,-200.0,1.7,562.0,42.0,1460.0,52.0,1286.0,389.0,20.8,40.7,0.9882,2004-06-13 09:00:00
13/06/2004,10:00:00,0.6,811.0,-200.0,2.5,622.0,52.0,1315.0,60.0,1307.0,432.0,22.3,35.3,0.9371,2004-06-13 10:00:00
13/06/2004,11:00:00,0.7,838.0,-200.0,2.5,620.0,62.0,1292.0,74.0,1325.0,502.0,21.7,38.3,0.9842,2004-06-13 11:00:00
13/06/2004,12:00:00,0.7,821.0,-200.0,2.7,632.0,67.0,1295.0,65.0,1302.0,469.0,24.4,29.6,0.8921,2004-06-13 12:00:00
13/06/2004,13:00:00,0.6,793.0,-200.0,1.9,579.0,47.0,1380.0,52.0,1303.0,427.0,23.4,34.9,0.991,2004-06-13 13:00:00
13/06/2004,14:00:00,0.5,794.0,-200.0,1.8,567.0,35.0,1426.0,40.0,1306.0,406.0,23.5,35.2,1.0019,2004-06-13 14:00:00
13/06/2004,15:00:00,0.6,821.0,-200.0,2.4,614.0,45.0,1309.0,49.0,1350.0,430.0,22.4,39.0,1.04,2004-06-13 15:00:00
13/06/2004,16:00:00,0.8,849.0,-200.0,2.6,628.0,53.0,1274.0,56.0,1379.0,453.0,22.0,41.7,1.0865,2004-06-13 16:00:00
13/06/2004,17:00:00,0.8,852.0,-200.0,3.0,651.0,57.0,1246.0,59.0,1387.0,470.0,21.7,42.7,1.0949,2004-06-13 17:00:00
13/06/2004,18:00:00,1.0,847.0,-200.0,2.9,645.0,71.0,1245.0,68.0,1364.0,480.0,20.7,43.4,1.047,2004-06-13 18:00:00
13/06/2004,19:00:00,1.0,849.0,-200.0,3.5,682.0,67.0,1215.0,72.0,1378.0,472.0,20.3,42.6,1.0045,2004-06-13 19:00:00
13/06/2004,20:00:00,1.0,865.0,-200.0,3.6,687.0,75.0,1191.0,78.0,1388.0,521.0,20.3,44.1,1.0392,2004-06-13 20:00:00
13/06/2004,21:00:00,0.9,848.0,-200.0,3.6,689.0,65.0,1180.0,71.0,1403.0,520.0,20.1,45.2,1.0538,2004-06-13 21:00:00
13/06/2004,22:00:00,0.7,807.0,-200.0,2.3,606.0,45.0,1340.0,54.0,1337.0,440.0,19.8,45.7,1.0424,2004-06-13 22:00:00
13/06/2004,23:00:00,0.8,814.0,-200.0,2.6,627.0,46.0,1305.0,57.0,1351.0,446.0,19.6,45.3,1.0244,2004-06-13 23:00:00
14/06/2004,00:00:00,0.7,785.0,-200.0,2.0,582.0,33.0,1377.0,45.0,1311.0,417.0,19.4,45.9,1.0242,2004-06-14 00:00:00
14/06/2004,01:00:00,0.5,748.0,-200.0,1.2,515.0,19.0,1580.0,30.0,1261.0,381.0,19.7,44.8,1.0172,2004-06-14 01:00:00
14/06/2004,02:00:00,0.3,716.0,-200.0,0.7,461.0,9.0,1795.0,16.0,1235.0,350.0,19.5,46.3,1.0363,2004-06-14 02:00:00
14/06/2004,03:00:00,0.3,708.0,-200.0,0.5,437.0,-200.0,1941.0,-200.0,1227.0,334.0,19.0,49.0,1.063,2004-06-14 03:00:00
14/06/2004,04:00:00,-200.0,724.0,-200.0,0.5,448.0,12.0,1917.0,18.0,1256.0,346.0,19.1,50.7,1.109,2004-06-14 04:00:00
14/06/2004,05:00:00,0.3,748.0,-200.0,0.8,477.0,21.0,1703.0,28.0,1301.0,380.0,19.1,52.7,1.1545,2004-06-14 05:00:00
14/06/2004,06:00:00,0.7,888.0,-200.0,3.5,683.0,66.0,1196.0,62.0,1483.0,563.0,20.3,49.3,1.1596,2004-06-14 06:00:00
14/06/2004,07:00:00,1.5,973.0,-200.0,7.0,858.0,137.0,941.0,92.0,1584.0,779.0,21.1,46.2,1.1389,2004-06-14 07:00:00
14/06/2004,08:00:00,1.8,993.0,-200.0,8.7,927.0,151.0,886.0,96.0,1665.0,842.0,21.5,44.5,1.129,2004-06-14 08:00:00
14/06/2004,09:00:00,1.4,929.0,-200.0,6.3,825.0,115.0,992.0,87.0,1561.0,692.0,22.4,43.6,1.1637,2004-06-14 09:00:00
14/06/2004,10:00:00,1.5,962.0,-200.0,7.0,858.0,118.0,941.0,84.0,1613.0,779.0,24.8,39.1,1.2039,2004-06-14 10:00:00
14/06/2004,11:00:00,1.2,906.0,-200.0,5.5,786.0,95.0,1026.0,73.0,1538.0,633.0,23.9,42.1,1.2335,2004-06-14 11:00:00
14/06/2004,12:00:00,1.2,915.0,-200.0,5.3,776.0,86.0,1029.0,72.0,1544.0,616.0,25.5,38.3,1.2328,2004-06-14 12:00:00
14/06/2004,13:00:00,1.3,928.0,-200.0,5.5,787.0,85.0,1012.0,68.0,1585.0,606.0,25.4,39.2,1.2534,2004-06-14 13:00:00
14/06/2004,14:00:00,1.0,855.0,-200.0,3.8,698.0,66.0,1134.0,62.0,1449.0,526.0,25.6,37.0,1.2006,2004-06-14 14:00:00
14/06/2004,15:00:00,1.4,920.0,-200.0,5.4,783.0,74.0,1046.0,70.0,1550.0,588.0,24.5,38.4,1.1669,2004-06-14 15:00:00
14/06/2004,16:00:00,1.6,917.0,-200.0,6.7,842.0,108.0,985.0,83.0,1563.0,674.0,23.9,39.9,1.1639,2004-06-14 16:00:00
14/06/2004,17:00:00,2.7,1072.0,-200.0,12.2,1057.0,150.0,812.0,92.0,1820.0,885.0,24.2,39.2,1.1665,2004-06-14 17:00:00
14/06/2004,18:00:00,2.3,1000.0,-200.0,10.2,985.0,157.0,846.0,103.0,1726.0,879.0,23.5,41.2,1.1759,2004-06-14 18:00:00
14/06/2004,19:00:00,1.5,914.0,-200.0,6.7,845.0,93.0,972.0,82.0,1583.0,703.0,22.3,44.9,1.1973,2004-06-14 19:00:00
14/06/2004,20:00:00,1.4,888.0,-200.0,5.7,799.0,76.0,1023.0,74.0,1531.0,637.0,21.7,46.5,1.1917,2004-06-14 20:00:00
14/06/2004,21:00:00,1.0,851.0,-200.0,4.1,718.0,57.0,1134.0,67.0,1471.0,561.0,22.0,44.9,1.1699,2004-06-14 21:00:00
14/06/2004,22:00:00,1.1,870.0,-200.0,4.7,749.0,64.0,1096.0,74.0,1487.0,612.0,22.2,44.1,1.1654,2004-06-14 22:00:00
14/06/2004,23:00:00,1.2,883.0,-200.0,5.2,773.0,59.0,1062.0,72.0,1514.0,621.0,21.8,45.6,1.1763,2004-06-14 23:00:00
15/06/2004,00:00:00,1.2,886.0,-200.0,5.1,767.0,68.0,1055.0,79.0,1532.0,702.0,21.6,46.0,1.1742,2004-06-15 00:00:00
15/06/2004,01:00:00,0.7,792.0,-200.0,2.8,637.0,31.0,1249.0,43.0,1400.0,559.0,21.6,45.8,1.1715,2004-06-15 01:00:00
15/06/2004,02:00:00,0.5,754.0,-200.0,1.4,535.0,21.0,1490.0,33.0,1335.0,435.0,20.7,48.3,1.168,2004-06-15 02:00:00
15/06/2004,03:00:00,0.4,732.0,-200.0,1.0,503.0,-200.0,1525.0,-200.0,1321.0,441.0,21.0,47.1,1.1546,2004-06-15 03:00:00
15/06/2004,04:00:00,0.4,770.0,-200.0,2.0,586.0,24.0,1326.0,38.0,1392.0,527.0,20.8,48.5,1.18,2004-06-15 04:00:00
15/06/2004,05:00:00,0.5,797.0,-200.0,3.0,654.0,38.0,1097.0,51.0,1450.0,720.0,20.8,49.4,1.1994,2004-06-15 05:00:00
15/06/2004,06:00:00,1.0,915.0,-200.0,7.5,877.0,92.0,897.0,69.0,1651.0,937.0,19.9,51.8,1.1911,2004-06-15 06:00:00
15/06/2004,07:00:00,4.4,1287.0,-200.0,24.7,1423.0,311.0,610.0,116.0,2319.0,1482.0,20.9,49.3,1.2049,2004-06-15 07:00:00
15/06/2004,08:00:00,4.0,1195.0,-200.0,24.8,1424.0,260.0,609.0,119.0,2244.0,1489.0,23.7,39.9,1.1508,2004-06-15 08:00:00
15/06/2004,09:00:00,2.4,1003.0,-200.0,10.9,1009.0,181.0,823.0,96.0,1710.0,1015.0,25.3,35.8,1.1421,2004-06-15 09:00:00
15/06/2004,10:00:00,2.1,1037.0,-200.0,11.9,1046.0,177.0,838.0,109.0,1763.0,1004.0,28.8,29.1,1.1349,2004-06-15 10:00:00
15/06/2004,11:00:00,2.7,1114.0,-200.0,16.0,1181.0,180.0,747.0,115.0,1928.0,1129.0,30.3,26.9,1.1399,2004-06-15 11:00:00
15/06/2004,12:00:00,2.8,1085.0,-200.0,15.7,1171.0,174.0,767.0,118.0,1863.0,1068.0,32.8,23.3,1.138,2004-06-15 12:00:00
15/06/2004,13:00:00,2.3,1024.0,-200.0,13.1,1087.0,140.0,824.0,118.0,1745.0,924.0,33.9,21.4,1.1135,2004-06-15 13:00:00
15/06/2004,14:00:00,2.0,1017.0,-200.0,12.2,1057.0,122.0,859.0,112.0,1698.0,861.0,35.3,19.6,1.1036,2004-06-15 14:00:00
15/06/2004,15:00:00,2.6,1053.0,-200.0,15.8,1173.0,189.0,785.0,140.0,1808.0,981.0,34.0,20.8,1.0898,2004-06-15 15:00:00
15/06/2004,16:00:00,2.7,1065.0,-200.0,16.6,1198.0,169.0,766.0,137.0,1852.0,1043.0,35.3,18.8,1.0572,2004-06-15 16:00:00
15/06/2004,17:00:00,3.1,1136.0,-200.0,18.4,1250.0,172.0,722.0,143.0,1940.0,1124.0,32.6,24.1,1.1688,2004-06-15 17:00:00
15/06/2004,18:00:00,3.1,1100.0,-200.0,16.7,1202.0,154.0,732.0,148.0,1856.0,1004.0,30.8,28.7,1.2507,2004-06-15 18:00:00
15/06/2004,19:00:00,3.6,1143.0,-200.0,20.8,1319.0,192.0,673.0,158.0,2001.0,1190.0,28.7,31.2,1.2099,2004-06-15 19:00:00
15/06/2004,20:00:00,2.9,1083.0,-200.0,15.3,1157.0,160.0,742.0,127.0,1884.0,1072.0,26.8,35.1,1.2201,2004-06-15 20:00:00
15/06/2004,21:00:00,2.2,1009.0,-200.0,11.5,1034.0,110.0,806.0,109.0,1763.0,925.0,25.3,39.4,1.2524,2004-06-15 21:00:00
15/06/2004,22:00:00,2.0,969.0,-200.0,10.1,983.0,97.0,853.0,101.0,1680.0,862.0,23.9,40.9,1.1966,2004-06-15 22:00:00
15/06/2004,23:00:00,2.1,1029.0,-200.0,10.4,993.0,124.0,816.0,114.0,1728.0,969.0,23.0,44.4,1.2354,2004-06-15 23:00:00
16/06/2004,00:00:00,1.9,1064.0,-200.0,9.4,956.0,108.0,812.0,104.0,1770.0,932.0,22.2,53.9,1.4237,2004-06-16 00:00:00
16/06/2004,01:00:00,1.4,986.0,-200.0,6.9,853.0,61.0,865.0,81.0,1645.0,794.0,20.9,59.8,1.4659,2004-06-16 01:00:00
16/06/2004,02:00:00,0.8,872.0,-200.0,4.0,709.0,34.0,1034.0,51.0,1522.0,599.0,21.3,58.1,1.457,2004-06-16 02:00:00
16/06/2004,03:00:00,0.6,840.0,-200.0,3.0,654.0,-200.0,1124.0,-200.0,1489.0,614.0,20.8,58.4,1.4189,2004-06-16 03:00:00
16/06/2004,04:00:00,0.6,812.0,-200.0,2.6,626.0,24.0,1134.0,40.0,1471.0,625.0,20.3,58.9,1.3878,2004-06-16 04:00:00
16/06/2004,05:00:00,0.5,810.0,-200.0,2.4,612.0,27.0,1163.0,34.0,1462.0,595.0,21.3,54.5,1.3682,2004-06-16 05:00:00
16/06/2004,06:00:00,1.0,936.0,-200.0,6.8,849.0,70.0,882.0,61.0,1640.0,886.0,20.6,57.4,1.3753,2004-06-16 06:00:00
16/06/2004,07:00:00,2.7,1244.0,-200.0,18.9,1265.0,176.0,640.0,95.0,2084.0,1257.0,21.3,56.9,1.4226,2004-06-16 07:00:00
16/06/2004,08:00:00,5.0,1440.0,-200.0,30.2,1556.0,310.0,517.0,142.0,2530.0,1561.0,22.9,52.4,1.4442,2004-06-16 08:00:00
16/06/2004,09:00:00,3.3,1180.0,-200.0,14.9,1145.0,221.0,713.0,128.0,1929.0,1191.0,24.1,46.5,1.3802,2004-06-16 09:00:00
16/06/2004,10:00:00,2.4,1126.0,-200.0,12.2,1058.0,168.0,765.0,115.0,1879.0,1061.0,27.1,38.8,1.3705,2004-06-16 10:00:00
16/06/2004,11:00:00,1.7,1005.0,-200.0,8.3,910.0,109.0,881.0,84.0,1670.0,751.0,28.4,34.4,1.314,2004-06-16 11:00:00
16/06/2004,12:00:00,1.7,1032.0,-200.0,9.0,940.0,102.0,862.0,85.0,1703.0,733.0,30.1,30.9,1.2958,2004-06-16 12:00:00
16/06/2004,13:00:00,2.4,1087.0,-200.0,13.7,1106.0,129.0,755.0,110.0,1839.0,906.0,32.7,25.8,1.2547,2004-06-16 13:00:00
16/06/2004,14:00:00,2.2,1090.0,-200.0,14.1,1119.0,117.0,756.0,107.0,1811.0,902.0,32.4,25.7,1.2271,2004-06-16 14:00:00
16/06/2004,15:00:00,2.2,1072.0,-200.0,12.0,1050.0,112.0,802.0,107.0,1748.0,836.0,33.6,24.4,1.2472,2004-06-16 15:00:00
16/06/2004,16:00:00,2.3,1101.0,-200.0,12.2,1057.0,122.0,797.0,113.0,1772.0,863.0,33.0,26.0,1.2877,2004-06-16 16:00:00
16/06/2004,17:00:00,2.6,1111.0,-200.0,13.1,1086.0,114.0,787.0,107.0,1802.0,824.0,33.2,23.7,1.1855,2004-06-16 17:00:00
16/06/2004,18:00:00,2.3,1048.0,-200.0,12.6,1070.0,111.0,807.0,106.0,1737.0,842.0,31.3,25.4,1.1415,2004-06-16 18:00:00
16/06/2004,19:00:00,3.3,1197.0,-200.0,18.3,1249.0,158.0,698.0,125.0,1986.0,1132.0,28.3,31.7,1.1968,2004-06-16 19:00:00
16/06/2004,20:00:00,3.5,1173.0,-200.0,17.2,1217.0,202.0,695.0,139.0,1930.0,1175.0,26.5,35.0,1.1981,2004-06-16 20:00:00
16/06/2004,21:00:00,2.5,1075.0,-200.0,12.9,1079.0,166.0,764.0,117.0,1798.0,1111.0,24.4,40.0,1.2079,2004-06-16 21:00:00
16/06/2004,22:00:00,2.5,1067.0,-200.0,13.7,1106.0,143.0,745.0,107.0,1840.0,1125.0,23.3,43.4,1.2251,2004-06-16 22:00:00
16/06/2004,23:00:00,2.4,1060.0,-200.0,13.4,1099.0,122.0,742.0,98.0,1838.0,1077.0,22.5,45.3,1.2226,2004-06-16 23:00:00
17/06/2004,00:00:00,2.5,1081.0,-200.0,13.5,1099.0,113.0,749.0,97.0,1854.0,1087.0,21.8,47.8,1.2325,2004-06-17 00:00:00
17/06/2004,01:00:00,2.1,1017.0,-200.0,9.9,975.0,109.0,822.0,95.0,1722.0,1014.0,20.9,51.0,1.2446,2004-06-17 01:00:00
17/06/2004,02:00:00,1.0,836.0,-200.0,4.4,734.0,53.0,1035.0,68.0,1501.0,801.0,20.8,51.7,1.2572,2004-06-17 02:00:00
17/06/2004,03:00:00,0.8,831.0,-200.0,4.3,727.0,-200.0,1038.0,-200.0,1522.0,802.0,19.3,57.1,1.2661,2004-06-17 03:00:00
17/06/2004,04:00:00,-200.0,804.0,-200.0,3.3,668.0,32.0,1102.0,51.0,1479.0,753.0,18.8,58.6,1.2581,2004-06-17 04:00:00
17/06/2004,05:00:00,0.5,798.0,-200.0,3.4,677.0,35.0,1092.0,44.0,1473.0,696.0,20.2,53.8,1.2569,2004-06-17 05:00:00
17/06/2004,06:00:00,1.3,966.0,-200.0,9.3,951.0,123.0,812.0,77.0,1735.0,996.0,18.3,60.8,1.2635,2004-06-17 06:00:00
17/06/2004,07:00:00,3.6,1277.0,-200.0,23.4,1388.0,254.0,611.0,100.0,2241.0,1513.0,20.2,54.5,1.2777,2004-06-17 07:00:00
17/06/2004,08:00:00,4.8,1335.0,-200.0,27.7,1496.0,300.0,562.0,125.0,2385.0,1598.0,21.9,49.9,1.2957,2004-06-17 08:00:00
17/06/2004,09:00:00,3.7,1297.0,-200.0,22.1,1353.0,281.0,588.0,154.0,2128.0,1690.0,25.2,43.0,1.3548,2004-06-17 09:00:00
17/06/2004,10:00:00,1.9,1041.0,-200.0,10.0,979.0,169.0,837.0,125.0,1705.0,1053.0,28.0,36.6,1.3603,2004-06-17 10:00:00
17/06/2004,11:00:00,1.7,1027.0,-200.0,8.9,936.0,152.0,867.0,117.0,1696.0,931.0,27.1,38.3,1.3548,2004-06-17 11:00:00
17/06/2004,12:00:00,1.9,1037.0,-200.0,9.8,969.0,127.0,841.0,105.0,1728.0,865.0,27.4,37.0,1.3319,2004-06-17 12:00:00
17/06/2004,13:00:00,1.8,1014.0,-200.0,9.4,954.0,118.0,865.0,103.0,1697.0,818.0,29.4,32.9,1.3244,2004-06-17 13:00:00
17/06/2004,14:00:00,1.7,1007.0,-200.0,9.8,971.0,120.0,866.0,106.0,1682.0,802.0,31.3,28.7,1.2885,2004-06-17 14:00:00
17/06/2004,15:00:00,1.8,998.0,-200.0,9.5,958.0,125.0,881.0,107.0,1657.0,778.0,31.5,28.7,1.3058,2004-06-17 15:00:00
17/06/2004,16:00:00,1.7,1014.0,-200.0,9.5,958.0,117.0,878.0,102.0,1684.0,767.0,30.9,30.3,1.3306,2004-06-17 16:00:00
17/06/2004,17:00:00,2.8,1157.0,-200.0,15.4,1160.0,166.0,738.0,124.0,1936.0,1000.0,31.4,30.3,1.3689,2004-06-17 17:00:00
17/06/2004,18:00:00,3.6,1225.0,-200.0,19.4,1281.0,180.0,683.0,133.0,2082.0,1143.0,30.7,31.4,1.3686,2004-06-17 18:00:00
17/06/2004,19:00:00,3.3,1131.0,-200.0,16.5,1194.0,172.0,726.0,125.0,1907.0,1009.0,29.0,33.4,1.3169,2004-06-17 19:00:00
17/06/2004,20:00:00,2.9,1111.0,-200.0,14.3,1126.0,160.0,754.0,124.0,1883.0,1076.0,27.3,37.5,1.342,2004-06-17 20:00:00
17/06/2004,21:00:00,1.7,976.0,-200.0,8.2,909.0,103.0,878.0,97.0,1675.0,830.0,25.8,40.9,1.3389,2004-06-17 21:00:00
17/06/2004,22:00:00,1.7,1016.0,-200.0,8.7,929.0,87.0,868.0,94.0,1724.0,853.0,25.2,43.0,1.358,2004-06-17 22:00:00
17/06/2004,23:00:00,2.8,1177.0,-200.0,15.2,1156.0,147.0,684.0,120.0,1983.0,1310.0,24.6,45.8,1.394,2004-06-17 23:00:00
18/06/2004,00:00:00,1.8,1013.0,-200.0,10.6,999.0,120.0,791.0,105.0,1751.0,1119.0,24.0,47.3,1.3914,2004-06-18 00:00:00
18/06/2004,01:00:00,1.0,886.0,-200.0,6.0,813.0,63.0,936.0,81.0,1592.0,918.0,23.5,48.3,1.3777,2004-06-18 01:00:00
18/06/2004,02:00:00,0.5,791.0,-200.0,3.1,658.0,30.0,1140.0,43.0,1467.0,609.0,24.0,45.8,1.3467,2004-06-18 02:00:00
18/06/2004,03:00:00,0.4,762.0,-200.0,2.5,618.0,-200.0,1214.0,-200.0,1431.0,516.0,22.2,50.7,1.3405,2004-06-18 03:00:00
18/06/2004,04:00:00,0.3,740.0,-200.0,1.8,568.0,19.0,1259.0,32.0,1404.0,510.0,22.8,48.1,1.3184,2004-06-18 04:00:00
18/06/2004,05:00:00,0.4,775.0,-200.0,2.6,628.0,27.0,1178.0,36.0,1437.0,554.0,21.9,50.1,1.3002,2004-06-18 05:00:00
18/06/2004,06:00:00,0.8,872.0,-200.0,6.5,833.0,65.0,947.0,59.0,1598.0,760.0,20.4,54.1,1.28,2004-06-18 06:00:00
18/06/2004,07:00:00,2.2,1123.0,-200.0,14.5,1134.0,169.0,711.0,92.0,1922.0,1170.0,20.8,52.6,1.2758,2004-06-18 07:00:00
18/06/2004,08:00:00,4.4,1306.0,-200.0,28.8,1522.0,244.0,535.0,121.0,2450.0,1545.0,22.8,47.9,1.3156,2004-06-18 08:00:00
18/06/2004,09:00:00,3.7,1237.0,-200.0,21.3,1332.0,274.0,605.0,151.0,2157.0,1508.0,25.2,42.9,1.3552,2004-06-18 09:00:00
18/06/2004,10:00:00,2.5,1143.0,-200.0,14.9,1146.0,202.0,701.0,142.0,1917.0,1292.0,29.3,34.8,1.397,2004-06-18 10:00:00
18/06/2004,11:00:00,2.5,1170.0,-200.0,15.6,1168.0,186.0,703.0,141.0,1949.0,1287.0,33.3,27.8,1.4013,2004-06-18 11:00:00
18/06/2004,12:00:00,2.3,1116.0,-200.0,14.3,1128.0,153.0,739.0,129.0,1856.0,1042.0,34.9,24.9,1.363,2004-06-18 12:00:00
18/06/2004,13:00:00,2.0,1054.0,-200.0,12.6,1069.0,112.0,785.0,106.0,1766.0,817.0,36.1,22.7,1.3324,2004-06-18 13:00:00
18/06/2004,14:00:00,2.0,1083.0,-200.0,13.4,1097.0,117.0,765.0,125.0,1810.0,847.0,37.6,21.1,1.3478,2004-06-18 14:00:00
18/06/2004,15:00:00,2.1,1078.0,-200.0,12.6,1069.0,109.0,782.0,126.0,1780.0,806.0,37.3,21.9,1.3761,2004-06-18 15:00:00
18/06/2004,16:00:00,2.4,1104.0,-200.0,14.8,1143.0,133.0,747.0,147.0,1840.0,896.0,37.2,21.6,1.3514,2004-06-18 16:00:00
18/06/2004,17:00:00,3.1,1170.0,-200.0,18.6,1257.0,185.0,693.0,180.0,1956.0,1069.0,35.6,23.4,1.341,2004-06-18 17:00:00
18/06/2004,18:00:00,2.9,1091.0,-200.0,16.7,1201.0,167.0,738.0,164.0,1834.0,945.0,33.1,24.3,1.2087,2004-06-18 18:00:00
18/06/2004,19:00:00,3.5,1216.0,-200.0,20.8,1318.0,218.0,673.0,180.0,2043.0,1168.0,30.5,29.5,1.2635,2004-06-18 19:00:00
18/06/2004,20:00:00,2.9,1125.0,-200.0,16.0,1179.0,171.0,719.0,153.0,1921.0,1065.0,28.7,35.8,1.3834,2004-06-18 20:00:00
18/06/2004,21:00:00,1.5,971.0,-200.0,7.6,881.0,78.0,916.0,105.0,1635.0,672.0,26.6,42.2,1.4452,2004-06-18 21:00:00
18/06/2004,22:00:00,1.7,1062.0,-200.0,10.2,984.0,84.0,816.0,98.0,1796.0,842.0,25.2,46.6,1.4733,2004-06-18 22:00:00
18/06/2004,23:00:00,2.2,1140.0,-200.0,13.8,1109.0,110.0,714.0,107.0,1892.0,1123.0,24.7,47.7,1.4649,2004-06-18 23:00:00
19/06/2004,00:00:00,1.6,1038.0,-200.0,10.4,992.0,87.0,802.0,87.0,1731.0,1007.0,24.4,47.4,1.4301,2004-06-19 00:00:00
19/06/2004,01:00:00,1.0,935.0,-200.0,6.5,836.0,58.0,909.0,80.0,1604.0,855.0,23.3,49.9,1.4135,2004-06-19 01:00:00
19/06/2004,02:00:00,0.6,861.0,-200.0,4.3,729.0,39.0,1043.0,62.0,1528.0,689.0,23.8,47.3,1.3783,2004-06-19 02:00:00
19/06/2004,03:00:00,0.6,839.0,-200.0,3.4,678.0,-200.0,1062.0,-200.0,1478.0,622.0,22.9,50.2,1.3808,2004-06-19 03:00:00
19/06/2004,04:00:00,0.6,850.0,-200.0,3.9,703.0,38.0,1021.0,54.0,1511.0,658.0,21.2,55.0,1.3689,2004-06-19 04:00:00
19/06/2004,05:00:00,0.5,817.0,-200.0,3.0,651.0,41.0,1109.0,56.0,1472.0,628.0,21.7,52.6,1.35,2004-06-19 05:00:00
19/06/2004,06:00:00,0.5,825.0,-200.0,3.2,667.0,47.0,1079.0,62.0,1475.0,659.0,22.8,48.9,1.3424,2004-06-19 06:00:00
19/06/2004,07:00:00,0.9,921.0,-200.0,5.6,792.0,72.0,943.0,72.0,1595.0,799.0,23.5,47.6,1.3611,2004-06-19 07:00:00
19/06/2004,08:00:00,1.4,1031.0,-200.0,9.1,945.0,100.0,806.0,86.0,1697.0,964.0,24.6,44.9,1.3661,2004-06-19 08:00:00
19/06/2004,09:00:00,1.6,1092.0,-200.0,9.7,967.0,104.0,801.0,99.0,1774.0,910.0,27.0,39.9,1.402,2004-06-19 09:00:00
19/06/2004,10:00:00,1.6,1095.0,-200.0,8.6,923.0,109.0,843.0,98.0,1736.0,999.0,29.3,35.9,1.4411,2004-06-19 10:00:00
19/06/2004,11:00:00,1.7,1097.0,-200.0,9.6,964.0,103.0,822.0,102.0,1743.0,853.0,31.2,32.4,1.4517,2004-06-19 11:00:00
19/06/2004,12:00:00,1.7,1101.0,-200.0,9.8,972.0,75.0,819.0,84.0,1714.0,752.0,34.4,26.6,1.423,2004-06-19 12:00:00
19/06/2004,13:00:00,1.5,1060.0,-200.0,10.3,991.0,72.0,833.0,83.0,1718.0,778.0,36.1,22.1,1.3004,2004-06-19 13:00:00
19/06/2004,14:00:00,1.2,-200.0,-200.0,-200.0,-200.0,56.0,-200.0,68.0,-200.0,-200.0,-200.0,-200.0,-200.0,2004-06-19 14:00:00
19/06/2004,15:00:00,1.2,-200.0,-200.0,-200.0,-200.0,51.0,-200.0,63.0,-200.0,-200.0,-200.0,-200.0,-200.0,2004-06-19 15:00:00
19/06/2004,16:00:00,1.1,-200.0,-200.0,-200.0,-200.0,52.0,-200.0,65.0,-200.0,-200.0,-200.0,-200.0,-200.0,2004-06-19 16:00:00
19/06/2004,17:00:00,1.0,-200.0,-200.0,-200.0,-200.0,46.0,-200.0,63.0,-200.0,-200.0,-200.0,-200.0,-200.0,2004-06-19 17:00:00
19/06/2004,18:00:00,1.1,-200.0,-200.0,-200.0,-200.0,44.0,-200.0,56.0,-200.0,-200.0,-200.0,-200.0,-200.0,2004-06-19 18:00:00
19/06/2004,19:00:00,1.6,-200.0,-200.0,-200.0,-200.0,72.0,-200.0,77.0,-200.0,-200.0,-200.0,-200.0,-200.0,2004-06-19 19:00:00
19/06/2004,20:00:00,1.7,-200.0,-200.0,-200.0,-200.0,88.0,-200.0,91.0,-200.0,-200.0,-200.0,-200.0,-200.0,2004-06-19 20:00:00
19/06/2004,21:00:00,1.4,-200.0,-200.0,-200.0,-200.0,56.0,-200.0,70.0,-200.0,-200.0,-200.0,-200.0,-200.0,2004-06-19 21:00:00
19/06/2004,22:00:00,1.7,-200.0,-200.0,-200.0,-200.0,82.0,-200.0,95.0,-200.0,-200.0,-200.0,-200.0,-200.0,2004-06-19 22:00:00
19/06/2004,23:00:00,2.4,-200.0,-200.0,-200.0,-200.0,125.0,-200.0,113.0,-200.0,-200.0,-200.0,-200.0,-200.0,2004-06-19 23:00:00
20/06/2004,00:00:00,2.3,-200.0,-200.0,-200.0,-200.0,144.0,-200.0,109.0,-200.0,-200.0,-200.0,-200.0,-200.0,2004-06-20 00:00:00
20/06/2004,01:00:00,1.2,-200.0,-200.0,-200.0,-200.0,54.0,-200.0,65.0,-200.0,-200.0,-200.0,-200.0,-200.0,2004-06-20 01:00:00
20/06/2004,02:00:00,1.0,-200.0,-200.0,-200.0,-200.0,48.0,-200.0,60.0,-200.0,-200.0,-200.0,-200.0,-200.0,2004-06-20 02:00:00
20/06/2004,03:00:00,1.4,-200.0,-200.0,-200.0,-200.0,-200.0,-200.0,-200.0,-200.0,-200.0,-200.0,-200.0,-200.0,2004-06-20 03:00:00
20/06/2004,04:00:00,-200.0,-200.0,-200.0,-200.0,-200.0,41.0,-200.0,62.0,-200.0,-200.0,-200.0,-200.0,-200.0,2004-06-20 04:00:00
20/06/2004,05:00:00,1.0,-200.0,-200.0,-200.0,-200.0,40.0,-200.0,60.0,-200.0,-200.0,-200.0,-200.0,-200.0,2004-06-20 05:00:00
20/06/2004,06:00:00,0.9,-200.0,-200.0,-200.0,-200.0,48.0,-200.0,65.0,-200.0,-200.0,-200.0,-200.0,-200.0,2004-06-20 06:00:00
20/06/2004,07:00:00,0.8,-200.0,-200.0,-200.0,-200.0,44.0,-200.0,55.0,-200.0,-200.0,-200.0,-200.0,-200.0,2004-06-20 07:00:00
20/06/2004,08:00:00,1.0,-200.0,-200.0,-200.0,-200.0,59.0,-200.0,66.0,-200.0,-200.0,-200.0,-200.0,-200.0,2004-06-20 08:00:00
20/06/2004,09:00:00,1.2,-200.0,-200.0,-200.0,-200.0,59.0,-200.0,67.0,-200.0,-200.0,-200.0,-200.0,-200.0,2004-06-20 09:00:00
20/06/2004,10:00:00,1.2,-200.0,-200.0,-200.0,-200.0,53.0,-200.0,64.0,-200.0,-200.0,-200.0,-200.0,-200.0,2004-06-20 10:00:00
20/06/2004,11:00:00,1.0,-200.0,-200.0,-200.0,-200.0,42.0,-200.0,59.0,-200.0,-200.0,-200.0,-200.0,-200.0,2004-06-20 11:00:00
20/06/2004,12:00:00,1.0,-200.0,-200.0,-200.0,-200.0,43.0,-200.0,59.0,-200.0,-200.0,-200.0,-200.0,-200.0,2004-06-20 12:00:00
20/06/2004,13:00:00,0.6,-200.0,-200.0,-200.0,-200.0,23.0,-200.0,36.0,-200.0,-200.0,-200.0,-200.0,-200.0,2004-06-20 13:00:00
20/06/2004,14:00:00,0.7,-200.0,-200.0,-200.0,-200.0,22.0,-200.0,35.0,-200.0,-200.0,-200.0,-200.0,-200.0,2004-06-20 14:00:00
20/06/2004,15:00:00,0.8,-200.0,-200.0,-200.0,-200.0,37.0,-200.0,54.0,-200.0,-200.0,-200.0,-200.0,-200.0,2004-06-20 15:00:00
20/06/2004,16:00:00,1.1,-200.0,-200.0,-200.0,-200.0,53.0,-200.0,71.0,-200.0,-200.0,-200.0,-200.0,-200.0,2004-06-20 16:00:00
20/06/2004,17:00:00,1.4,-200.0,-200.0,-200.0,-200.0,68.0,-200.0,86.0,-200.0,-200.0,-200.0,-200.0,-200.0,2004-06-20 17:00:00
20/06/2004,18:00:00,2.8,-200.0,-200.0,-200.0,-200.0,125.0,-200.0,114.0,-200.0,-200.0,-200.0,-200.0,-200.0,2004-06-20 18:00:00
20/06/2004,19:00:00,2.5,-200.0,-200.0,-200.0,-200.0,96.0,-200.0,105.0,-200.0,-200.0,-200.0,-200.0,-200.0,2004-06-20 19:00:00
20/06/2004,20:00:00,1.6,-200.0,-200.0,-200.0,-200.0,75.0,-200.0,87.0,-200.0,-200.0,-200.0,-200.0,-200.0,2004-06-20 20:00:00
20/06/2004,21:00:00,1.4,-200.0,-200.0,-200.0,-200.0,74.0,-200.0,85.0,-200.0,-200.0,-200.0,-200.0,-200.0,2004-06-20 21:00:00
20/06/2004,22:00:00,2.3,-200.0,-200.0,-200.0,-200.0,92.0,-200.0,91.0,-200.0,-200.0,-200.0,-200.0,-200.0,2004-06-20 22:00:00
20/06/2004,23:00:00,4.2,-200.0,-200.0,-200.0,-200.0,136.0,-200.0,108.0,-200.0,-200.0,-200.0,-200.0,-200.0,2004-06-20 23:00:00
21/06/2004,00:00:00,3.0,-200.0,-200.0,-200.0,-200.0,119.0,-200.0,99.0,-200.0,-200.0,-200.0,-200.0,-200.0,2004-06-21 00:00:00
21/06/2004,01:00:00,2.2,-200.0,-200.0,-200.0,-200.0,76.0,-200.0,83.0,-200.0,-200.0,-200.0,-200.0,-200.0,2004-06-21 01:00:00
21/06/2004,02:00:00,0.6,-200.0,-200.0,-200.0,-200.0,21.0,-200.0,36.0,-200.0,-200.0,-200.0,-200.0,-200.0,2004-06-21 02:00:00
21/06/2004,03:00:00,0.3,-200.0,-200.0,-200.0,-200.0,-200.0,-200.0,-200.0,-200.0,-200.0,-200.0,-200.0,-200.0,2004-06-21 03:00:00
21/06/2004,04:00:00,0.3,732.0,-200.0,1.5,544.0,15.0,1353.0,24.0,1367.0,466.0,18.9,55.2,1.1895,2004-06-21 04:00:00
21/06/2004,05:00:00,0.5,809.0,-200.0,3.5,681.0,52.0,1108.0,43.0,1463.0,609.0,18.2,57.6,1.193,2004-06-21 05:00:00
21/06/2004,06:00:00,1.3,934.0,-200.0,8.3,911.0,85.0,857.0,64.0,1639.0,863.0,18.6,56.0,1.1865,2004-06-21 06:00:00
21/06/2004,07:00:00,2.5,1132.0,-200.0,17.3,1220.0,177.0,691.0,91.0,1910.0,1203.0,20.8,48.0,1.1702,2004-06-21 07:00:00
21/06/2004,08:00:00,3.7,1221.0,-200.0,23.3,1386.0,232.0,626.0,109.0,2138.0,1412.0,23.3,38.6,1.0919,2004-06-21 08:00:00
21/06/2004,09:00:00,2.5,1024.0,-200.0,13.8,1111.0,201.0,770.0,110.0,1753.0,1069.0,25.1,32.4,1.017,2004-06-21 09:00:00
21/06/2004,10:00:00,1.8,938.0,-200.0,10.2,987.0,134.0,862.0,111.0,1597.0,817.0,27.8,25.8,0.9473,2004-06-21 10:00:00
21/06/2004,11:00:00,1.5,869.0,-200.0,7.9,897.0,104.0,965.0,106.0,1480.0,649.0,29.6,21.0,0.8548,2004-06-21 11:00:00
21/06/2004,12:00:00,1.5,846.0,-200.0,8.8,930.0,89.0,947.0,104.0,1467.0,598.0,30.2,18.0,0.7613,2004-06-21 12:00:00
21/06/2004,13:00:00,1.2,838.0,-200.0,7.2,868.0,66.0,1005.0,76.0,1454.0,540.0,30.1,18.5,0.7747,2004-06-21 13:00:00
21/06/2004,14:00:00,1.4,875.0,-200.0,8.3,912.0,85.0,978.0,84.0,1504.0,601.0,29.5,19.4,0.7872,2004-06-21 14:00:00
21/06/2004,15:00:00,1.6,907.0,-200.0,9.6,961.0,105.0,920.0,102.0,1564.0,668.0,31.1,18.2,0.8079,2004-06-21 15:00:00
21/06/2004,16:00:00,1.6,889.0,-200.0,9.0,939.0,99.0,920.0,102.0,1492.0,647.0,30.3,19.0,0.8103,2004-06-21 16:00:00
21/06/2004,17:00:00,2.2,969.0,-200.0,12.4,1064.0,132.0,834.0,124.0,1645.0,816.0,30.1,19.3,0.8083,2004-06-21 17:00:00
21/06/2004,18:00:00,3.0,1051.0,-200.0,15.3,1157.0,186.0,760.0,147.0,1787.0,963.0,28.6,22.3,0.859,2004-06-21 18:00:00
21/06/2004,19:00:00,3.0,1043.0,-200.0,16.1,1181.0,174.0,736.0,138.0,1813.0,1010.0,26.1,28.3,0.9407,2004-06-21 19:00:00
21/06/2004,20:00:00,2.7,1043.0,-200.0,14.1,1121.0,149.0,736.0,126.0,1793.0,967.0,24.5,35.7,1.0807,2004-06-21 20:00:00
21/06/2004,21:00:00,2.1,1007.0,-200.0,11.4,1027.0,114.0,798.0,112.0,1737.0,904.0,23.1,41.5,1.1582,2004-06-21 21:00:00
21/06/2004,22:00:00,1.6,966.0,-200.0,9.5,959.0,92.0,838.0,95.0,1686.0,852.0,21.8,46.3,1.1913,2004-06-21 22:00:00
21/06/2004,23:00:00,1.3,920.0,-200.0,7.4,875.0,75.0,915.0,80.0,1594.0,744.0,20.9,48.9,1.1945,2004-06-21 23:00:00
22/06/2004,00:00:00,1.1,889.0,-200.0,6.4,831.0,74.0,956.0,79.0,1570.0,760.0,20.5,49.9,1.1903,2004-06-22 00:00:00
22/06/2004,01:00:00,0.7,825.0,-200.0,4.1,715.0,35.0,1062.0,49.0,1462.0,613.0,20.0,50.9,1.1794,2004-06-22 01:00:00
22/06/2004,02:00:00,0.4,758.0,-200.0,1.9,580.0,22.0,1215.0,36.0,1374.0,531.0,22.1,44.3,1.1665,2004-06-22 02:00:00
22/06/2004,03:00:00,0.2,735.0,-200.0,1.4,533.0,-200.0,1338.0,-200.0,1350.0,493.0,21.0,47.5,1.1666,2004-06-22 03:00:00
22/06/2004,04:00:00,0.2,719.0,-200.0,1.2,522.0,24.0,1385.0,40.0,1343.0,509.0,19.8,50.3,1.1444,2004-06-22 04:00:00
22/06/2004,05:00:00,0.3,757.0,-200.0,2.2,596.0,30.0,1236.0,37.0,1381.0,560.0,19.0,52.8,1.1489,2004-06-22 05:00:00
22/06/2004,06:00:00,0.9,890.0,-200.0,6.4,831.0,93.0,922.0,67.0,1594.0,826.0,17.8,56.5,1.1375,2004-06-22 06:00:00
22/06/2004,07:00:00,3.1,1181.0,-200.0,18.5,1255.0,332.0,632.0,106.0,2002.0,1334.0,18.2,55.8,1.1529,2004-06-22 07:00:00
22/06/2004,08:00:00,5.0,1332.0,-200.0,30.2,1556.0,387.0,523.0,134.0,2394.0,1660.0,20.6,47.7,1.1448,2004-06-22 08:00:00
22/06/2004,09:00:00,2.8,1128.0,-200.0,14.2,1124.0,267.0,717.0,123.0,1832.0,1362.0,22.8,41.9,1.1496,2004-06-22 09:00:00
22/06/2004,10:00:00,2.8,1128.0,-200.0,14.3,1126.0,269.0,725.0,136.0,1856.0,1316.0,27.1,31.7,1.1147,2004-06-22 10:00:00
22/06/2004,11:00:00,2.1,1064.0,-200.0,12.6,1069.0,193.0,766.0,109.0,1766.0,1089.0,30.4,26.4,1.131,2004-06-22 11:00:00
22/06/2004,12:00:00,3.1,1139.0,-200.0,18.0,1240.0,239.0,702.0,144.0,1940.0,1129.0,31.1,26.2,1.1647,2004-06-22 12:00:00
22/06/2004,13:00:00,3.0,1121.0,-200.0,17.1,1214.0,232.0,707.0,154.0,1912.0,1120.0,31.4,25.3,1.1444,2004-06-22 13:00:00
22/06/2004,14:00:00,2.1,1032.0,-200.0,13.0,1083.0,152.0,776.0,126.0,1772.0,916.0,30.8,26.7,1.168,2004-06-22 14:00:00
22/06/2004,15:00:00,1.7,1040.0,-200.0,11.2,1022.0,115.0,826.0,98.0,1747.0,812.0,31.8,25.6,1.1868,2004-06-22 15:00:00
22/06/2004,16:00:00,2.2,1076.0,-200.0,13.6,1105.0,169.0,762.0,120.0,1782.0,959.0,33.5,22.9,1.1649,2004-06-22 16:00:00
22/06/2004,17:00:00,3.5,1177.0,-200.0,20.5,1310.0,226.0,656.0,145.0,2011.0,1189.0,33.1,23.5,1.1673,2004-06-22 17:00:00
22/06/2004,18:00:00,3.6,1196.0,-200.0,20.2,1303.0,218.0,654.0,139.0,2017.0,1199.0,31.7,25.9,1.1883,2004-06-22 18:00:00
22/06/2004,19:00:00,4.1,1204.0,-200.0,23.1,1381.0,245.0,623.0,148.0,2085.0,1283.0,29.0,30.4,1.2013,2004-06-22 19:00:00
22/06/2004,20:00:00,4.0,1166.0,-200.0,20.3,1304.0,236.0,646.0,139.0,2016.0,1291.0,27.4,33.6,1.2095,2004-06-22 20:00:00
22/06/2004,21:00:00,1.8,959.0,-200.0,9.3,949.0,104.0,857.0,93.0,1640.0,949.0,25.2,36.4,1.1528,2004-06-22 21:00:00
22/06/2004,22:00:00,1.7,1004.0,-200.0,10.5,997.0,104.0,813.0,96.0,1726.0,1018.0,24.0,39.6,1.1662,2004-06-22 22:00:00
22/06/2004,23:00:00,2.4,1050.0,-200.0,13.6,1105.0,144.0,729.0,104.0,1807.0,1122.0,23.8,39.6,1.1558,2004-06-22 23:00:00
23/06/2004,00:00:00,1.2,965.0,-200.0,8.0,900.0,79.0,864.0,83.0,1631.0,968.0,22.9,43.6,1.1974,2004-06-23 00:00:00
23/06/2004,01:00:00,0.8,849.0,-200.0,4.6,744.0,51.0,1004.0,66.0,1496.0,806.0,22.8,43.9,1.202,2004-06-23 01:00:00
23/06/2004,02:00:00,0.5,809.0,-200.0,3.2,666.0,38.0,1093.0,55.0,1455.0,714.0,21.8,47.3,1.2189,2004-06-23 02:00:00
23/06/2004,03:00:00,0.3,777.0,-200.0,2.4,609.0,-200.0,1170.0,-200.0,1405.0,644.0,21.7,47.3,1.2135,2004-06-23 03:00:00
23/06/2004,04:00:00,-200.0,768.0,-200.0,2.1,591.0,24.0,1183.0,37.0,1402.0,606.0,20.8,50.3,1.2207,2004-06-23 04:00:00
23/06/2004,05:00:00,0.4,768.0,-200.0,2.2,597.0,30.0,1155.0,40.0,1396.0,606.0,21.7,46.8,1.2031,2004-06-23 05:00:00
23/06/2004,06:00:00,1.0,917.0,-200.0,6.7,842.0,73.0,934.0,51.0,1656.0,819.0,20.3,52.3,1.2367,2004-06-23 06:00:00
23/06/2004,07:00:00,3.8,1252.0,-200.0,23.1,1380.0,305.0,579.0,117.0,2210.0,1462.0,20.5,52.3,1.245,2004-06-23 07:00:00
23/06/2004,08:00:00,3.2,1224.0,-200.0,19.0,1268.0,295.0,605.0,110.0,2046.0,1478.0,21.7,49.6,1.2673,2004-06-23 08:00:00
23/06/2004,09:00:00,3.5,1277.0,-200.0,20.1,1300.0,331.0,608.0,136.0,2090.0,1598.0,24.0,43.1,1.2677,2004-06-23 09:00:00
23/06/2004,10:00:00,3.2,1149.0,-200.0,16.4,1192.0,304.0,672.0,152.0,1944.0,1449.0,28.5,31.7,1.2144,2004-06-23 10:00:00
23/06/2004,11:00:00,2.3,1091.0,-200.0,13.0,1082.0,210.0,746.0,119.0,1790.0,1221.0,32.2,25.1,1.189,2004-06-23 11:00:00
23/06/2004,12:00:00,2.2,1053.0,-200.0,13.1,1087.0,163.0,763.0,106.0,1762.0,1023.0,34.9,20.5,1.1279,2004-06-23 12:00:00
23/06/2004,13:00:00,2.1,1023.0,-200.0,11.8,1042.0,132.0,796.0,101.0,1711.0,910.0,35.4,19.9,1.1222,2004-06-23 13:00:00
23/06/2004,14:00:00,1.9,1085.0,-200.0,12.7,1075.0,126.0,767.0,110.0,1786.0,913.0,34.4,22.5,1.205,2004-06-23 14:00:00
23/06/2004,15:00:00,2.4,1116.0,-200.0,14.1,1120.0,150.0,724.0,124.0,1854.0,1035.0,34.8,22.8,1.2488,2004-06-23 15:00:00
23/06/2004,16:00:00,2.5,1111.0,-200.0,14.4,1131.0,171.0,735.0,137.0,1825.0,1085.0,34.3,22.4,1.1907,2004-06-23 16:00:00
23/06/2004,17:00:00,3.6,1210.0,-200.0,20.7,1316.0,234.0,645.0,159.0,2030.0,1278.0,32.5,25.3,1.2165,2004-06-23 17:00:00
23/06/2004,18:00:00,3.9,1250.0,-200.0,21.6,1339.0,251.0,616.0,152.0,2075.0,1383.0,31.3,27.3,1.2234,2004-06-23 18:00:00
23/06/2004,19:00:00,4.4,1297.0,-200.0,24.2,1408.0,294.0,595.0,166.0,2134.0,1473.0,30.2,29.0,1.2224,2004-06-23 19:00:00
23/06/2004,20:00:00,4.8,1313.0,-200.0,21.8,1345.0,300.0,603.0,163.0,2118.0,1507.0,28.5,33.3,1.2775,2004-06-23 20:00:00
23/06/2004,21:00:00,2.5,1146.0,-200.0,13.0,1084.0,159.0,713.0,121.0,1829.0,1215.0,27.3,35.3,1.2606,2004-06-23 21:00:00
23/06/2004,22:00:00,2.8,1199.0,-200.0,15.1,1152.0,176.0,685.0,125.0,1897.0,1242.0,26.1,37.8,1.2575,2004-06-23 22:00:00
23/06/2004,23:00:00,3.2,1274.0,-200.0,16.6,1197.0,192.0,626.0,120.0,2023.0,1356.0,24.7,47.1,1.44,2004-06-23 23:00:00
24/06/2004,00:00:00,2.6,1243.0,-200.0,12.7,1072.0,152.0,675.0,103.0,1978.0,1195.0,23.6,59.8,1.7193,2004-06-24 00:00:00
24/06/2004,01:00:00,1.5,1054.0,-200.0,8.6,923.0,63.0,783.0,64.0,1793.0,899.0,23.3,60.5,1.706,2004-06-24 01:00:00
24/06/2004,02:00:00,1.0,962.0,-200.0,5.3,778.0,35.0,929.0,44.0,1645.0,726.0,23.3,59.4,1.6753,2004-06-24 02:00:00
24/06/2004,03:00:00,0.8,915.0,-200.0,3.6,690.0,-200.0,983.0,-200.0,1570.0,743.0,22.9,57.7,1.5902,2004-06-24 03:00:00
24/06/2004,04:00:00,0.6,871.0,-200.0,2.8,639.0,21.0,1062.0,35.0,1528.0,684.0,23.7,53.5,1.546,2004-06-24 04:00:00
24/06/2004,05:00:00,0.6,877.0,-200.0,3.1,658.0,41.0,1047.0,46.0,1530.0,779.0,21.2,60.9,1.5092,2004-06-24 05:00:00
24/06/2004,06:00:00,0.7,893.0,-200.0,3.7,696.0,48.0,1008.0,54.0,1548.0,801.0,22.1,56.2,1.48,2004-06-24 06:00:00
24/06/2004,07:00:00,1.2,1030.0,-200.0,6.9,851.0,102.0,824.0,68.0,1700.0,983.0,21.9,57.0,1.4742,2004-06-24 07:00:00
24/06/2004,08:00:00,1.5,1059.0,-200.0,8.6,926.0,111.0,783.0,77.0,1750.0,989.0,24.7,45.9,1.4061,2004-06-24 08:00:00
24/06/2004,09:00:00,1.3,1020.0,-200.0,7.1,860.0,93.0,864.0,74.0,1649.0,875.0,27.0,40.8,1.4286,2004-06-24 09:00:00
24/06/2004,10:00:00,1.6,1045.0,-200.0,6.6,840.0,118.0,879.0,92.0,1656.0,807.0,29.1,37.4,1.4833,2004-06-24 10:00:00
24/06/2004,11:00:00,1.5,1029.0,-200.0,7.2,866.0,93.0,874.0,83.0,1651.0,727.0,31.1,32.4,1.4351,2004-06-24 11:00:00
24/06/2004,12:00:00,1.2,959.0,-200.0,5.0,763.0,56.0,976.0,58.0,1561.0,549.0,31.9,30.3,1.4125,2004-06-24 12:00:00
24/06/2004,13:00:00,1.1,975.0,-200.0,5.7,798.0,51.0,939.0,55.0,1576.0,570.0,32.8,28.9,1.412,2004-06-24 13:00:00
24/06/2004,14:00:00,1.2,988.0,-200.0,6.0,813.0,52.0,927.0,61.0,1596.0,596.0,33.4,27.8,1.4119,2004-06-24 14:00:00
24/06/2004,15:00:00,1.3,971.0,-200.0,6.1,818.0,59.0,942.0,65.0,1565.0,585.0,35.3,23.7,1.3331,2004-06-24 15:00:00
24/06/2004,16:00:00,1.4,999.0,-200.0,8.0,899.0,62.0,869.0,74.0,1629.0,637.0,35.8,22.4,1.2915,2004-06-24 16:00:00
24/06/2004,17:00:00,1.6,989.0,-200.0,7.8,889.0,85.0,889.0,89.0,1602.0,664.0,35.3,20.8,1.1664,2004-06-24 17:00:00
24/06/2004,18:00:00,2.1,1075.0,-200.0,11.1,1020.0,109.0,802.0,103.0,1732.0,797.0,33.3,23.9,1.2085,2004-06-24 18:00:00
24/06/2004,19:00:00,3.0,1190.0,-200.0,15.9,1177.0,168.0,695.0,128.0,1934.0,1046.0,30.3,30.8,1.3044,2004-06-24 19:00:00
24/06/2004,20:00:00,2.8,1172.0,-200.0,13.7,1108.0,166.0,706.0,122.0,1878.0,1058.0,28.3,34.5,1.3084,2004-06-24 20:00:00
24/06/2004,21:00:00,3.8,1256.0,-200.0,21.6,1340.0,149.0,594.0,125.0,2176.0,1214.0,27.1,38.9,1.3758,2004-06-24 21:00:00
24/06/2004,22:00:00,3.2,1190.0,-200.0,16.8,1203.0,118.0,658.0,119.0,1967.0,1056.0,25.4,43.2,1.3805,2004-06-24 22:00:00
24/06/2004,23:00:00,4.1,1249.0,-200.0,20.5,1310.0,160.0,601.0,126.0,2114.0,1280.0,24.6,45.3,1.3767,2004-06-24 23:00:00
25/06/2004,00:00:00,2.6,1072.0,-200.0,14.1,1120.0,124.0,711.0,100.0,1838.0,1045.0,23.7,46.0,1.3346,2004-06-25 00:00:00
25/06/2004,01:00:00,2.0,1035.0,-200.0,10.9,1011.0,95.0,750.0,94.0,1752.0,1039.0,23.0,48.1,1.3322,2004-06-25 01:00:00
25/06/2004,02:00:00,0.9,839.0,-200.0,3.6,690.0,34.0,1030.0,52.0,1457.0,640.0,24.8,43.4,1.3366,2004-06-25 02:00:00
25/06/2004,03:00:00,0.7,833.0,-200.0,3.3,671.0,-200.0,1061.0,-200.0,1482.0,705.0,23.1,47.4,1.3208,2004-06-25 03:00:00
25/06/2004,04:00:00,0.6,804.0,-200.0,2.4,616.0,45.0,1144.0,64.0,1427.0,662.0,21.7,50.2,1.2917,2004-06-25 04:00:00
25/06/2004,05:00:00,0.6,811.0,-200.0,3.0,651.0,35.0,1097.0,46.0,1442.0,579.0,21.9,50.7,1.3138,2004-06-25 05:00:00
25/06/2004,06:00:00,1.6,1028.0,-200.0,8.9,934.0,141.0,818.0,88.0,1743.0,987.0,20.1,57.0,1.3216,2004-06-25 06:00:00
25/06/2004,07:00:00,2.6,1138.0,-200.0,14.8,1141.0,199.0,671.0,104.0,1927.0,1197.0,21.5,51.8,1.3129,2004-06-25 07:00:00
25/06/2004,08:00:00,2.9,1203.0,-200.0,16.2,1185.0,224.0,649.0,125.0,1968.0,1328.0,22.9,48.7,1.3416,2004-06-25 08:00:00
25/06/2004,09:00:00,2.8,1193.0,-200.0,14.6,1136.0,245.0,667.0,151.0,1924.0,1370.0,25.7,41.0,1.3351,2004-06-25 09:00:00
25/06/2004,10:00:00,1.9,1049.0,-200.0,8.0,898.0,153.0,858.0,113.0,1671.0,921.0,29.9,33.2,1.3793,2004-06-25 10:00:00
25/06/2004,11:00:00,1.9,1090.0,-200.0,9.1,942.0,145.0,828.0,102.0,1713.0,876.0,32.9,28.0,1.3789,2004-06-25 11:00:00
25/06/2004,12:00:00,2.1,1070.0,-200.0,10.0,976.0,130.0,808.0,108.0,1688.0,819.0,34.0,25.6,1.3363,2004-06-25 12:00:00
25/06/2004,13:00:00,1.9,1014.0,-200.0,9.8,970.0,95.0,826.0,93.0,1684.0,763.0,34.7,22.6,1.2297,2004-06-25 13:00:00
25/06/2004,14:00:00,1.6,972.0,-200.0,8.3,912.0,88.0,882.0,89.0,1596.0,675.0,35.5,20.3,1.1586,2004-06-25 14:00:00
25/06/2004,15:00:00,1.6,951.0,-200.0,7.5,880.0,89.0,920.0,84.0,1539.0,637.0,35.9,18.8,1.0912,2004-06-25 15:00:00
25/06/2004,16:00:00,2.1,1033.0,-200.0,11.7,1038.0,127.0,802.0,111.0,1690.0,826.0,36.2,18.6,1.0945,2004-06-25 16:00:00
25/06/2004,17:00:00,2.4,983.0,-200.0,13.3,1094.0,149.0,817.0,115.0,1659.0,854.0,35.4,15.3,0.8613,2004-06-25 17:00:00
25/06/2004,18:00:00,2.8,973.0,-200.0,14.4,1128.0,170.0,813.0,127.0,1642.0,894.0,32.9,15.5,0.7649,2004-06-25 18:00:00
25/06/2004,19:00:00,3.4,1083.0,-200.0,17.9,1237.0,210.0,737.0,129.0,1786.0,1077.0,29.9,19.8,0.8211,2004-06-25 19:00:00
25/06/2004,20:00:00,3.4,1062.0,-200.0,15.9,1176.0,230.0,763.0,140.0,1743.0,1121.0,28.1,22.4,0.8394,2004-06-25 20:00:00
25/06/2004,21:00:00,2.7,1011.0,-200.0,14.2,1122.0,203.0,808.0,137.0,1680.0,1071.0,26.1,24.7,0.8233,2004-06-25 21:00:00
25/06/2004,22:00:00,2.6,1054.0,-200.0,13.8,1110.0,174.0,765.0,130.0,1670.0,1167.0,25.0,28.7,0.8944,2004-06-25 22:00:00
25/06/2004,23:00:00,2.3,1013.0,-200.0,11.7,1038.0,164.0,793.0,121.0,1598.0,1162.0,24.3,31.0,0.9268,2004-06-25 23:00:00
26/06/2004,00:00:00,1.2,870.0,-200.0,6.2,823.0,76.0,975.0,79.0,1398.0,848.0,24.0,31.2,0.919,2004-06-26 00:00:00
26/06/2004,01:00:00,1.0,857.0,-200.0,5.1,769.0,52.0,1006.0,69.0,1390.0,759.0,22.4,34.9,0.9362,2004-06-26 01:00:00
26/06/2004,02:00:00,0.9,835.0,-200.0,4.5,739.0,47.0,1036.0,61.0,1382.0,694.0,21.2,37.6,0.9355,2004-06-26 02:00:00
26/06/2004,03:00:00,1.1,844.0,-200.0,4.9,759.0,-200.0,1005.0,-200.0,1409.0,848.0,19.5,42.3,0.9461,2004-06-26 03:00:00
26/06/2004,04:00:00,-200.0,763.0,-200.0,2.5,622.0,37.0,1129.0,58.0,1321.0,689.0,21.2,39.4,0.9802,2004-06-26 04:00:00
26/06/2004,05:00:00,0.4,769.0,-200.0,2.3,606.0,41.0,1171.0,58.0,1314.0,610.0,19.5,42.4,0.9515,2004-06-26 05:00:00
26/06/2004,06:00:00,0.9,891.0,-200.0,5.5,790.0,74.0,960.0,70.0,1466.0,816.0,18.6,45.8,0.9723,2004-06-26 06:00:00
26/06/2004,07:00:00,1.8,1037.0,-200.0,10.4,993.0,168.0,779.0,104.0,1680.0,1158.0,19.7,44.1,1.0039,2004-06-26 07:00:00
26/06/2004,08:00:00,2.2,1090.0,-200.0,12.4,1065.0,176.0,728.0,109.0,1773.0,1228.0,21.9,39.4,1.0243,2004-06-26 08:00:00
26/06/2004,09:00:00,2.4,1117.0,-200.0,14.0,1118.0,184.0,716.0,129.0,1791.0,1323.0,24.5,34.3,1.0407,2004-06-26 09:00:00
26/06/2004,10:00:00,2.3,1109.0,-200.0,12.7,1074.0,187.0,761.0,144.0,1734.0,1274.0,30.0,25.6,1.0674,2004-06-26 10:00:00
26/06/2004,11:00:00,1.6,961.0,-200.0,9.0,939.0,118.0,912.0,101.0,1508.0,846.0,34.5,18.9,1.0168,2004-06-26 11:00:00
26/06/2004,12:00:00,1.4,985.0,-200.0,8.5,919.0,89.0,918.0,90.0,1540.0,737.0,36.3,17.5,1.0411,2004-06-26 12:00:00
26/06/2004,13:00:00,1.4,960.0,-200.0,8.2,909.0,70.0,910.0,86.0,1523.0,675.0,37.7,16.0,1.0231,2004-06-26 13:00:00
26/06/2004,14:00:00,1.0,927.0,-200.0,5.9,806.0,51.0,1013.0,69.0,1446.0,559.0,38.3,15.8,1.0465,2004-06-26 14:00:00
26/06/2004,15:00:00,1.0,958.0,-200.0,5.6,795.0,52.0,1002.0,65.0,1481.0,604.0,38.4,17.5,1.1609,2004-06-26 15:00:00
26/06/2004,16:00:00,1.2,1019.0,-200.0,6.7,842.0,70.0,935.0,73.0,1565.0,729.0,37.2,20.5,1.2813,2004-06-26 16:00:00
26/06/2004,17:00:00,1.3,1010.0,-200.0,6.1,816.0,80.0,955.0,73.0,1567.0,741.0,34.0,26.4,1.3781,2004-06-26 17:00:00
26/06/2004,18:00:00,1.5,1030.0,-200.0,6.7,844.0,90.0,917.0,78.0,1599.0,747.0,32.3,30.4,1.445,2004-06-26 18:00:00
26/06/2004,19:00:00,1.9,1100.0,-200.0,9.2,946.0,111.0,827.0,98.0,1726.0,932.0,30.5,33.9,1.4564,2004-06-26 19:00:00
26/06/2004,20:00:00,1.8,1079.0,-200.0,8.2,909.0,107.0,861.0,99.0,1686.0,928.0,29.2,37.8,1.5098,2004-06-26 20:00:00
26/06/2004,21:00:00,1.4,1036.0,-200.0,7.0,859.0,73.0,900.0,83.0,1645.0,860.0,28.4,39.1,1.4881,2004-06-26 21:00:00
26/06/2004,22:00:00,1.7,1085.0,-200.0,9.5,959.0,75.0,827.0,88.0,1747.0,963.0,27.7,40.6,1.4828,2004-06-26 22:00:00
26/06/2004,23:00:00,2.7,1214.0,-200.0,15.1,1151.0,144.0,683.0,117.0,1938.0,1309.0,27.2,42.5,1.5069,2004-06-26 23:00:00
27/06/2004,00:00:00,2.1,1127.0,-200.0,11.7,1041.0,120.0,728.0,97.0,1830.0,1266.0,26.5,44.8,1.528,2004-06-27 00:00:00
27/06/2004,01:00:00,1.4,1038.0,-200.0,9.3,950.0,71.0,776.0,75.0,1750.0,1181.0,25.5,47.6,1.5318,2004-06-27 01:00:00
27/06/2004,02:00:00,1.0,948.0,-200.0,6.4,829.0,40.0,873.0,53.0,1638.0,937.0,25.2,47.8,1.5076,2004-06-27 02:00:00
27/06/2004,03:00:00,1.0,953.0,-200.0,6.7,844.0,-200.0,848.0,-200.0,1685.0,995.0,23.2,53.7,1.5046,2004-06-27 03:00:00
27/06/2004,04:00:00,0.8,869.0,-200.0,4.2,723.0,34.0,975.0,45.0,1522.0,789.0,23.2,52.3,1.4668,2004-06-27 04:00:00
27/06/2004,05:00:00,0.5,809.0,-200.0,2.6,628.0,27.0,1127.0,42.0,1490.0,682.0,24.0,50.3,1.4811,2004-06-27 05:00:00
27/06/2004,06:00:00,0.6,833.0,-200.0,2.8,641.0,30.0,1088.0,44.0,1496.0,717.0,23.5,51.2,1.4634,2004-06-27 06:00:00
27/06/2004,07:00:00,0.6,857.0,-200.0,3.1,661.0,40.0,1083.0,50.0,1511.0,696.0,23.5,50.8,1.452,2004-06-27 07:00:00
27/06/2004,08:00:00,1.0,966.0,-200.0,6.2,820.0,56.0,913.0,60.0,1634.0,807.0,24.7,47.6,1.4597,2004-06-27 08:00:00
27/06/2004,09:00:00,1.6,1063.0,-200.0,7.9,894.0,104.0,823.0,100.0,1688.0,1025.0,27.2,41.1,1.4611,2004-06-27 09:00:00
27/06/2004,10:00:00,1.9,1110.0,-200.0,10.5,996.0,121.0,782.0,111.0,1771.0,1090.0,31.0,32.4,1.4294,2004-06-27 10:00:00
27/06/2004,11:00:00,1.7,1055.0,-200.0,9.0,941.0,100.0,844.0,110.0,1648.0,932.0,35.2,24.8,1.3854,2004-06-27 11:00:00
27/06/2004,12:00:00,1.1,939.0,-200.0,6.3,828.0,59.0,991.0,74.0,1486.0,639.0,37.8,18.5,1.1977,2004-06-27 12:00:00
27/06/2004,13:00:00,0.8,816.0,-200.0,3.5,684.0,42.0,1195.0,56.0,1285.0,467.0,39.0,15.1,1.0424,2004-06-27 13:00:00
27/06/2004,14:00:00,0.7,841.0,-200.0,4.0,712.0,38.0,1175.0,50.0,1339.0,476.0,41.3,12.8,0.9933,2004-06-27 14:00:00
27/06/2004,15:00:00,0.7,842.0,-200.0,4.2,722.0,40.0,1163.0,54.0,1294.0,490.0,41.8,11.9,0.9476,2004-06-27 15:00:00
27/06/2004,16:00:00,1.2,990.0,-200.0,6.9,852.0,70.0,967.0,90.0,1488.0,669.0,42.2,14.2,1.1609,2004-06-27 16:00:00
27/06/2004,17:00:00,1.6,1042.0,-200.0,7.9,894.0,95.0,916.0,109.0,1537.0,800.0,41.4,15.5,1.2089,2004-06-27 17:00:00
27/06/2004,18:00:00,1.6,1089.0,-200.0,7.9,893.0,90.0,879.0,110.0,1609.0,791.0,38.9,21.4,1.4605,2004-06-27 18:00:00
27/06/2004,19:00:00,1.7,1102.0,-200.0,10.3,990.0,90.0,799.0,103.0,1685.0,849.0,34.3,26.0,1.3865,2004-06-27 19:00:00
27/06/2004,20:00:00,2.0,1095.0,-200.0,10.5,996.0,111.0,799.0,120.0,1695.0,934.0,32.7,27.7,1.3439,2004-06-27 20:00:00
27/06/2004,21:00:00,2.3,1116.0,-200.0,12.7,1075.0,135.0,761.0,134.0,1784.0,1081.0,30.5,30.4,1.3031,2004-06-27 21:00:00
27/06/2004,22:00:00,2.4,1105.0,-200.0,11.9,1046.0,146.0,777.0,137.0,1751.0,1102.0,29.0,33.6,1.3277,2004-06-27 22:00:00
27/06/2004,23:00:00,1.7,1018.0,-200.0,9.3,950.0,100.0,830.0,99.0,1636.0,914.0,28.2,36.6,1.3781,2004-06-27 23:00:00
28/06/2004,00:00:00,1.2,991.0,-200.0,7.9,896.0,69.0,857.0,78.0,1616.0,926.0,27.2,38.9,1.3821,2004-06-28 00:00:00
28/06/2004,01:00:00,1.0,923.0,-200.0,5.0,765.0,47.0,952.0,63.0,1508.0,786.0,26.7,40.0,1.3754,2004-06-28 01:00:00
28/06/2004,02:00:00,0.6,874.0,-200.0,3.4,679.0,26.0,1049.0,41.0,1444.0,619.0,26.0,41.2,1.3598,2004-06-28 02:00:00
28/06/2004,03:00:00,0.5,846.0,-200.0,3.2,662.0,-200.0,1068.0,-200.0,1464.0,633.0,22.8,50.1,1.3677,2004-06-28 03:00:00
28/06/2004,04:00:00,0.4,838.0,-200.0,2.7,632.0,24.0,1079.0,39.0,1438.0,634.0,24.0,46.6,1.37,2004-06-28 04:00:00
28/06/2004,05:00:00,0.5,827.0,-200.0,3.1,656.0,55.0,1075.0,60.0,1447.0,722.0,24.0,46.4,1.3689,2004-06-28 05:00:00
28/06/2004,06:00:00,0.7,901.0,-200.0,5.0,763.0,47.0,984.0,54.0,1552.0,717.0,23.7,47.1,1.3602,2004-06-28 06:00:00
28/06/2004,07:00:00,3.2,1291.0,-200.0,20.7,1316.0,209.0,603.0,119.0,2172.0,1445.0,23.6,47.3,1.3634,2004-06-28 07:00:00
28/06/2004,08:00:00,5.6,1441.0,-200.0,32.4,1606.0,348.0,503.0,159.0,2568.0,1786.0,25.5,43.1,1.3891,2004-06-28 08:00:00
28/06/2004,09:00:00,4.6,1363.0,-200.0,24.2,1410.0,337.0,565.0,182.0,2199.0,1791.0,28.5,36.8,1.4128,2004-06-28 09:00:00
28/06/2004,10:00:00,3.3,1218.0,-200.0,16.6,1198.0,280.0,671.0,183.0,1907.0,1413.0,32.6,28.0,1.3566,2004-06-28 10:00:00
28/06/2004,11:00:00,2.1,1132.0,-200.0,13.2,1091.0,169.0,751.0,144.0,1795.0,1092.0,36.3,23.4,1.3902,2004-06-28 11:00:00
28/06/2004,12:00:00,1.9,1103.0,-200.0,12.3,1060.0,126.0,770.0,118.0,1748.0,940.0,37.5,21.5,1.3673,2004-06-28 12:00:00
28/06/2004,13:00:00,1.9,1081.0,-200.0,12.1,1053.0,108.0,770.0,106.0,1773.0,883.0,39.6,19.0,1.3447,2004-06-28 13:00:00
28/06/2004,14:00:00,1.6,1079.0,-200.0,11.1,1018.0,93.0,793.0,97.0,1739.0,850.0,40.1,19.3,1.4013,2004-06-28 14:00:00
28/06/2004,15:00:00,2.0,1167.0,-200.0,13.1,1087.0,112.0,741.0,129.0,1820.0,928.0,40.4,20.0,1.4854,2004-06-28 15:00:00
28/06/2004,16:00:00,1.8,1148.0,-200.0,11.6,1037.0,110.0,772.0,130.0,1720.0,835.0,39.9,20.1,1.4495,2004-06-28 16:00:00
28/06/2004,17:00:00,2.9,1221.0,-200.0,17.7,1230.0,188.0,670.0,163.0,1905.0,1157.0,39.1,19.6,1.3542,2004-06-28 17:00:00
28/06/2004,18:00:00,3.4,1255.0,-200.0,19.5,1283.0,203.0,640.0,160.0,2023.0,1232.0,37.0,21.9,1.3503,2004-06-28 18:00:00
28/06/2004,19:00:00,3.1,1245.0,-200.0,19.7,1287.0,167.0,635.0,140.0,2067.0,1288.0,33.9,26.8,1.3899,2004-06-28 19:00:00
28/06/2004,20:00:00,2.5,1162.0,-200.0,15.1,1151.0,116.0,687.0,115.0,1912.0,1143.0,31.9,30.6,1.4201,2004-06-28 20:00:00
28/06/2004,21:00:00,1.8,1079.0,-200.0,11.1,1020.0,89.0,754.0,92.0,1760.0,1014.0,29.7,33.9,1.3874,2004-06-28 21:00:00
28/06/2004,22:00:00,1.8,1091.0,-200.0,11.7,1038.0,103.0,744.0,99.0,1786.0,1088.0,28.6,36.8,1.416,2004-06-28 22:00:00
28/06/2004,23:00:00,2.0,1085.0,-200.0,11.7,1039.0,100.0,745.0,96.0,1790.0,1092.0,27.8,38.7,1.4187,2004-06-28 23:00:00
29/06/2004,00:00:00,1.5,1050.0,-200.0,9.7,966.0,86.0,780.0,80.0,1748.0,1090.0,27.8,40.0,1.4691,2004-06-29 00:00:00
29/06/2004,01:00:00,0.8,941.0,-200.0,6.0,814.0,52.0,873.0,65.0,1592.0,979.0,27.5,41.3,1.4962,2004-06-29 01:00:00
29/06/2004,02:00:00,0.4,891.0,-200.0,3.9,705.0,27.0,980.0,46.0,1534.0,806.0,27.3,41.6,1.4906,2004-06-29 02:00:00
29/06/2004,03:00:00,0.3,842.0,-200.0,2.6,624.0,-200.0,1080.0,-200.0,1480.0,712.0,26.0,44.2,1.4657,2004-06-29 03:00:00
29/06/2004,04:00:00,-200.0,850.0,-200.0,2.8,639.0,35.0,1048.0,57.0,1519.0,853.0,24.8,48.0,1.4857,2004-06-29 04:00:00
29/06/2004,05:00:00,0.5,863.0,-200.0,3.0,652.0,42.0,1055.0,54.0,1504.0,816.0,25.9,45.1,1.4889,2004-06-29 05:00:00
29/06/2004,06:00:00,0.7,956.0,-200.0,5.4,784.0,57.0,928.0,62.0,1634.0,934.0,25.3,47.6,1.5108,2004-06-29 06:00:00
29/06/2004,07:00:00,3.4,1384.0,-200.0,23.5,1391.0,228.0,552.0,102.0,2316.0,1548.0,24.7,49.5,1.5201,2004-06-29 07:00:00
29/06/2004,08:00:00,5.7,1502.0,-200.0,33.5,1631.0,350.0,459.0,140.0,2622.0,1858.0,27.1,43.1,1.5224,2004-06-29 08:00:00
29/06/2004,09:00:00,3.2,1219.0,-200.0,15.5,1163.0,232.0,642.0,121.0,1963.0,1410.0,28.3,39.8,1.5053,2004-06-29 09:00:00
29/06/2004,10:00:00,2.7,1237.0,-200.0,15.3,1157.0,206.0,663.0,132.0,1968.0,1334.0,32.4,32.3,1.5484,2004-06-29 10:00:00
29/06/2004,11:00:00,2.1,1181.0,-200.0,12.8,1078.0,159.0,706.0,122.0,1870.0,1140.0,35.4,27.8,1.5733,2004-06-29 11:00:00
29/06/2004,12:00:00,2.8,1251.0,-200.0,15.2,1154.0,184.0,682.0,148.0,1955.0,1111.0,35.5,27.4,1.5635,2004-06-29 12:00:00
29/06/2004,13:00:00,2.5,1214.0,-200.0,15.7,1170.0,136.0,681.0,133.0,1963.0,1054.0,37.8,24.4,1.5722,2004-06-29 13:00:00
29/06/2004,14:00:00,2.1,1166.0,-200.0,12.3,1062.0,124.0,726.0,130.0,1825.0,924.0,37.2,25.5,1.5914,2004-06-29 14:00:00
29/06/2004,15:00:00,2.5,1226.0,-200.0,15.3,1157.0,133.0,683.0,141.0,1912.0,1041.0,37.2,25.6,1.6014,2004-06-29 15:00:00
29/06/2004,16:00:00,2.7,1265.0,-200.0,17.6,1229.0,156.0,636.0,172.0,2040.0,1282.0,38.0,25.0,1.6312,2004-06-29 16:00:00
29/06/2004,17:00:00,3.7,1317.0,-200.0,21.5,1338.0,200.0,593.0,198.0,2132.0,1362.0,37.1,26.9,1.6635,2004-06-29 17:00:00
29/06/2004,18:00:00,3.7,1372.0,-200.0,23.2,1382.0,202.0,568.0,181.0,2268.0,1441.0,36.9,27.8,1.7099,2004-06-29 18:00:00
29/06/2004,19:00:00,4.6,1443.0,-200.0,25.6,1443.0,286.0,543.0,202.0,2332.0,1559.0,34.7,31.9,1.7325,2004-06-29 19:00:00
29/06/2004,20:00:00,2.6,1200.0,-200.0,14.3,1126.0,141.0,664.0,120.0,1979.0,1198.0,31.9,38.4,1.7897,2004-06-29 20:00:00
29/06/2004,21:00:00,2.5,1216.0,-200.0,14.4,1130.0,117.0,655.0,115.0,1994.0,1246.0,30.5,42.3,1.8173,2004-06-29 21:00:00
29/06/2004,22:00:00,2.3,1160.0,-200.0,12.6,1070.0,110.0,687.0,112.0,1929.0,1192.0,29.3,45.8,1.8362,2004-06-29 22:00:00
29/06/2004,23:00:00,2.2,1194.0,-200.0,13.7,1106.0,100.0,667.0,97.0,1985.0,1194.0,28.2,48.1,1.8144,2004-06-29 23:00:00
30/06/2004,00:00:00,2.5,1199.0,-200.0,13.1,1087.0,112.0,658.0,100.0,1954.0,1252.0,27.3,51.0,1.8287,2004-06-30 00:00:00
30/06/2004,01:00:00,0.9,965.0,-200.0,6.1,818.0,35.0,844.0,47.0,1681.0,777.0,26.8,52.4,1.8141,2004-06-30 01:00:00
30/06/2004,02:00:00,0.8,961.0,-200.0,5.8,801.0,33.0,850.0,44.0,1683.0,798.0,26.0,54.9,1.8141,2004-06-30 02:00:00
30/06/2004,03:00:00,0.7,901.0,-200.0,3.7,697.0,-200.0,952.0,-200.0,1586.0,800.0,26.8,51.9,1.8058,2004-06-30 03:00:00
30/06/2004,04:00:00,0.5,864.0,-200.0,2.6,629.0,28.0,1052.0,42.0,1558.0,728.0,26.9,51.8,1.805,2004-06-30 04:00:00
30/06/2004,05:00:00,0.7,952.0,-200.0,4.6,742.0,49.0,892.0,57.0,1656.0,953.0,24.6,59.1,1.8013,2004-06-30 05:00:00
30/06/2004,06:00:00,0.9,1009.0,-200.0,7.4,875.0,81.0,797.0,61.0,1738.0,1060.0,26.4,53.1,1.7987,2004-06-30 06:00:00
30/06/2004,07:00:00,2.2,1225.0,-200.0,15.2,1155.0,178.0,643.0,106.0,1992.0,1338.0,27.3,46.4,1.6542,2004-06-30 07:00:00
30/06/2004,08:00:00,2.8,1245.0,-200.0,16.7,1202.0,223.0,628.0,136.0,2039.0,1622.0,28.4,40.4,1.5442,2004-06-30 08:00:00
30/06/2004,09:00:00,2.9,1265.0,-200.0,17.0,1209.0,290.0,638.0,157.0,2015.0,1812.0,30.8,37.1,1.6169,2004-06-30 09:00:00
30/06/2004,10:00:00,2.9,1276.0,-200.0,18.0,1241.0,274.0,642.0,171.0,2024.0,1784.0,34.2,30.7,1.6252,2004-06-30 10:00:00
30/06/2004,11:00:00,3.0,1232.0,-200.0,16.1,1183.0,278.0,675.0,190.0,1920.0,1509.0,37.0,26.5,1.6352,2004-06-30 11:00:00
30/06/2004,12:00:00,2.5,1193.0,-200.0,13.4,1097.0,152.0,698.0,155.0,1832.0,1139.0,36.6,27.8,1.676,2004-06-30 12:00:00
30/06/2004,13:00:00,2.3,1162.0,-200.0,14.0,1117.0,118.0,700.0,139.0,1857.0,1044.0,36.9,26.9,1.6477,2004-06-30 13:00:00
30/06/2004,14:00:00,2.1,1126.0,-200.0,13.4,1097.0,141.0,723.0,152.0,1810.0,1015.0,39.3,22.2,1.552,2004-06-30 14:00:00
30/06/2004,15:00:00,1.9,1089.0,-200.0,10.4,993.0,131.0,801.0,143.0,1675.0,825.0,38.5,22.4,1.5018,2004-06-30 15:00:00
30/06/2004,16:00:00,2.3,1134.0,-200.0,12.7,1073.0,171.0,747.0,168.0,1765.0,1022.0,39.7,20.4,1.4594,2004-06-30 16:00:00
30/06/2004,17:00:00,4.2,1388.0,-200.0,24.5,1418.0,287.0,568.0,226.0,2250.0,1913.0,38.8,24.2,1.6433,2004-06-30 17:00:00
30/06/2004,18:00:00,4.9,1506.0,-200.0,27.8,1499.0,267.0,506.0,207.0,2485.0,2043.0,33.5,38.0,1.939,2004-06-30 18:00:00
30/06/2004,19:00:00,4.9,1352.0,-200.0,23.3,1385.0,280.0,563.0,197.0,2205.0,1661.0,34.0,32.9,1.7251,2004-06-30 19:00:00
30/06/2004,20:00:00,3.5,1217.0,-200.0,17.6,1227.0,224.0,641.0,158.0,2040.0,1404.0,31.9,33.7,1.5663,2004-06-30 20:00:00
30/06/2004,21:00:00,2.5,1149.0,-200.0,14.5,1132.0,137.0,688.0,124.0,1936.0,1233.0,30.2,37.6,1.587,2004-06-30 21:00:00
30/06/2004,22:00:00,2.5,1156.0,-200.0,14.4,1129.0,118.0,688.0,110.0,1941.0,1181.0,28.9,41.0,1.6096,2004-06-30 22:00:00
30/06/2004,23:00:00,2.6,1180.0,-200.0,14.2,1122.0,128.0,678.0,112.0,1921.0,1272.0,27.8,45.2,1.6604,2004-06-30 23:00:00
01/07/2004,00:00:00,2.3,1109.0,-200.0,12.9,1080.0,111.0,696.0,102.0,1874.0,1190.0,27.1,47.4,1.6701,2004-07-01 00:00:00
01/07/2004,01:00:00,1.5,1032.0,-200.0,9.9,974.0,66.0,763.0,77.0,1800.0,982.0,26.2,49.4,1.6555,2004-07-01 01:00:00
01/07/2004,02:00:00,0.9,893.0,-200.0,5.1,767.0,36.0,918.0,50.0,1607.0,805.0,26.9,49.3,1.7196,2004-07-01 02:00:00
01/07/2004,03:00:00,0.6,848.0,-200.0,2.8,642.0,-200.0,1079.0,-200.0,1536.0,654.0,26.3,50.8,1.7058,2004-07-01 03:00:00
01/07/2004,04:00:00,0.6,850.0,-200.0,3.2,664.0,31.0,1038.0,40.0,1568.0,727.0,24.9,54.6,1.6908,2004-07-01 04:00:00
01/07/2004,05:00:00,0.8,938.0,-200.0,5.4,782.0,75.0,879.0,66.0,1685.0,1001.0,23.4,58.6,1.6651,2004-07-01 05:00:00
01/07/2004,06:00:00,0.9,948.0,-200.0,6.4,828.0,66.0,858.0,60.0,1711.0,994.0,24.4,55.2,1.6604,2004-07-01 06:00:00
01/07/2004,07:00:00,2.4,1225.0,-200.0,17.1,1214.0,154.0,625.0,85.0,2090.0,1322.0,25.1,54.3,1.7057,2004-07-01 07:00:00
01/07/2004,08:00:00,3.9,1380.0,-200.0,22.3,1359.0,239.0,538.0,120.0,2337.0,1617.0,26.6,51.2,1.7565,2004-07-01 08:00:00
01/07/2004,09:00:00,2.9,1276.0,-200.0,14.6,1138.0,246.0,628.0,134.0,2021.0,1430.0,28.2,47.1,1.7752,2004-07-01 09:00:00
01/07/2004,10:00:00,2.7,1246.0,-200.0,13.3,1093.0,261.0,667.0,149.0,1942.0,1357.0,31.6,39.4,1.7969,2004-07-01 10:00:00
01/07/2004,11:00:00,2.0,1141.0,-200.0,10.5,996.0,179.0,767.0,125.0,1805.0,994.0,34.2,31.8,1.6837,2004-07-01 11:00:00
01/07/2004,12:00:00,2.4,1199.0,-200.0,14.2,1124.0,159.0,680.0,132.0,1940.0,1054.0,36.6,27.1,1.6352,2004-07-01 12:00:00
01/07/2004,13:00:00,2.0,1156.0,-200.0,12.2,1056.0,111.0,710.0,114.0,1842.0,945.0,37.6,26.9,1.715,2004-07-01 13:00:00
01/07/2004,14:00:00,1.8,1158.0,-200.0,10.1,983.0,101.0,751.0,110.0,1803.0,808.0,38.1,26.3,1.7213,2004-07-01 14:00:00
01/07/2004,15:00:00,1.9,1163.0,-200.0,11.7,1039.0,118.0,723.0,121.0,1814.0,888.0,37.8,26.9,1.7392,2004-07-01 15:00:00
01/07/2004,16:00:00,1.8,1078.0,-200.0,10.9,1009.0,120.0,767.0,127.0,1730.0,787.0,37.8,22.7,1.4653,2004-07-01 16:00:00
01/07/2004,17:00:00,2.9,1244.0,-200.0,17.3,1219.0,177.0,651.0,157.0,1949.0,1077.0,36.9,24.7,1.5134,2004-07-01 17:00:00
01/07/2004,18:00:00,3.3,1236.0,-200.0,18.0,1239.0,186.0,637.0,169.0,1986.0,1106.0,34.5,28.5,1.531,2004-07-01 18:00:00
01/07/2004,19:00:00,4.4,1364.0,-200.0,22.9,1376.0,235.0,580.0,179.0,2168.0,1356.0,32.5,30.9,1.4875,2004-07-01 19:00:00
01/07/2004,20:00:00,3.4,1193.0,-200.0,16.5,1196.0,195.0,675.0,149.0,1888.0,1152.0,30.9,30.4,1.338,2004-07-01 20:00:00
01/07/2004,21:00:00,1.9,1078.0,-200.0,10.2,985.0,106.0,778.0,111.0,1697.0,925.0,28.7,34.7,1.3457,2004-07-01 21:00:00
01/07/2004,22:00:00,2.1,1140.0,-200.0,11.6,1035.0,107.0,726.0,112.0,1779.0,1059.0,27.7,39.3,1.4372,2004-07-01 22:00:00
01/07/2004,23:00:00,2.5,1239.0,-200.0,14.3,1127.0,134.0,648.0,120.0,1930.0,1201.0,26.8,45.1,1.5645,2004-07-01 23:00:00
02/07/2004,00:00:00,2.3,1171.0,-200.0,13.3,1093.0,117.0,669.0,105.0,1862.0,1205.0,26.1,45.3,1.5115,2004-07-02 00:00:00
02/07/2004,01:00:00,1.7,1065.0,-200.0,10.0,977.0,83.0,736.0,90.0,1733.0,1103.0,25.9,46.1,1.5174,2004-07-02 01:00:00
02/07/2004,02:00:00,1.5,1024.0,-200.0,7.6,882.0,77.0,791.0,87.0,1662.0,1072.0,25.3,47.6,1.513,2004-07-02 02:00:00
02/07/2004,03:00:00,0.8,873.0,-200.0,3.4,679.0,-200.0,1010.0,-200.0,1501.0,713.0,26.6,43.0,1.4773,2004-07-02 03:00:00
02/07/2004,04:00:00,-200.0,874.0,-200.0,3.3,668.0,37.0,1043.0,54.0,1513.0,737.0,25.3,47.2,1.5025,2004-07-02 04:00:00
02/07/2004,05:00:00,0.5,887.0,-200.0,2.9,647.0,50.0,1046.0,61.0,1500.0,740.0,25.1,48.0,1.5115,2004-07-02 05:00:00
02/07/2004,06:00:00,0.8,993.0,-200.0,5.6,795.0,60.0,888.0,63.0,1629.0,770.0,24.8,50.6,1.5654,2004-07-02 06:00:00
02/07/2004,07:00:00,2.6,1299.0,-200.0,17.5,1225.0,179.0,620.0,102.0,2077.0,1327.0,25.7,49.7,1.615,2004-07-02 07:00:00
02/07/2004,08:00:00,4.9,1529.0,-200.0,29.0,1526.0,300.0,476.0,149.0,2559.0,1763.0,27.4,45.5,1.6396,2004-07-02 08:00:00
02/07/2004,09:00:00,2.9,1320.0,-200.0,17.0,1210.0,263.0,595.0,147.0,2052.0,1477.0,29.3,40.0,1.6082,2004-07-02 09:00:00
02/07/2004,10:00:00,2.8,1226.0,-200.0,15.6,1168.0,265.0,650.0,158.0,1952.0,1311.0,33.6,28.7,1.4693,2004-07-02 10:00:00
02/07/2004,11:00:00,1.8,1105.0,-200.0,10.1,980.0,164.0,777.0,112.0,1745.0,980.0,34.6,27.7,1.4991,2004-07-02 11:00:00
02/07/2004,12:00:00,1.8,1160.0,-200.0,11.7,1040.0,122.0,720.0,108.0,1810.0,961.0,35.6,27.2,1.5557,2004-07-02 12:00:00
02/07/2004,13:00:00,1.9,1125.0,-200.0,12.0,1051.0,125.0,730.0,120.0,1771.0,923.0,36.9,23.3,1.4313,2004-07-02 13:00:00
02/07/2004,14:00:00,1.7,1099.0,-200.0,11.0,1015.0,125.0,763.0,117.0,1732.0,839.0,38.8,20.7,1.4036,2004-07-02 14:00:00
02/07/2004,15:00:00,1.7,1124.0,-200.0,11.2,1021.0,115.0,745.0,119.0,1735.0,827.0,38.1,22.6,1.4868,2004-07-02 15:00:00
02/07/2004,16:00:00,1.9,1105.0,-200.0,10.5,995.0,162.0,778.0,149.0,1681.0,821.0,37.1,23.0,1.4229,2004-07-02 16:00:00
02/07/2004,17:00:00,2.1,1035.0,-200.0,11.8,1043.0,149.0,804.0,174.0,1647.0,749.0,34.8,19.3,1.0543,2004-07-02 17:00:00
02/07/2004,18:00:00,2.4,1065.0,-200.0,13.8,1110.0,161.0,757.0,163.0,1691.0,871.0,33.6,20.7,1.059,2004-07-02 18:00:00
02/07/2004,19:00:00,3.0,1051.0,-200.0,17.3,1220.0,201.0,739.0,161.0,1729.0,1077.0,31.4,18.5,0.8376,2004-07-02 19:00:00
02/07/2004,20:00:00,2.8,1073.0,-200.0,14.2,1124.0,209.0,752.0,154.0,1688.0,1175.0,29.5,23.8,0.9623,2004-07-02 20:00:00
02/07/2004,21:00:00,1.9,1008.0,-200.0,10.7,1004.0,133.0,817.0,124.0,1588.0,1125.0,27.4,27.1,0.9736,2004-07-02 21:00:00
02/07/2004,22:00:00,2.1,1090.0,-200.0,12.7,1073.0,133.0,745.0,122.0,1693.0,1124.0,26.1,31.1,1.0338,2004-07-02 22:00:00
02/07/2004,23:00:00,1.8,1048.0,-200.0,10.1,983.0,134.0,780.0,119.0,1643.0,1064.0,25.5,34.0,1.0935,2004-07-02 23:00:00
03/07/2004,00:00:00,2.5,1131.0,-200.0,13.1,1087.0,164.0,705.0,131.0,1738.0,1240.0,24.0,37.8,1.1125,2004-07-03 00:00:00
03/07/2004,01:00:00,1.1,953.0,-200.0,7.4,874.0,72.0,854.0,84.0,1528.0,899.0,24.2,37.3,1.1118,2004-07-03 01:00:00
03/07/2004,02:00:00,0.7,897.0,-200.0,4.6,745.0,50.0,968.0,77.0,1461.0,807.0,23.4,40.6,1.1571,2004-07-03 02:00:00
03/07/2004,03:00:00,0.7,900.0,-200.0,4.7,750.0,-200.0,932.0,-200.0,1494.0,817.0,21.8,46.6,1.1991,2004-07-03 03:00:00
03/07/2004,04:00:00,0.4,828.0,-200.0,2.8,639.0,27.0,1077.0,41.0,1371.0,573.0,22.6,43.0,1.1629,2004-07-03 04:00:00
03/07/2004,05:00:00,0.7,892.0,-200.0,4.5,739.0,74.0,964.0,68.0,1479.0,768.0,20.2,50.7,1.1844,2004-07-03 05:00:00
03/07/2004,06:00:00,0.7,914.0,-200.0,5.9,809.0,69.0,912.0,69.0,1530.0,807.0,20.5,49.3,1.176,2004-07-03 06:00:00
03/07/2004,07:00:00,1.8,1096.0,-200.0,11.1,1017.0,162.0,722.0,101.0,1743.0,1204.0,21.4,48.0,1.2086,2004-07-03 07:00:00
03/07/2004,08:00:00,2.3,1173.0,-200.0,14.4,1130.0,208.0,648.0,120.0,1885.0,1401.0,23.2,43.9,1.2344,2004-07-03 08:00:00
03/07/2004,09:00:00,1.9,1125.0,-200.0,11.1,1016.0,168.0,712.0,124.0,1725.0,1256.0,25.3,40.7,1.2921,2004-07-03 09:00:00
03/07/2004,10:00:00,1.7,1079.0,-200.0,9.9,976.0,139.0,781.0,113.0,1669.0,999.0,29.9,31.1,1.2883,2004-07-03 10:00:00
03/07/2004,11:00:00,1.3,974.0,-200.0,8.8,930.0,104.0,872.0,97.0,1536.0,712.0,33.9,21.3,1.1067,2004-07-03 11:00:00
03/07/2004,12:00:00,1.5,977.0,-200.0,9.9,973.0,99.0,865.0,94.0,1550.0,712.0,36.3,16.0,0.9465,2004-07-03 12:00:00
03/07/2004,13:00:00,1.3,912.0,-200.0,7.4,873.0,89.0,946.0,86.0,1436.0,614.0,36.6,15.2,0.9177,2004-07-03 13:00:00
03/07/2004,14:00:00,0.8,896.0,-200.0,6.1,817.0,57.0,992.0,70.0,1426.0,554.0,37.4,15.8,0.9998,2004-07-03 14:00:00
03/07/2004,15:00:00,0.8,896.0,-200.0,6.2,822.0,64.0,1002.0,70.0,1391.0,722.0,37.9,15.0,0.9721,2004-07-03 15:00:00
03/07/2004,16:00:00,1.1,956.0,-200.0,7.1,862.0,65.0,930.0,82.0,1479.0,636.0,38.0,16.8,1.0933,2004-07-03 16:00:00
03/07/2004,17:00:00,1.2,970.0,-200.0,8.0,900.0,79.0,909.0,93.0,1524.0,664.0,36.9,17.5,1.0789,2004-07-03 17:00:00
03/07/2004,18:00:00,1.2,929.0,-200.0,7.3,869.0,80.0,942.0,89.0,1454.0,624.0,35.3,17.0,0.9561,2004-07-03 18:00:00
03/07/2004,19:00:00,1.4,947.0,-200.0,8.7,926.0,81.0,905.0,90.0,1484.0,659.0,31.9,20.4,0.9462,2004-07-03 19:00:00
03/07/2004,20:00:00,1.1,1003.0,-200.0,7.5,880.0,59.0,864.0,67.0,1537.0,695.0,29.1,29.6,1.1792,2004-07-03 20:00:00
03/07/2004,21:00:00,1.5,1045.0,-200.0,9.0,940.0,90.0,822.0,94.0,1658.0,920.0,27.4,33.4,1.2022,2004-07-03 21:00:00
03/07/2004,22:00:00,2.0,1125.0,-200.0,11.6,1035.0,122.0,728.0,109.0,1726.0,1150.0,26.7,35.8,1.2318,2004-07-03 22:00:00
03/07/2004,23:00:00,1.9,1138.0,-200.0,10.2,985.0,120.0,742.0,103.0,1710.0,1141.0,25.2,42.7,1.3473,2004-07-03 23:00:00
04/07/2004,00:00:00,2.2,1217.0,-200.0,12.3,1060.0,126.0,660.0,101.0,1840.0,1227.0,24.0,51.9,1.5252,2004-07-04 00:00:00
04/07/2004,01:00:00,1.1,983.0,-200.0,6.4,831.0,68.0,847.0,71.0,1585.0,887.0,24.5,44.4,1.3476,2004-07-04 01:00:00
04/07/2004,02:00:00,1.1,1007.0,-200.0,7.2,864.0,65.0,816.0,71.0,1639.0,987.0,22.6,51.0,1.3805,2004-07-04 02:00:00
04/07/2004,03:00:00,0.8,957.0,-200.0,6.1,816.0,-200.0,846.0,-200.0,1613.0,903.0,22.2,52.7,1.3891,2004-07-04 03:00:00
04/07/2004,04:00:00,0.6,914.0,-200.0,4.3,725.0,38.0,949.0,49.0,1550.0,780.0,21.2,56.8,1.4094,2004-07-04 04:00:00
04/07/2004,05:00:00,0.6,886.0,-200.0,3.8,702.0,31.0,971.0,43.0,1528.0,767.0,20.3,59.6,1.3994,2004-07-04 05:00:00
04/07/2004,06:00:00,0.6,899.0,-200.0,4.0,708.0,40.0,972.0,44.0,1559.0,780.0,21.3,56.7,1.4178,2004-07-04 06:00:00
04/07/2004,07:00:00,0.6,942.0,-200.0,4.2,723.0,36.0,968.0,42.0,1573.0,698.0,23.0,54.6,1.5177,2004-07-04 07:00:00
04/07/2004,08:00:00,1.1,1022.0,-200.0,6.1,817.0,64.0,835.0,69.0,1669.0,821.0,23.7,54.3,1.5731,2004-07-04 08:00:00
04/07/2004,09:00:00,1.0,1009.0,-200.0,6.0,810.0,56.0,859.0,65.0,1634.0,772.0,25.4,49.3,1.5732,2004-07-04 09:00:00
04/07/2004,10:00:00,1.0,1025.0,-200.0,5.9,809.0,56.0,877.0,68.0,1606.0,690.0,29.6,37.7,1.544,2004-07-04 10:00:00
04/07/2004,11:00:00,1.0,977.0,-200.0,5.4,783.0,43.0,939.0,58.0,1543.0,586.0,33.9,26.2,1.3664,2004-07-04 11:00:00
04/07/2004,12:00:00,0.8,936.0,-200.0,4.9,757.0,40.0,1007.0,52.0,1459.0,523.0,35.8,22.4,1.2933,2004-07-04 12:00:00
04/07/2004,13:00:00,0.7,884.0,-200.0,3.9,703.0,34.0,1076.0,46.0,1394.0,488.0,37.9,18.8,1.222,2004-07-04 13:00:00
04/07/2004,14:00:00,0.4,809.0,-200.0,3.2,664.0,28.0,1185.0,40.0,1270.0,427.0,38.5,14.8,0.9942,2004-07-04 14:00:00
04/07/2004,15:00:00,0.5,852.0,-200.0,4.1,718.0,32.0,1109.0,47.0,1307.0,468.0,39.3,14.5,1.0149,2004-07-04 15:00:00
04/07/2004,16:00:00,0.6,872.0,-200.0,4.0,708.0,39.0,1106.0,56.0,1331.0,489.0,38.9,15.6,1.0613,2004-07-04 16:00:00
04/07/2004,17:00:00,0.7,839.0,-200.0,4.8,752.0,52.0,1102.0,64.0,1298.0,515.0,37.9,12.7,0.8211,2004-07-04 17:00:00
04/07/2004,18:00:00,0.9,854.0,-200.0,5.5,788.0,60.0,1064.0,71.0,1310.0,562.0,35.8,13.4,0.7749,2004-07-04 18:00:00
04/07/2004,19:00:00,1.6,971.0,-200.0,9.1,942.0,104.0,900.0,103.0,1541.0,776.0,32.3,19.7,0.9345,2004-07-04 19:00:00
04/07/2004,20:00:00,1.6,985.0,-200.0,9.1,944.0,102.0,866.0,97.0,1541.0,833.0,30.1,23.5,0.9869,2004-07-04 20:00:00
04/07/2004,21:00:00,1.7,1027.0,-200.0,10.1,981.0,120.0,817.0,108.0,1631.0,1023.0,28.2,28.7,1.0806,2004-07-04 21:00:00
04/07/2004,22:00:00,1.3,1012.0,-200.0,7.4,876.0,89.0,853.0,87.0,1580.0,967.0,26.0,35.7,1.1842,2004-07-04 22:00:00
04/07/2004,23:00:00,1.9,1086.0,-200.0,9.9,973.0,121.0,766.0,104.0,1656.0,1089.0,25.3,39.2,1.2452,2004-07-04 23:00:00
05/07/2004,00:00:00,1.5,1025.0,-200.0,9.0,939.0,107.0,790.0,93.0,1635.0,1103.0,24.7,38.7,1.1845,2004-07-05 00:00:00
05/07/2004,01:00:00,0.6,848.0,-200.0,3.7,692.0,41.0,1034.0,55.0,1412.0,734.0,25.5,35.7,1.1499,2004-07-05 01:00:00
05/07/2004,02:00:00,0.4,839.0,-200.0,3.0,652.0,34.0,1075.0,49.0,1405.0,671.0,22.5,43.2,1.1589,2004-07-05 02:00:00
05/07/2004,03:00:00,0.3,814.0,-200.0,2.5,618.0,-200.0,1097.0,-200.0,1400.0,696.0,21.6,46.1,1.1761,2004-07-05 03:00:00
05/07/2004,04:00:00,-200.0,816.0,-200.0,2.6,624.0,41.0,1073.0,56.0,1422.0,729.0,19.7,51.4,1.1688,2004-07-05 04:00:00
05/07/2004,05:00:00,0.4,799.0,-200.0,2.4,613.0,38.0,1120.0,43.0,1387.0,641.0,21.6,45.7,1.1665,2004-07-05 05:00:00
05/07/2004,06:00:00,0.7,879.0,-200.0,5.6,792.0,59.0,906.0,57.0,1521.0,825.0,21.1,47.3,1.1654,2004-07-05 06:00:00
05/07/2004,07:00:00,2.0,1104.0,-200.0,14.3,1125.0,165.0,697.0,80.0,1815.0,1179.0,21.6,44.1,1.1269,2004-07-05 07:00:00
05/07/2004,08:00:00,3.9,1344.0,-200.0,27.7,1496.0,287.0,519.0,134.0,2311.0,1651.0,23.7,37.9,1.0988,2004-07-05 08:00:00
05/07/2004,09:00:00,3.6,1226.0,-200.0,19.1,1272.0,317.0,632.0,157.0,1901.0,1474.0,26.0,30.1,0.9953,2004-07-05 09:00:00
05/07/2004,10:00:00,3.2,1157.0,-200.0,15.9,1176.0,330.0,691.0,175.0,1779.0,1370.0,30.6,23.2,1.001,2004-07-05 10:00:00
05/07/2004,11:00:00,2.2,1059.0,-200.0,12.3,1060.0,204.0,798.0,147.0,1638.0,1141.0,34.1,19.1,1.0048,2004-07-05 11:00:00
05/07/2004,12:00:00,2.2,1076.0,-200.0,12.2,1057.0,189.0,778.0,140.0,1633.0,1076.0,36.2,18.0,1.0636,2004-07-05 12:00:00
05/07/2004,13:00:00,2.1,1066.0,-200.0,11.7,1041.0,165.0,783.0,137.0,1641.0,1036.0,37.4,17.3,1.0914,2004-07-05 13:00:00
05/07/2004,14:00:00,1.8,1049.0,-200.0,10.4,994.0,139.0,813.0,123.0,1580.0,881.0,39.5,15.6,1.102,2004-07-05 14:00:00
05/07/2004,15:00:00,2.0,1097.0,-200.0,12.7,1074.0,156.0,776.0,138.0,1671.0,960.0,40.4,14.9,1.1033,2004-07-05 15:00:00
05/07/2004,16:00:00,1.8,1087.0,-200.0,11.1,1018.0,130.0,791.0,132.0,1624.0,883.0,40.1,16.1,1.1699,2004-07-05 16:00:00
05/07/2004,17:00:00,3.0,1269.0,-200.0,19.0,1269.0,173.0,633.0,174.0,1942.0,1221.0,39.3,18.9,1.3251,2004-07-05 17:00:00
05/07/2004,18:00:00,4.3,1328.0,-200.0,24.1,1405.0,302.0,584.0,203.0,2072.0,1518.0,37.3,19.9,1.2437,2004-07-05 18:00:00
05/07/2004,19:00:00,3.5,1200.0,-200.0,19.1,1270.0,239.0,654.0,176.0,1906.0,1264.0,33.6,22.9,1.1747,2004-07-05 19:00:00
05/07/2004,20:00:00,2.5,1098.0,-200.0,13.6,1105.0,139.0,732.0,125.0,1768.0,1061.0,30.7,28.9,1.2501,2004-07-05 20:00:00
05/07/2004,21:00:00,1.8,1058.0,-200.0,10.7,1004.0,92.0,776.0,98.0,1684.0,947.0,28.8,32.8,1.2776,2004-07-05 21:00:00
05/07/2004,22:00:00,1.9,1081.0,-200.0,11.3,1025.0,104.0,738.0,103.0,1757.0,1059.0,27.3,36.8,1.3207,2004-07-05 22:00:00
05/07/2004,23:00:00,1.9,1062.0,-200.0,9.6,962.0,108.0,776.0,104.0,1674.0,1030.0,26.2,39.7,1.3249,2004-07-05 23:00:00
06/07/2004,00:00:00,1.9,1078.0,-200.0,9.8,971.0,107.0,752.0,105.0,1694.0,1065.0,25.4,43.0,1.37,2004-07-06 00:00:00
06/07/2004,01:00:00,0.9,917.0,-200.0,4.9,761.0,55.0,931.0,75.0,1497.0,893.0,25.8,41.0,1.3461,2004-07-06 01:00:00
06/07/2004,02:00:00,0.7,881.0,-200.0,4.1,718.0,43.0,965.0,60.0,1510.0,837.0,23.3,48.4,1.3677,2004-07-06 02:00:00
06/07/2004,03:00:00,0.6,865.0,-200.0,3.3,671.0,-200.0,1012.0,-200.0,1477.0,807.0,23.5,47.8,1.3607,2004-07-06 03:00:00
06/07/2004,04:00:00,0.4,829.0,-200.0,2.2,602.0,23.0,1123.0,36.0,1410.0,596.0,23.5,46.7,1.3361,2004-07-06 04:00:00
06/07/2004,05:00:00,0.7,913.0,-200.0,4.6,743.0,65.0,931.0,66.0,1540.0,884.0,21.8,52.3,1.3539,2004-07-06 05:00:00
06/07/2004,06:00:00,1.6,1077.0,-200.0,10.2,985.0,165.0,742.0,97.0,1780.0,1170.0,21.8,52.5,1.3529,2004-07-06 06:00:00
06/07/2004,07:00:00,3.8,1337.0,-200.0,23.3,1386.0,274.0,565.0,115.0,2196.0,1596.0,22.9,49.1,1.3546,2004-07-06 07:00:00
06/07/2004,08:00:00,5.1,1467.0,-200.0,31.0,1575.0,369.0,472.0,145.0,2460.0,1873.0,24.9,43.3,1.3422,2004-07-06 08:00:00
06/07/2004,09:00:00,3.4,1257.0,-200.0,17.6,1227.0,308.0,611.0,162.0,1954.0,1608.0,26.7,39.4,1.3556,2004-07-06 09:00:00
06/07/2004,10:00:00,2.6,1227.0,-200.0,14.3,1125.0,227.0,675.0,147.0,1835.0,1470.0,30.5,32.9,1.4135,2004-07-06 10:00:00
06/07/2004,11:00:00,2.2,1188.0,-200.0,13.7,1108.0,178.0,693.0,132.0,1818.0,1275.0,34.2,27.2,1.4404,2004-07-06 11:00:00
06/07/2004,12:00:00,3.4,1301.0,-200.0,19.3,1276.0,267.0,631.0,179.0,1953.0,1407.0,38.2,20.9,1.3701,2004-07-06 12:00:00
06/07/2004,13:00:00,3.4,1201.0,-200.0,19.3,1278.0,278.0,657.0,174.0,1892.0,1302.0,39.6,16.9,1.2028,2004-07-06 13:00:00
06/07/2004,14:00:00,1.8,1058.0,-200.0,11.3,1026.0,165.0,794.0,132.0,1622.0,931.0,39.9,15.8,1.141,2004-07-06 14:00:00
06/07/2004,15:00:00,2.0,1037.0,-200.0,12.7,1075.0,172.0,789.0,151.0,1604.0,917.0,40.2,13.9,1.02,2004-07-06 15:00:00
06/07/2004,16:00:00,2.4,1055.0,-200.0,15.3,1157.0,216.0,762.0,168.0,1674.0,985.0,39.6,13.2,0.9332,2004-07-06 16:00:00
06/07/2004,17:00:00,3.8,1179.0,-200.0,22.5,1364.0,306.0,661.0,192.0,1845.0,1265.0,39.5,12.6,0.8894,2004-07-06 17:00:00
06/07/2004,18:00:00,4.4,1298.0,-200.0,25.0,1430.0,317.0,632.0,194.0,1946.0,2475.0,37.9,13.9,0.9015,2004-07-06 18:00:00
06/07/2004,19:00:00,3.9,1213.0,-200.0,21.1,1327.0,251.0,654.0,155.0,1864.0,2021.0,34.2,17.9,0.9444,2004-07-06 19:00:00
06/07/2004,20:00:00,4.0,1233.0,-200.0,23.8,1398.0,230.0,613.0,159.0,1975.0,1834.0,32.6,20.6,0.9939,2004-07-06 20:00:00
06/07/2004,21:00:00,2.5,1086.0,-200.0,14.9,1145.0,154.0,737.0,125.0,1717.0,1426.0,30.4,23.2,0.9889,2004-07-06 21:00:00
06/07/2004,22:00:00,2.1,1056.0,-200.0,12.8,1078.0,137.0,765.0,108.0,1668.0,1272.0,28.8,25.1,0.9793,2004-07-06 22:00:00
06/07/2004,23:00:00,2.4,1138.0,-200.0,14.3,1128.0,133.0,681.0,110.0,1737.0,1490.0,27.8,29.9,1.1018,2004-07-06 23:00:00
07/07/2004,00:00:00,2.1,1112.0,-200.0,14.3,1128.0,117.0,675.0,99.0,1771.0,1440.0,26.9,32.6,1.1381,2004-07-07 00:00:00
07/07/2004,01:00:00,1.6,992.0,-200.0,9.2,948.0,106.0,773.0,95.0,1609.0,1271.0,26.3,33.7,1.1377,2004-07-07 01:00:00
07/07/2004,02:00:00,0.8,895.0,-200.0,5.1,767.0,55.0,931.0,69.0,1463.0,985.0,25.7,33.9,1.1065,2004-07-07 02:00:00
07/07/2004,03:00:00,0.5,843.0,-200.0,3.0,655.0,-200.0,1046.0,-200.0,1377.0,826.0,24.8,36.0,1.1109,2004-07-07 03:00:00
07/07/2004,04:00:00,0.4,828.0,-200.0,2.6,626.0,27.0,1073.0,45.0,1362.0,754.0,25.5,34.6,1.1096,2004-07-07 04:00:00
07/07/2004,05:00:00,0.5,894.0,-200.0,4.0,709.0,46.0,997.0,53.0,1432.0,853.0,24.0,37.8,1.1077,2004-07-07 05:00:00
07/07/2004,06:00:00,1.3,1072.0,-200.0,9.9,976.0,144.0,740.0,88.0,1673.0,1340.0,23.9,39.3,1.1522,2004-07-07 06:00:00
07/07/2004,07:00:00,4.1,1425.0,-200.0,27.3,1486.0,392.0,512.0,136.0,2305.0,1869.0,24.8,38.4,1.1808,2004-07-07 07:00:00
07/07/2004,08:00:00,4.1,1428.0,-200.0,27.9,1500.0,358.0,496.0,141.0,2275.0,2021.0,26.9,34.4,1.2036,2004-07-07 08:00:00
07/07/2004,09:00:00,4.0,1359.0,-200.0,24.5,1415.0,381.0,572.0,189.0,2081.0,1902.0,29.6,28.7,1.1706,2004-07-07 09:00:00
07/07/2004,10:00:00,2.2,1182.0,-200.0,14.2,1122.0,261.0,730.0,166.0,1707.0,1527.0,34.6,21.1,1.1398,2004-07-07 10:00:00
07/07/2004,11:00:00,2.0,1117.0,-200.0,11.9,1045.0,207.0,761.0,154.0,1623.0,1260.0,38.3,17.0,1.1216,2004-07-07 11:00:00
07/07/2004,12:00:00,2.0,1119.0,-200.0,13.1,1088.0,155.0,741.0,149.0,1640.0,1124.0,40.4,14.5,1.0736,2004-07-07 12:00:00
07/07/2004,13:00:00,2.2,1068.0,-200.0,15.1,1152.0,193.0,739.0,142.0,1683.0,1309.0,42.6,9.6,0.8012,2004-07-07 13:00:00
07/07/2004,14:00:00,2.2,1090.0,-200.0,14.1,1120.0,195.0,743.0,130.0,1629.0,1283.0,42.5,10.2,0.8478,2004-07-07 14:00:00
07/07/2004,15:00:00,1.8,1056.0,-200.0,11.3,1024.0,159.0,792.0,121.0,1555.0,1068.0,41.0,11.6,0.8872,2004-07-07 15:00:00
07/07/2004,16:00:00,1.8,1098.0,-200.0,10.8,1007.0,120.0,799.0,116.0,1546.0,937.0,41.3,13.0,1.0154,2004-07-07 16:00:00
07/07/2004,17:00:00,3.3,1318.0,-200.0,21.5,1339.0,228.0,635.0,177.0,1925.0,1416.0,39.2,14.5,1.0106,2004-07-07 17:00:00
07/07/2004,18:00:00,4.3,1348.0,-200.0,21.8,1347.0,348.0,599.0,233.0,1903.0,1611.0,36.9,17.9,1.096,2004-07-07 18:00:00
07/07/2004,19:00:00,5.3,1502.0,-200.0,29.8,1546.0,337.0,538.0,223.0,2199.0,1919.0,35.6,20.4,1.1646,2004-07-07 19:00:00
07/07/2004,20:00:00,4.3,1373.0,-200.0,22.5,1364.0,282.0,597.0,184.0,2005.0,1745.0,33.7,22.6,1.1658,2004-07-07 20:00:00
07/07/2004,21:00:00,3.6,1397.0,-200.0,21.8,1346.0,228.0,580.0,165.0,2017.0,1837.0,31.5,27.8,1.2671,2004-07-07 21:00:00
07/07/2004,22:00:00,2.4,1286.0,-200.0,17.1,1214.0,168.0,620.0,132.0,1880.0,1759.0,31.1,29.3,1.3055,2004-07-07 22:00:00
07/07/2004,23:00:00,2.1,1222.0,-200.0,15.4,1161.0,173.0,661.0,122.0,1827.0,1593.0,30.2,30.9,1.3026,2004-07-07 23:00:00
08/07/2004,00:00:00,1.2,1069.0,-200.0,10.2,983.0,87.0,749.0,88.0,1627.0,1357.0,29.8,30.2,1.2502,2004-07-08 00:00:00
08/07/2004,01:00:00,0.9,1011.0,-200.0,7.2,864.0,65.0,809.0,79.0,1532.0,1231.0,28.4,32.5,1.2361,2004-07-08 01:00:00
08/07/2004,02:00:00,0.6,962.0,-200.0,5.8,803.0,43.0,853.0,60.0,1507.0,1066.0,27.5,34.0,1.231,2004-07-08 02:00:00
08/07/2004,03:00:00,0.5,919.0,-200.0,4.2,723.0,-200.0,910.0,-200.0,1443.0,992.0,26.8,35.3,1.2243,2004-07-08 03:00:00
08/07/2004,04:00:00,-200.0,969.0,-200.0,5.1,769.0,43.0,866.0,60.0,1485.0,1063.0,24.5,40.4,1.2251,2004-07-08 04:00:00
08/07/2004,05:00:00,0.6,986.0,-200.0,5.4,784.0,66.0,839.0,74.0,1503.0,1204.0,25.6,38.8,1.2545,2004-07-08 05:00:00
08/07/2004,06:00:00,0.6,990.0,-200.0,6.2,821.0,57.0,848.0,62.0,1511.0,1079.0,27.5,34.6,1.2518,2004-07-08 06:00:00
08/07/2004,07:00:00,2.2,1296.0,-200.0,16.9,1208.0,231.0,603.0,115.0,1914.0,1593.0,25.9,37.4,1.2289,2004-07-08 07:00:00
08/07/2004,08:00:00,3.2,1371.0,-200.0,23.2,1384.0,219.0,545.0,119.0,2082.0,1745.0,28.5,32.5,1.2441,2004-07-08 08:00:00
08/07/2004,09:00:00,3.0,1385.0,-200.0,18.0,1240.0,288.0,596.0,155.0,1919.0,1847.0,29.5,32.7,1.3229,2004-07-08 09:00:00
08/07/2004,10:00:00,2.7,1381.0,-200.0,17.6,1227.0,312.0,595.0,162.0,1903.0,1845.0,29.8,33.1,1.3693,2004-07-08 10:00:00
08/07/2004,11:00:00,3.2,1396.0,-200.0,20.3,1306.0,361.0,587.0,189.0,1934.0,1886.0,33.4,26.8,1.3586,2004-07-08 11:00:00
08/07/2004,12:00:00,1.4,1070.0,-200.0,10.6,1000.0,147.0,801.0,115.0,1538.0,1039.0,40.3,15.8,1.1604,2004-07-08 12:00:00
08/07/2004,13:00:00,1.3,1076.0,-200.0,9.9,972.0,111.0,819.0,109.0,1525.0,923.0,41.8,15.0,1.1989,2004-07-08 13:00:00
08/07/2004,14:00:00,1.4,1126.0,-200.0,10.7,1004.0,98.0,788.0,108.0,1609.0,926.0,41.1,15.7,1.2071,2004-07-08 14:00:00
08/07/2004,15:00:00,2.1,1225.0,-200.0,16.5,1196.0,156.0,673.0,145.0,1775.0,1277.0,41.9,14.8,1.1944,2004-07-08 15:00:00
08/07/2004,16:00:00,2.4,1202.0,-200.0,16.9,1206.0,213.0,671.0,167.0,1807.0,1301.0,40.9,14.6,1.114,2004-07-08 16:00:00
08/07/2004,17:00:00,3.1,1308.0,-200.0,20.5,1310.0,250.0,628.0,200.0,1891.0,1385.0,39.1,16.9,1.1705,2004-07-08 17:00:00
08/07/2004,18:00:00,3.5,1440.0,-200.0,19.4,1281.0,253.0,580.0,178.0,2021.0,1474.0,36.4,27.3,1.6308,2004-07-08 18:00:00
08/07/2004,19:00:00,5.1,1611.0,-200.0,30.0,1552.0,317.0,487.0,206.0,2371.0,1948.0,34.9,29.3,1.611,2004-07-08 19:00:00
08/07/2004,20:00:00,4.5,1387.0,-200.0,24.6,1419.0,309.0,559.0,192.0,2113.0,1677.0,33.6,26.4,1.3515,2004-07-08 20:00:00
08/07/2004,21:00:00,2.9,1268.0,-200.0,16.9,1206.0,201.0,648.0,137.0,1900.0,1434.0,32.2,27.6,1.3044,2004-07-08 21:00:00
08/07/2004,22:00:00,2.6,1237.0,-200.0,15.8,1175.0,173.0,660.0,128.0,1834.0,1424.0,30.5,29.7,1.2742,2004-07-08 22:00:00
08/07/2004,23:00:00,2.7,1302.0,-200.0,16.6,1198.0,156.0,628.0,121.0,1934.0,1504.0,29.4,35.6,1.4383,2004-07-08 23:00:00
09/07/2004,00:00:00,3.2,1347.0,-200.0,19.5,1282.0,190.0,575.0,136.0,1996.0,1661.0,29.1,34.8,1.38,2004-07-09 00:00:00
09/07/2004,01:00:00,2.3,1355.0,-200.0,16.6,1198.0,129.0,564.0,109.0,1905.0,1714.0,27.7,41.9,1.537,2004-07-09 01:00:00
09/07/2004,02:00:00,1.0,1023.0,-200.0,6.2,822.0,65.0,823.0,74.0,1585.0,1050.0,27.9,41.6,1.5425,2004-07-09 02:00:00
09/07/2004,03:00:00,0.5,903.0,-200.0,2.7,631.0,-200.0,1070.0,-200.0,1458.0,550.0,27.8,43.7,1.6039,2004-07-09 03:00:00
09/07/2004,04:00:00,0.4,876.0,-200.0,2.3,605.0,29.0,1144.0,40.0,1432.0,456.0,27.4,42.2,1.5177,2004-07-09 04:00:00
09/07/2004,05:00:00,0.6,932.0,-200.0,3.9,707.0,58.0,1011.0,61.0,1509.0,554.0,26.6,42.8,1.4713,2004-07-09 05:00:00
09/07/2004,06:00:00,1.0,1020.0,-200.0,7.2,866.0,92.0,847.0,83.0,1636.0,744.0,26.9,40.3,1.4041,2004-07-09 06:00:00
09/07/2004,07:00:00,2.9,1264.0,-200.0,18.1,1241.0,228.0,609.0,129.0,1989.0,1280.0,27.0,37.3,1.3081,2004-07-09 07:00:00
09/07/2004,08:00:00,2.7,1179.0,-200.0,15.1,1153.0,172.0,654.0,-200.0,1877.0,1096.0,27.0,35.3,1.2396,2004-07-09 08:00:00
09/07/2004,09:00:00,1.8,1079.0,-200.0,9.7,966.0,154.0,785.0,115.0,1640.0,927.0,27.4,32.0,1.1545,2004-07-09 09:00:00
09/07/2004,10:00:00,1.8,1036.0,-200.0,9.4,955.0,166.0,829.0,130.0,1527.0,840.0,30.5,24.7,1.0592,2004-07-09 10:00:00
09/07/2004,11:00:00,1.7,1002.0,-200.0,9.6,964.0,149.0,828.0,137.0,1546.0,786.0,32.9,20.1,0.9902,2004-07-09 11:00:00
09/07/2004,12:00:00,1.5,995.0,-200.0,9.5,959.0,111.0,856.0,116.0,1544.0,690.0,33.9,18.4,0.9587,2004-07-09 12:00:00
09/07/2004,13:00:00,1.7,1008.0,-200.0,9.6,962.0,145.0,845.0,129.0,1545.0,742.0,34.4,19.3,1.0325,2004-07-09 13:00:00
09/07/2004,14:00:00,1.3,978.0,-200.0,9.6,962.0,105.0,846.0,117.0,1527.0,680.0,34.2,19.6,1.0399,2004-07-09 14:00:00
09/07/2004,15:00:00,1.5,989.0,-200.0,10.3,990.0,113.0,822.0,138.0,1577.0,705.0,33.2,20.4,1.0195,2004-07-09 15:00:00
09/07/2004,16:00:00,1.5,961.0,-200.0,10.2,985.0,115.0,845.0,139.0,1554.0,677.0,32.4,19.1,0.915,2004-07-09 16:00:00
09/07/2004,17:00:00,2.3,1009.0,-200.0,14.0,1116.0,202.0,779.0,180.0,1602.0,877.0,32.2,17.1,0.8124,2004-07-09 17:00:00
09/07/2004,18:00:00,2.2,970.0,-200.0,14.0,1117.0,180.0,786.0,162.0,1579.0,844.0,31.0,17.1,0.7526,2004-07-09 18:00:00
09/07/2004,19:00:00,2.8,1097.0,-200.0,16.6,1199.0,190.0,699.0,158.0,1738.0,1006.0,28.3,24.9,0.9412,2004-07-09 19:00:00
09/07/2004,20:00:00,2.7,1065.0,-200.0,13.6,1105.0,207.0,723.0,162.0,1672.0,987.0,26.6,30.2,1.033,2004-07-09 20:00:00
09/07/2004,21:00:00,1.7,1036.0,-200.0,10.2,986.0,113.0,776.0,112.0,1614.0,868.0,24.8,36.8,1.1357,2004-07-09 21:00:00
09/07/2004,22:00:00,1.5,1049.0,-200.0,9.5,958.0,98.0,794.0,104.0,1648.0,861.0,23.7,43.4,1.2495,2004-07-09 22:00:00
09/07/2004,23:00:00,2.3,1147.0,-200.0,11.8,1043.0,152.0,727.0,125.0,1719.0,1042.0,23.0,46.2,1.2815,2004-07-09 23:00:00
10/07/2004,00:00:00,2.3,1118.0,-200.0,13.0,1082.0,161.0,694.0,127.0,1792.0,1080.0,22.7,47.7,1.2977,2004-07-10 00:00:00
10/07/2004,01:00:00,1.5,1016.0,-200.0,9.6,963.0,91.0,776.0,95.0,1661.0,811.0,22.2,49.5,1.3081,2004-07-10 01:00:00
10/07/2004,02:00:00,1.0,940.0,-200.0,6.7,845.0,57.0,845.0,70.0,1539.0,704.0,21.6,51.9,1.3254,2004-07-10 02:00:00
10/07/2004,03:00:00,0.5,836.0,-200.0,2.9,643.0,-200.0,1114.0,-200.0,1405.0,522.0,22.3,50.4,1.3379,2004-07-10 03:00:00
10/07/2004,04:00:00,0.3,831.0,-200.0,2.6,626.0,22.0,1126.0,33.0,1406.0,484.0,22.4,49.7,1.3333,2004-07-10 04:00:00
10/07/2004,05:00:00,0.4,877.0,-200.0,4.0,711.0,41.0,1018.0,45.0,1475.0,580.0,21.7,52.0,1.3313,2004-07-10 05:00:00
10/07/2004,06:00:00,0.5,872.0,-200.0,4.3,725.0,53.0,976.0,56.0,1471.0,668.0,21.1,53.2,1.3181,2004-07-10 06:00:00
10/07/2004,07:00:00,0.9,958.0,-200.0,5.9,805.0,92.0,886.0,74.0,1551.0,835.0,22.0,51.0,1.3296,2004-07-10 07:00:00
10/07/2004,08:00:00,1.1,959.0,-200.0,6.8,848.0,91.0,859.0,84.0,1572.0,739.0,25.0,41.6,1.301,2004-07-10 08:00:00
10/07/2004,09:00:00,1.4,997.0,-200.0,8.8,933.0,89.0,799.0,93.0,1612.0,763.0,26.7,36.4,1.2596,2004-07-10 09:00:00
10/07/2004,10:00:00,1.1,916.0,-200.0,6.7,843.0,81.0,891.0,97.0,1511.0,614.0,29.1,29.7,1.1751,2004-07-10 10:00:00
10/07/2004,11:00:00,0.9,895.0,-200.0,6.4,831.0,66.0,946.0,83.0,1473.0,566.0,31.2,23.4,1.0487,2004-07-10 11:00:00
10/07/2004,12:00:00,0.8,855.0,-200.0,6.0,812.0,53.0,982.0,71.0,1416.0,508.0,32.4,20.5,0.9806,2004-07-10 12:00:00
10/07/2004,13:00:00,0.8,861.0,-200.0,6.0,811.0,61.0,997.0,78.0,1409.0,509.0,33.3,19.2,0.9634,2004-07-10 13:00:00
10/07/2004,14:00:00,0.6,821.0,-200.0,5.0,766.0,48.0,1071.0,62.0,1323.0,457.0,33.1,16.8,0.8391,2004-07-10 14:00:00
10/07/2004,15:00:00,0.6,835.0,-200.0,4.4,731.0,39.0,1108.0,54.0,1323.0,438.0,33.1,18.3,0.9081,2004-07-10 15:00:00
10/07/2004,16:00:00,0.5,813.0,-200.0,4.4,732.0,41.0,1118.0,59.0,1303.0,427.0,32.4,18.0,0.8599,2004-07-10 16:00:00
10/07/2004,17:00:00,0.7,833.0,-200.0,5.5,786.0,48.0,1064.0,69.0,1328.0,453.0,31.8,18.7,0.8624,2004-07-10 17:00:00
10/07/2004,18:00:00,0.8,859.0,-200.0,5.8,803.0,50.0,1032.0,67.0,1363.0,479.0,30.3,21.4,0.9064,2004-07-10 18:00:00
10/07/2004,19:00:00,0.9,887.0,-200.0,5.3,778.0,51.0,978.0,58.0,1387.0,500.0,27.2,28.2,1.0013,2004-07-10 19:00:00
10/07/2004,20:00:00,1.3,970.0,-200.0,8.0,900.0,70.0,856.0,77.0,1559.0,647.0,26.1,33.7,1.1228,2004-07-10 20:00:00
10/07/2004,21:00:00,1.3,990.0,-200.0,7.2,866.0,89.0,866.0,94.0,1551.0,728.0,24.7,38.8,1.1929,2004-07-10 21:00:00
10/07/2004,22:00:00,1.4,1022.0,-200.0,8.0,899.0,100.0,846.0,97.0,1588.0,820.0,23.4,43.2,1.229,2004-07-10 22:00:00
10/07/2004,23:00:00,1.9,1075.0,-200.0,10.4,993.0,139.0,781.0,110.0,1682.0,946.0,23.1,44.2,1.2317,2004-07-10 23:00:00
11/07/2004,00:00:00,2.3,1088.0,-200.0,11.6,1035.0,176.0,751.0,116.0,1713.0,1018.0,22.7,45.3,1.2299,2004-07-11 00:00:00
11/07/2004,01:00:00,1.0,925.0,-200.0,6.4,831.0,71.0,880.0,74.0,1513.0,789.0,21.6,47.5,1.2118,2004-07-11 01:00:00
11/07/2004,02:00:00,0.5,853.0,-200.0,4.1,716.0,37.0,994.0,51.0,1423.0,647.0,22.0,45.8,1.1965,2004-07-11 02:00:00
11/07/2004,03:00:00,1.0,918.0,-200.0,6.4,830.0,-200.0,875.0,-200.0,1548.0,785.0,20.4,51.3,1.2131,2004-07-11 03:00:00
11/07/2004,04:00:00,0.4,796.0,-200.0,2.7,636.0,30.0,1092.0,40.0,1387.0,576.0,20.6,50.3,1.2041,2004-07-11 04:00:00
11/07/2004,05:00:00,0.3,796.0,-200.0,2.6,628.0,29.0,1136.0,36.0,1385.0,555.0,20.6,50.6,1.2119,2004-07-11 05:00:00
11/07/2004,06:00:00,0.2,795.0,-200.0,2.3,606.0,25.0,1152.0,35.0,1369.0,552.0,21.3,48.8,1.2189,2004-07-11 06:00:00
11/07/2004,07:00:00,0.4,842.0,-200.0,3.1,656.0,40.0,1080.0,48.0,1427.0,620.0,20.4,52.6,1.247,2004-07-11 07:00:00
11/07/2004,08:00:00,0.3,850.0,-200.0,3.1,659.0,32.0,1077.0,38.0,1402.0,557.0,23.5,44.0,1.2596,2004-07-11 08:00:00
11/07/2004,09:00:00,0.6,884.0,-200.0,4.0,709.0,43.0,1027.0,54.0,1442.0,556.0,25.7,37.9,1.2334,2004-07-11 09:00:00
11/07/2004,10:00:00,0.6,907.0,-200.0,4.6,741.0,44.0,983.0,57.0,1486.0,573.0,27.9,33.6,1.2433,2004-07-11 10:00:00
11/07/2004,11:00:00,0.6,846.0,-200.0,3.9,703.0,35.0,1034.0,54.0,1380.0,514.0,29.0,28.3,1.1116,2004-07-11 11:00:00
11/07/2004,12:00:00,0.5,827.0,-200.0,3.8,697.0,32.0,1070.0,46.0,1371.0,478.0,29.5,25.9,1.0489,2004-07-11 12:00:00
11/07/2004,13:00:00,0.4,804.0,-200.0,2.8,636.0,21.0,1185.0,36.0,1321.0,424.0,31.8,22.3,1.0366,2004-07-11 13:00:00
11/07/2004,14:00:00,0.2,775.0,-200.0,2.5,619.0,10.0,1254.0,19.0,1272.0,386.0,32.2,20.0,0.9488,2004-07-11 14:00:00
11/07/2004,15:00:00,0.4,802.0,-200.0,3.0,651.0,22.0,1206.0,34.0,1282.0,403.0,32.4,19.3,0.922,2004-07-11 15:00:00
11/07/2004,16:00:00,0.6,844.0,-200.0,4.7,751.0,46.0,1064.0,63.0,1327.0,462.0,33.0,17.7,0.8758,2004-07-11 16:00:00
11/07/2004,17:00:00,0.9,881.0,-200.0,5.0,765.0,66.0,1029.0,86.0,1359.0,489.0,32.0,19.8,0.9273,2004-07-11 17:00:00
11/07/2004,18:00:00,0.7,877.0,-200.0,4.5,736.0,49.0,1077.0,65.0,1347.0,463.0,29.6,24.1,0.9831,2004-07-11 18:00:00
11/07/2004,19:00:00,1.2,931.0,-200.0,7.7,885.0,86.0,892.0,101.0,1467.0,585.0,26.9,27.1,0.948,2004-07-11 19:00:00
11/07/2004,20:00:00,1.6,1011.0,-200.0,9.7,967.0,111.0,818.0,116.0,1565.0,748.0,25.3,30.9,0.9815,2004-07-11 20:00:00
11/07/2004,21:00:00,1.8,1035.0,-200.0,11.0,1015.0,143.0,757.0,124.0,1651.0,940.0,24.2,35.9,1.0684,2004-07-11 21:00:00
11/07/2004,22:00:00,2.4,1153.0,-200.0,11.8,1042.0,184.0,733.0,136.0,1700.0,1022.0,23.2,43.2,1.2104,2004-07-11 22:00:00
11/07/2004,23:00:00,1.5,1020.0,-200.0,8.7,929.0,134.0,805.0,108.0,1615.0,929.0,22.7,43.9,1.1962,2004-07-11 23:00:00
12/07/2004,00:00:00,0.9,954.0,-200.0,7.5,879.0,78.0,837.0,82.0,1550.0,834.0,21.6,44.0,1.1244,2004-07-12 00:00:00
12/07/2004,01:00:00,0.8,903.0,-200.0,5.7,800.0,50.0,911.0,68.0,1478.0,751.0,20.7,46.4,1.1198,2004-07-12 01:00:00
12/07/2004,02:00:00,0.2,779.0,-200.0,2.0,581.0,13.0,1204.0,22.0,1323.0,505.0,21.2,46.2,1.1482,2004-07-12 02:00:00
12/07/2004,03:00:00,0.1,761.0,-200.0,1.4,540.0,-200.0,1269.0,-200.0,1303.0,486.0,22.7,42.3,1.1491,2004-07-12 03:00:00
12/07/2004,04:00:00,-200.0,780.0,-200.0,1.8,568.0,24.0,1200.0,34.0,1331.0,501.0,19.9,51.3,1.1803,2004-07-12 04:00:00
12/07/2004,05:00:00,0.5,835.0,-200.0,3.3,672.0,43.0,1053.0,43.0,1423.0,628.0,20.0,51.8,1.1967,2004-07-12 05:00:00
12/07/2004,06:00:00,1.4,1004.0,-200.0,9.4,955.0,146.0,758.0,84.0,1671.0,1043.0,18.5,57.4,1.2076,2004-07-12 06:00:00
12/07/2004,07:00:00,3.3,1272.0,-200.0,21.1,1328.0,333.0,567.0,108.0,2085.0,1463.0,19.6,54.3,1.2278,2004-07-12 07:00:00
12/07/2004,08:00:00,3.6,1173.0,-200.0,17.2,1217.0,298.0,625.0,112.0,1945.0,1358.0,21.3,49.7,1.2452,2004-07-12 08:00:00
12/07/2004,09:00:00,1.7,986.0,-200.0,8.5,922.0,178.0,820.0,104.0,1586.0,971.0,21.7,46.3,1.1867,2004-07-12 09:00:00
12/07/2004,10:00:00,1.5,942.0,-200.0,6.8,849.0,177.0,907.0,107.0,1496.0,894.0,23.4,39.4,1.1172,2004-07-12 10:00:00
12/07/2004,11:00:00,1.6,957.0,-200.0,7.4,875.0,172.0,891.0,102.0,1525.0,871.0,25.7,33.0,1.0763,2004-07-12 11:00:00
12/07/2004,12:00:00,2.1,1024.0,-200.0,12.1,1052.0,183.0,779.0,104.0,1690.0,952.0,28.5,27.3,1.0479,2004-07-12 12:00:00
12/07/2004,13:00:00,2.1,962.0,-200.0,9.6,963.0,164.0,835.0,96.0,1592.0,843.0,27.0,27.9,0.9812,2004-07-12 13:00:00
12/07/2004,14:00:00,1.6,958.0,-200.0,7.4,873.0,122.0,868.0,80.0,1550.0,750.0,24.2,36.9,1.0966,2004-07-12 14:00:00
12/07/2004,15:00:00,1.3,933.0,-200.0,6.4,831.0,105.0,888.0,72.0,1514.0,710.0,26.0,34.9,1.1509,2004-07-12 15:00:00
12/07/2004,16:00:00,1.6,942.0,-200.0,8.3,912.0,144.0,842.0,106.0,1551.0,814.0,24.8,33.1,1.0222,2004-07-12 16:00:00
12/07/2004,17:00:00,3.1,1073.0,-200.0,14.0,1117.0,220.0,693.0,119.0,1762.0,1052.0,24.0,36.3,1.0708,2004-07-12 17:00:00
12/07/2004,18:00:00,3.3,1086.0,-200.0,15.3,1159.0,207.0,686.0,119.0,1782.0,1060.0,23.6,35.5,1.0187,2004-07-12 18:00:00
12/07/2004,19:00:00,3.4,1091.0,-200.0,15.4,1161.0,210.0,682.0,128.0,1797.0,1153.0,23.6,35.7,1.0282,2004-07-12 19:00:00
12/07/2004,20:00:00,2.8,980.0,-200.0,10.9,1009.0,175.0,786.0,112.0,1625.0,986.0,23.3,34.5,0.9768,2004-07-12 20:00:00
12/07/2004,21:00:00,1.5,904.0,-200.0,7.5,877.0,117.0,890.0,95.0,1488.0,781.0,22.5,36.8,0.988,2004-07-12 21:00:00
12/07/2004,22:00:00,1.3,865.0,-200.0,5.2,773.0,93.0,991.0,85.0,1414.0,653.0,21.3,38.7,0.9686,2004-07-12 22:00:00
12/07/2004,23:00:00,1.6,898.0,-200.0,7.1,863.0,118.0,911.0,101.0,1493.0,777.0,20.9,39.4,0.9596,2004-07-12 23:00:00
13/07/2004,00:00:00,1.5,945.0,-200.0,7.6,883.0,132.0,837.0,94.0,1563.0,1015.0,19.8,47.7,1.093,2004-07-13 00:00:00
13/07/2004,01:00:00,1.0,854.0,-200.0,5.0,764.0,88.0,932.0,76.0,1476.0,922.0,19.3,51.4,1.1387,2004-07-13 01:00:00
13/07/2004,02:00:00,0.5,751.0,-200.0,2.0,587.0,43.0,1165.0,50.0,1353.0,678.0,18.4,53.4,1.117,2004-07-13 02:00:00
13/07/2004,03:00:00,0.4,723.0,-200.0,1.5,544.0,-200.0,1274.0,-200.0,1315.0,584.0,18.8,51.1,1.1,2004-07-13 03:00:00
13/07/2004,04:00:00,0.6,754.0,-200.0,2.5,620.0,44.0,1102.0,51.0,1372.0,725.0,16.3,59.8,1.1042,2004-07-13 04:00:00
13/07/2004,05:00:00,0.7,758.0,-200.0,3.3,670.0,50.0,1070.0,42.0,1365.0,688.0,16.6,56.8,1.0629,2004-07-13 05:00:00
13/07/2004,06:00:00,1.3,873.0,-200.0,7.3,871.0,101.0,871.0,62.0,1528.0,887.0,16.2,57.4,1.0515,2004-07-13 06:00:00
13/07/2004,07:00:00,4.0,1176.0,-200.0,23.8,1398.0,339.0,567.0,111.0,2120.0,1494.0,17.3,54.3,1.0631,2004-07-13 07:00:00
13/07/2004,08:00:00,5.0,1257.0,-200.0,27.6,1495.0,379.0,524.0,129.0,2245.0,1647.0,19.2,48.8,1.0751,2004-07-13 08:00:00
13/07/2004,09:00:00,3.6,1137.0,-200.0,16.7,1200.0,321.0,648.0,135.0,1821.0,1489.0,21.7,42.4,1.0859,2004-07-13 09:00:00
13/07/2004,10:00:00,2.8,1064.0,-200.0,14.3,1126.0,272.0,711.0,139.0,1656.0,1361.0,26.4,29.9,1.0138,2004-07-13 10:00:00
13/07/2004,11:00:00,2.6,1026.0,-200.0,13.3,1094.0,278.0,769.0,134.0,1629.0,1224.0,31.3,19.1,0.8634,2004-07-13 11:00:00
13/07/2004,12:00:00,2.7,986.0,-200.0,14.5,1133.0,253.0,773.0,141.0,1619.0,1174.0,33.7,15.4,0.7913,2004-07-13 12:00:00
13/07/2004,13:00:00,2.3,908.0,-200.0,11.5,1031.0,187.0,857.0,112.0,1469.0,901.0,34.5,13.3,0.7158,2004-07-13 13:00:00
13/07/2004,14:00:00,2.0,888.0,-200.0,10.8,1007.0,149.0,870.0,105.0,1448.0,794.0,33.8,13.9,0.7172,2004-07-13 14:00:00
13/07/2004,15:00:00,1.3,843.0,-200.0,6.4,830.0,89.0,995.0,72.0,1339.0,577.0,30.1,19.4,0.8157,2004-07-13 15:00:00
13/07/2004,16:00:00,1.7,905.0,-200.0,8.8,931.0,124.0,876.0,90.0,1460.0,776.0,28.3,21.3,0.8054,2004-07-13 16:00:00
13/07/2004,17:00:00,2.8,1023.0,-200.0,14.3,1127.0,206.0,760.0,126.0,1635.0,982.0,31.9,18.3,0.8523,2004-07-13 17:00:00
