Datesold,Postcode,Price,Property Type,Bedrooms,Year
07/02/2007 0:00,2607,525000,house,4,2007
27/02/2007 00:00,2906,290000,house,3,2007
07/03/2007 0:00,2905,328000,house,3,2007
09/03/2007 0:00,2905,380000,house,4,2007
21/03/2007 00:00,2906,310000,house,3,2007
04/04/2007 0:00,2905,465000,house,4,2007
24/04/2007 00:00,2607,399000,house,3,2007
30/04/2007 00:00,2606,1530000,house,4,2007
24/05/2007 00:00,2902,359000,house,3,2007
25/05/2007 00:00,2906,320000,house,3,2007
26/06/2007 00:00,2902,385000,house,3,2007
27/06/2007 00:00,2906,305000,house,3,2007
27/06/2007 00:00,2612,850000,house,4,2007
27/06/2007 00:00,2606,300000,unit,2,2007
28/06/2007 00:00,2904,765000,house,4,2007
30/06/2007 00:00,2615,517000,house,4,2007
02/07/2007 0:00,2914,800000,house,5,2007
03/07/2007 0:00,2906,336000,house,3,2007
05/07/2007 0:00,2611,300000,unit,2,2007
06/07/2007 0:00,2615,535000,house,5,2007
07/07/2007 0:00,2602,900000,house,4,2007
08/07/2007 0:00,2600,327000,house,1,2007
12/07/2007 0:00,2602,427500,house,3,2007
13/07/2007 00:00,2602,780000,house,3,2007
18/07/2007 00:00,2602,530000,house,3,2007
18/07/2007 00:00,2602,590000,house,3,2007
19/07/2007 00:00,2607,480000,unit,3,2007
20/07/2007 00:00,2605,525000,house,3,2007
20/07/2007 00:00,2904,549000,house,4,2007
20/07/2007 00:00,2604,360000,unit,2,2007
21/07/2007 00:00,2603,1780000,house,4,2007
30/07/2007 00:00,2611,446000,house,3,2007
30/07/2007 00:00,2607,558000,house,4,2007
31/07/2007 00:00,2605,506000,house,3,2007
31/07/2007 00:00,2903,520000,house,4,2007
03/08/2007 0:00,2905,383000,house,3,2007
03/08/2007 0:00,2607,520000,house,3,2007
07/08/2007 0:00,2904,815000,house,5,2007
07/08/2007 0:00,2617,385000,unit,3,2007
09/08/2007 0:00,2913,405000,unit,3,2007
10/08/2007 0:00,2602,545500,house,3,2007
10/08/2007 0:00,2602,760000,house,3,2007
11/08/2007 0:00,2602,520000,house,3,2007
11/08/2007 0:00,2606,636000,house,3,2007
14/08/2007 00:00,2617,625000,house,4,2007
16/08/2007 00:00,2600,790000,house,4,2007
21/08/2007 00:00,2905,320000,house,3,2007
21/08/2007 00:00,2902,418000,house,5,2007
21/08/2007 00:00,2905,455000,house,4,2007
23/08/2007 00:00,2913,560000,house,4,2007
24/08/2007 00:00,2904,585000,house,4,2007
28/08/2007 00:00,2906,325000,house,2,2007
28/08/2007 00:00,2902,420000,house,4,2007
29/08/2007 00:00,2602,599000,house,3,2007
30/08/2007 00:00,2905,315000,house,2,2007
30/08/2007 00:00,2913,367000,house,3,2007
31/08/2007 00:00,2902,348000,house,3,2007
31/08/2007 00:00,2611,532500,house,4,2007
03/09/2007 0:00,2611,465000,house,3,2007
04/09/2007 0:00,2913,820000,house,4,2007
05/09/2007 0:00,2612,529000,unit,2,2007
06/09/2007 0:00,2611,590000,house,3,2007
07/09/2007 0:00,2602,400000,unit,2,2007
11/09/2007 0:00,2904,559000,house,4,2007
15/09/2007 00:00,2902,446000,house,4,2007
18/09/2007 00:00,2602,470000,house,3,2007
20/09/2007 00:00,2903,396500,house,4,2007
20/09/2007 00:00,2604,479000,house,3,2007
20/09/2007 00:00,2612,490000,unit,3,2007
21/09/2007 00:00,2603,1460000,house,5,2007
22/09/2007 00:00,2602,500000,house,4,2007
22/09/2007 00:00,2602,506000,house,4,2007
22/09/2007 00:00,2607,520000,house,4,2007
24/09/2007 00:00,2612,920000,house,4,2007
24/09/2007 00:00,2611,220000,unit,2,2007
27/09/2007 00:00,2903,507000,house,4,2007
27/09/2007 00:00,2611,340000,unit,2,2007
28/09/2007 00:00,2612,520000,unit,2,2007
02/10/2007 0:00,2611,475000,house,3,2007
02/10/2007 0:00,2612,400000,unit,2,2007
09/10/2007 0:00,2904,397000,house,3,2007
10/10/2007 0:00,2605,556000,house,3,2007
12/10/2007 0:00,2905,447000,house,4,2007
12/10/2007 0:00,2614,720000,house,4,2007
12/10/2007 0:00,2612,410000,unit,2,2007
15/10/2007 00:00,2615,273000,house,1,2007
16/10/2007 00:00,2615,368000,house,3,2007
16/10/2007 00:00,2905,385000,house,3,2007
17/10/2007 00:00,2904,560000,house,5,2007
19/10/2007 00:00,2905,455000,house,4,2007
19/10/2007 00:00,2906,480000,house,4,2007
24/10/2007 00:00,2906,300500,house,3,2007
24/10/2007 00:00,2602,505000,house,3,2007
25/10/2007 00:00,2602,135500,house,1,2007
25/10/2007 00:00,2912,590000,house,4,2007
25/10/2007 00:00,2617,645000,house,5,2007
25/10/2007 00:00,2605,770000,house,4,2007
26/10/2007 00:00,2913,1100000,house,5,2007
02/11/2007 0:00,2913,365000,house,3,2007
02/11/2007 0:00,2607,612500,house,4,2007
05/11/2007 0:00,2615,472500,house,4,2007
05/11/2007 0:00,2611,600000,house,5,2007
07/11/2007 0:00,2615,372500,house,3,2007
08/11/2007 0:00,2905,395000,house,3,2007
08/11/2007 0:00,2602,497000,house,2,2007
08/11/2007 0:00,2906,595000,house,4,2007
12/11/2007 0:00,2611,465000,house,2,2007
12/11/2007 0:00,2903,505000,house,4,2007
16/11/2007 00:00,2615,379000,house,3,2007
16/11/2007 00:00,2604,505000,house,3,2007
17/11/2007 00:00,2614,380000,house,3,2007
17/11/2007 00:00,2902,655000,house,4,2007
17/11/2007 00:00,2603,760000,house,3,2007
17/11/2007 00:00,2603,760500,house,3,2007
20/11/2007 00:00,2615,442500,house,4,2007
22/11/2007 00:00,2902,560000,house,4,2007
23/11/2007 00:00,2904,560000,house,4,2007
24/11/2007 00:00,2905,335000,house,3,2007
24/11/2007 00:00,2605,575000,house,3,2007
27/11/2007 00:00,2902,439000,house,3,2007
29/11/2007 00:00,2912,308000,house,1,2007
29/11/2007 00:00,2906,353000,house,3,2007
30/11/2007 00:00,2602,425000,house,3,2007
30/11/2007 00:00,2602,825000,house,3,2007
01/12/2007 0:00,2615,930000,house,5,2007
03/12/2007 0:00,2905,365000,house,3,2007
03/12/2007 0:00,2906,387000,house,3,2007
04/12/2007 0:00,2906,620000,house,4,2007
05/12/2007 0:00,2600,825000,house,3,2007
06/12/2007 0:00,2905,335000,house,3,2007
07/12/2007 0:00,2902,350000,house,3,2007
08/12/2007 0:00,2602,421000,house,3,2007
08/12/2007 0:00,2906,545000,house,4,2007
12/12/2007 0:00,2605,635000,house,4,2007
13/12/2007 00:00,2606,357500,house,3,2007
13/12/2007 00:00,2913,400000,house,4,2007
13/12/2007 00:00,2612,1105000,house,4,2007
14/12/2007 00:00,2602,259000,house,2,2007
14/12/2007 00:00,2905,437500,house,3,2007
15/12/2007 00:00,2906,530000,house,4,2007
18/12/2007 00:00,2607,279950,unit,2,2007
18/12/2007 00:00,2612,351000,unit,1,2007
19/12/2007 00:00,2602,630000,house,3,2007
20/12/2007 00:00,2905,615000,house,4,2007
21/12/2007 00:00,2615,332000,house,3,2007
21/12/2007 00:00,2902,490000,house,3,2007
21/12/2007 00:00,2900,432000,unit,3,2007
02/01/2008 0:00,2906,309000,house,2,2008
14/01/2008 00:00,2602,413000,house,3,2008
15/01/2008 00:00,2905,445000,house,4,2008
15/01/2008 00:00,2902,600000,house,4,2008
17/01/2008 00:00,2605,417500,house,2,2008
17/01/2008 00:00,2913,462500,house,4,2008
17/01/2008 00:00,2615,485000,house,4,2008
18/01/2008 00:00,2602,580000,house,4,2008
21/01/2008 00:00,2600,315000,unit,1,2008
23/01/2008 00:00,2601,380000,house,1,2008
24/01/2008 00:00,2602,560000,house,4,2008
24/01/2008 00:00,2906,575000,house,4,2008
24/01/2008 00:00,2612,1035000,house,4,2008
30/01/2008 00:00,2602,485000,house,3,2008
01/02/2008 0:00,2905,599000,house,4,2008
04/02/2008 0:00,2902,349000,house,3,2008
07/02/2008 0:00,2905,360000,house,3,2008
07/02/2008 0:00,2614,375000,house,3,2008
07/02/2008 0:00,2905,405000,house,3,2008
08/02/2008 0:00,2617,395000,house,3,2008
09/02/2008 0:00,2906,417000,house,3,2008
09/02/2008 0:00,2602,560000,house,3,2008
09/02/2008 0:00,2903,650000,house,4,2008
11/02/2008 0:00,2617,416000,house,4,2008
12/02/2008 0:00,2902,749000,house,4,2008
15/02/2008 00:00,2904,575000,house,4,2008
15/02/2008 00:00,2602,625000,house,3,2008
16/02/2008 00:00,2611,610000,house,5,2008
19/02/2008 00:00,2615,445000,house,4,2008
21/02/2008 00:00,2611,655000,house,5,2008
23/02/2008 00:00,2617,500000,house,4,2008
23/02/2008 00:00,2602,515000,house,2,2008
23/02/2008 00:00,2605,811000,house,5,2008
27/02/2008 00:00,2904,590000,house,4,2008
27/02/2008 00:00,2905,645000,house,5,2008
27/02/2008 00:00,2612,730000,house,4,2008
29/02/2008 00:00,2906,342000,house,3,2008
29/02/2008 00:00,2617,471000,house,4,2008
29/02/2008 00:00,2617,488000,house,3,2008
04/03/2008 0:00,2612,400000,unit,2,2008
13/03/2008 00:00,2611,646000,house,4,2008
14/03/2008 00:00,2615,655000,house,4,2008
15/03/2008 00:00,2602,580000,house,3,2008
19/03/2008 00:00,2615,405000,house,3,2008
20/03/2008 00:00,2611,695000,house,4,2008
05/04/2008 0:00,2612,438000,unit,2,2008
09/04/2008 0:00,2906,420000,house,4,2008
09/04/2008 0:00,2611,503000,house,3,2008
10/04/2008 0:00,2906,380000,house,3,2008
11/04/2008 0:00,2906,334000,house,3,2008
11/04/2008 0:00,2611,395000,house,3,2008
11/04/2008 0:00,2615,467500,house,4,2008
14/04/2008 00:00,2604,522500,house,3,2008
14/04/2008 00:00,2913,635000,house,5,2008
14/04/2008 00:00,2617,690000,house,4,2008
14/04/2008 00:00,2904,780000,house,4,2008
15/04/2008 00:00,2904,679000,house,5,2008
18/04/2008 00:00,2602,467000,house,3,2008
21/04/2008 00:00,2906,649000,house,5,2008
22/04/2008 00:00,2902,675000,house,4,2008
23/04/2008 00:00,2905,415000,house,3,2008
23/04/2008 00:00,2611,445000,house,4,2008
24/04/2008 00:00,2600,292500,house,1,2008
24/04/2008 00:00,2602,450000,house,3,2008
29/04/2008 00:00,2602,680000,house,4,2008
29/04/2008 00:00,2602,950000,house,4,2008
30/04/2008 00:00,2602,485000,house,3,2008
01/05/2008 0:00,2617,640000,house,4,2008
02/05/2008 0:00,2906,332000,house,2,2008
02/05/2008 0:00,2906,622500,house,4,2008
02/05/2008 0:00,2602,775000,house,4,2008
05/05/2008 0:00,2604,575000,house,2,2008
05/05/2008 0:00,2604,690000,house,3,2008
09/05/2008 0:00,2611,465000,house,3,2008
12/05/2008 0:00,2906,635000,house,5,2008
13/05/2008 00:00,2906,307000,house,2,2008
14/05/2008 00:00,2611,450000,house,3,2008
16/05/2008 00:00,2902,442000,house,3,2008
16/05/2008 00:00,2611,490000,house,3,2008
17/05/2008 00:00,2602,865000,house,5,2008
19/05/2008 00:00,2905,430000,house,4,2008
23/05/2008 00:00,2905,444000,house,3,2008
27/05/2008 00:00,2607,535000,house,3,2008
28/05/2008 00:00,2611,542000,house,4,2008
30/05/2008 00:00,2906,357000,house,3,2008
30/05/2008 00:00,2600,329000,unit,2,2008
02/06/2008 0:00,2611,429000,house,3,2008
02/06/2008 0:00,2603,1180000,house,4,2008
03/06/2008 0:00,2615,375000,house,4,2008
06/06/2008 0:00,2605,526000,house,3,2008
06/06/2008 0:00,2601,760000,house,3,2008
10/06/2008 0:00,2611,447250,house,3,2008
10/06/2008 0:00,2602,492500,house,3,2008
10/06/2008 0:00,2617,727500,house,4,2008
11/06/2008 0:00,2615,360100,house,4,2008
11/06/2008 0:00,2605,750000,house,3,2008
13/06/2008 00:00,2905,365000,house,3,2008
13/06/2008 00:00,2617,670000,house,4,2008
14/06/2008 00:00,2903,419000,house,4,2008
14/06/2008 00:00,2912,515000,house,3,2008
17/06/2008 00:00,2906,340000,house,3,2008
17/06/2008 00:00,2914,600000,house,4,2008
18/06/2008 00:00,2615,362000,house,4,2008
19/06/2008 00:00,2600,765000,house,5,2008
19/06/2008 00:00,2602,770000,house,4,2008
20/06/2008 00:00,2904,469000,house,4,2008
23/06/2008 00:00,2913,367000,house,3,2008
23/06/2008 00:00,2606,289000,unit,1,2008
24/06/2008 00:00,2905,465000,house,4,2008
25/06/2008 00:00,2906,375000,house,3,2008
25/06/2008 00:00,2904,505000,house,4,2008
25/06/2008 00:00,2602,605000,house,3,2008
25/06/2008 00:00,2604,347300,unit,2,2008
26/06/2008 00:00,2913,325000,house,3,2008
27/06/2008 00:00,2617,421000,house,3,2008
27/06/2008 00:00,2903,550000,house,4,2008
27/06/2008 00:00,2913,590000,house,4,2008
29/06/2008 00:00,2615,522500,house,4,2008
30/06/2008 00:00,2604,480000,house,2,2008
30/06/2008 00:00,2607,1165000,house,5,2008
01/07/2008 0:00,2904,670000,house,4,2008
02/07/2008 0:00,2612,350000,unit,2,2008
04/07/2008 0:00,2905,375000,house,3,2008
07/07/2008 0:00,2614,392500,house,4,2008
07/07/2008 0:00,2617,445000,house,4,2008
08/07/2008 0:00,2611,383000,house,3,2008
10/07/2008 0:00,2906,418000,house,3,2008
10/07/2008 0:00,2603,860000,house,2,2008
11/07/2008 0:00,2611,418000,house,3,2008
11/07/2008 0:00,2614,442000,house,4,2008
14/07/2008 00:00,2905,360000,house,3,2008
14/07/2008 00:00,2906,495000,house,4,2008
16/07/2008 00:00,2602,468000,house,3,2008
16/07/2008 00:00,2605,605000,house,3,2008
16/07/2008 00:00,2603,1090000,house,4,2008
17/07/2008 00:00,2607,558000,house,4,2008
18/07/2008 00:00,2614,700000,house,3,2008
18/07/2008 00:00,2602,1300000,house,4,2008
19/07/2008 00:00,2905,320000,house,3,2008
21/07/2008 00:00,2612,385000,unit,2,2008
22/07/2008 00:00,2617,415000,unit,3,2008
23/07/2008 00:00,2617,415000,house,3,2008
23/07/2008 00:00,2906,480000,house,4,2008
23/07/2008 00:00,2607,553000,house,4,2008
23/07/2008 00:00,2607,885000,house,4,2008
25/07/2008 00:00,2615,370000,house,4,2008
26/07/2008 00:00,2605,564000,house,3,2008
28/07/2008 00:00,2905,365000,house,3,2008
29/07/2008 00:00,2600,927000,house,4,2008
30/07/2008 00:00,2617,360000,house,3,2008
30/07/2008 00:00,2615,390000,house,4,2008
31/07/2008 00:00,2615,440000,house,4,2008
01/08/2008 0:00,2611,430000,house,3,2008
01/08/2008 0:00,2601,595000,house,3,2008
04/08/2008 0:00,2617,365000,house,3,2008
04/08/2008 0:00,2611,585000,house,3,2008
04/08/2008 0:00,2912,602500,house,4,2008
05/08/2008 0:00,2906,359000,house,3,2008
05/08/2008 0:00,2902,475000,house,3,2008
06/08/2008 0:00,2615,315000,house,3,2008
06/08/2008 0:00,2615,320000,house,4,2008
06/08/2008 0:00,2617,325000,house,4,2008
06/08/2008 0:00,2615,341000,house,3,2008
06/08/2008 0:00,2617,540000,house,4,2008
07/08/2008 0:00,2615,395000,house,4,2008
09/08/2008 0:00,2617,370000,house,3,2008
09/08/2008 0:00,2602,620000,house,4,2008
09/08/2008 0:00,2906,631000,house,4,2008
11/08/2008 0:00,2615,405000,house,4,2008
12/08/2008 0:00,2605,548000,house,3,2008
13/08/2008 00:00,2615,405000,house,4,2008
13/08/2008 00:00,2611,420000,house,3,2008
13/08/2008 00:00,2611,531500,house,4,2008
14/08/2008 00:00,2611,350000,house,2,2008
15/08/2008 00:00,2906,365000,house,3,2008
15/08/2008 00:00,2905,375000,house,3,2008
15/08/2008 00:00,2611,402000,house,3,2008
15/08/2008 00:00,2902,420000,house,3,2008
15/08/2008 00:00,2913,550000,house,2,2008
15/08/2008 00:00,2913,585000,house,4,2008
18/08/2008 00:00,2615,279500,house,2,2008
19/08/2008 00:00,2615,330000,house,3,2008
19/08/2008 00:00,2617,360000,house,3,2008
19/08/2008 00:00,2905,370000,house,3,2008
20/08/2008 00:00,2611,405000,house,3,2008
21/08/2008 00:00,2913,395000,house,3,2008
21/08/2008 00:00,2617,490000,house,4,2008
21/08/2008 00:00,2905,530000,house,5,2008
21/08/2008 00:00,2607,680000,house,4,2008
22/08/2008 00:00,2605,495000,house,4,2008
22/08/2008 00:00,2617,805000,house,4,2008
23/08/2008 00:00,2607,630000,house,4,2008
25/08/2008 00:00,2913,400000,house,3,2008
27/08/2008 00:00,2614,345000,house,3,2008
27/08/2008 00:00,2913,440000,house,3,2008
27/08/2008 00:00,2611,510000,house,4,2008
28/08/2008 00:00,2905,310000,house,3,2008
29/08/2008 00:00,2906,370000,house,4,2008
29/08/2008 00:00,2914,465000,house,4,2008
30/08/2008 00:00,2905,342000,house,3,2008
01/09/2008 0:00,2903,380000,house,3,2008
02/09/2008 0:00,2906,345000,house,3,2008
02/09/2008 0:00,2615,370000,house,4,2008
02/09/2008 0:00,2906,495000,house,4,2008
02/09/2008 0:00,2914,541000,house,4,2008
02/09/2008 0:00,2600,1380000,house,5,2008
03/09/2008 0:00,2615,372000,house,3,2008
03/09/2008 0:00,2617,415000,house,3,2008
04/09/2008 0:00,2913,335000,house,3,2008
04/09/2008 0:00,2913,1150000,house,5,2008
05/09/2008 0:00,2615,387000,house,3,2008
05/09/2008 0:00,2914,395000,house,3,2008
05/09/2008 0:00,2905,400000,house,4,2008
05/09/2008 0:00,2617,426000,house,3,2008
05/09/2008 0:00,2914,552000,house,4,2008
08/09/2008 0:00,2615,349000,house,3,2008
08/09/2008 0:00,2900,360500,house,3,2008
08/09/2008 0:00,2600,740000,house,3,2008
10/09/2008 0:00,2614,371600,house,4,2008
10/09/2008 0:00,2606,367000,unit,2,2008
11/09/2008 0:00,2607,380000,house,3,2008
11/09/2008 0:00,2617,450000,house,3,2008
12/09/2008 0:00,2617,427000,house,4,2008
12/09/2008 0:00,2602,270000,unit,1,2008
13/09/2008 00:00,2913,477000,house,4,2008
13/09/2008 00:00,2617,479000,house,3,2008
15/09/2008 00:00,2905,321000,house,2,2008
15/09/2008 00:00,2617,405000,house,3,2008
16/09/2008 00:00,2614,357000,house,3,2008
16/09/2008 00:00,2615,360000,house,4,2008
16/09/2008 00:00,2617,365000,house,3,2008
16/09/2008 00:00,2617,585000,house,4,2008
16/09/2008 00:00,2606,257000,unit,2,2008
17/09/2008 00:00,2615,343000,house,3,2008
17/09/2008 00:00,2914,410000,house,3,2008
17/09/2008 00:00,2903,420000,house,4,2008
17/09/2008 00:00,2614,420000,house,3,2008
17/09/2008 00:00,2600,720000,house,3,2008
17/09/2008 00:00,2614,720000,house,5,2008
18/09/2008 00:00,2913,320000,house,3,2008
18/09/2008 00:00,2902,474000,house,4,2008
18/09/2008 00:00,2607,860000,house,3,2008
19/09/2008 00:00,2913,460000,house,3,2008
19/09/2008 00:00,2602,592000,house,2,2008
19/09/2008 00:00,2913,695000,house,5,2008
19/09/2008 00:00,2604,420000,unit,1,2008
20/09/2008 00:00,2617,346000,house,3,2008
22/09/2008 00:00,2615,349950,house,3,2008
22/09/2008 00:00,2906,355000,house,3,2008
22/09/2008 00:00,2913,362000,house,3,2008
22/09/2008 00:00,2905,373000,house,3,2008
22/09/2008 00:00,2611,399000,house,4,2008
22/09/2008 00:00,2905,422250,house,3,2008
22/09/2008 00:00,2611,445000,house,3,2008
22/09/2008 00:00,2615,475000,house,4,2008
22/09/2008 00:00,2903,485000,house,5,2008
22/09/2008 00:00,2605,560500,house,4,2008
22/09/2008 00:00,2906,590000,house,4,2008
22/09/2008 00:00,2615,595000,house,4,2008
22/09/2008 00:00,2605,650000,house,3,2008
22/09/2008 00:00,2611,660000,house,4,2008
22/09/2008 00:00,2905,675000,house,4,2008
22/09/2008 00:00,2611,685000,house,4,2008
22/09/2008 00:00,2600,690000,house,4,2008
22/09/2008 00:00,2604,975000,house,3,2008
23/09/2008 00:00,2906,372000,house,3,2008
24/09/2008 00:00,2606,437000,house,3,2008
25/09/2008 00:00,2607,411000,house,3,2008
25/09/2008 00:00,2903,450000,house,4,2008
25/09/2008 00:00,2602,525000,house,2,2008
26/09/2008 00:00,2913,312000,house,3,2008
26/09/2008 00:00,2617,510000,house,4,2008
26/09/2008 00:00,2607,707500,house,4,2008
26/09/2008 00:00,2914,755000,house,4,2008
29/09/2008 00:00,2617,380000,house,4,2008
29/09/2008 00:00,2611,389000,house,3,2008
29/09/2008 00:00,2906,415000,house,3,2008
29/09/2008 00:00,2611,557000,house,4,2008
29/09/2008 00:00,2605,585000,house,4,2008
29/09/2008 00:00,2604,595000,house,2,2008
29/09/2008 00:00,2906,875000,house,5,2008
29/09/2008 00:00,2905,295000,unit,2,2008
30/09/2008 00:00,2913,367500,house,4,2008
30/09/2008 00:00,2614,372000,house,3,2008
30/09/2008 00:00,2605,549000,house,3,2008
30/09/2008 00:00,2615,575000,house,4,2008
30/09/2008 00:00,2905,594000,house,4,2008
30/09/2008 00:00,2612,662500,house,2,2008
30/09/2008 00:00,2602,312000,unit,2,2008
01/10/2008 0:00,2904,455000,house,4,2008
01/10/2008 0:00,2617,340000,unit,2,2008
02/10/2008 0:00,2904,390000,house,3,2008
03/10/2008 0:00,2906,332000,house,3,2008
03/10/2008 0:00,2903,380000,house,3,2008
03/10/2008 0:00,2904,405000,house,4,2008
03/10/2008 0:00,2905,460000,house,4,2008
03/10/2008 0:00,2601,325000,unit,1,2008
07/10/2008 0:00,2903,355000,house,3,2008
07/10/2008 0:00,2905,473000,house,4,2008
07/10/2008 0:00,2611,560000,house,4,2008
07/10/2008 0:00,2604,351000,unit,2,2008
07/10/2008 0:00,2612,415000,unit,2,2008
08/10/2008 0:00,2614,347000,house,3,2008
08/10/2008 0:00,2615,359950,house,3,2008
08/10/2008 0:00,2602,1030000,house,3,2008
08/10/2008 0:00,2615,280500,unit,2,2008
09/10/2008 0:00,2904,338500,house,3,2008
10/10/2008 0:00,2614,378000,house,3,2008
10/10/2008 0:00,2611,400000,house,4,2008
10/10/2008 0:00,2904,453000,house,4,2008
10/10/2008 0:00,2615,476600,house,4,2008
10/10/2008 0:00,2902,677500,house,4,2008
10/10/2008 0:00,2602,749950,house,4,2008
10/10/2008 0:00,2612,330000,unit,1,2008
10/10/2008 0:00,2604,358000,unit,2,2008
12/10/2008 0:00,2906,390000,house,3,2008
13/10/2008 00:00,2611,435000,house,3,2008
13/10/2008 00:00,2617,507500,house,4,2008
14/10/2008 00:00,2905,350000,house,3,2008
14/10/2008 00:00,2903,399000,house,3,2008
14/10/2008 00:00,2914,420000,house,4,2008
14/10/2008 00:00,2904,450000,house,3,2008
14/10/2008 00:00,2602,525000,house,2,2008
14/10/2008 00:00,2602,595000,house,4,2008
14/10/2008 00:00,2602,910000,house,3,2008
14/10/2008 00:00,2612,395000,unit,2,2008
15/10/2008 00:00,2611,395000,house,3,2008
15/10/2008 00:00,2605,552500,house,3,2008
16/10/2008 00:00,2914,375000,house,3,2008
16/10/2008 00:00,2607,440000,house,3,2008
17/10/2008 00:00,2617,352000,house,3,2008
17/10/2008 00:00,2617,495000,house,4,2008
17/10/2008 00:00,2611,530000,house,4,2008
17/10/2008 00:00,2612,690000,house,3,2008
18/10/2008 00:00,2604,342000,house,2,2008
18/10/2008 00:00,2611,420000,house,3,2008
18/10/2008 00:00,2602,575000,house,3,2008
18/10/2008 00:00,2605,612000,house,4,2008
20/10/2008 00:00,2902,349000,house,3,2008
20/10/2008 00:00,2905,350000,house,3,2008
20/10/2008 00:00,2913,480000,house,4,2008
21/10/2008 00:00,2615,342000,house,3,2008
21/10/2008 00:00,2617,372500,house,4,2008
21/10/2008 00:00,2902,375000,house,3,2008
21/10/2008 00:00,2615,408000,house,4,2008
21/10/2008 00:00,2914,515000,house,4,2008
21/10/2008 00:00,2612,90000,unit,0,2008
22/10/2008 00:00,2614,370000,house,3,2008
22/10/2008 00:00,2612,657500,house,4,2008
22/10/2008 00:00,2602,231000,unit,1,2008
22/10/2008 00:00,2604,373000,unit,2,2008
23/10/2008 00:00,2617,340000,house,3,2008
23/10/2008 00:00,2615,369000,house,3,2008
23/10/2008 00:00,2913,419950,house,3,2008
23/10/2008 00:00,2906,455000,house,3,2008
23/10/2008 00:00,2615,495000,house,4,2008
23/10/2008 00:00,2906,765000,house,4,2008
23/10/2008 00:00,2606,313000,unit,2,2008
24/10/2008 00:00,2913,361000,house,3,2008
24/10/2008 00:00,2903,425000,house,3,2008
24/10/2008 00:00,2913,498600,house,4,2008
24/10/2008 00:00,2617,570000,house,4,2008
24/10/2008 00:00,2620,140500,unit,1,2008
24/10/2008 00:00,2612,432500,unit,2,2008
27/10/2008 00:00,2902,330250,house,3,2008
27/10/2008 00:00,2903,337000,house,3,2008
27/10/2008 00:00,2615,360000,house,3,2008
27/10/2008 00:00,2914,440000,house,3,2008
27/10/2008 00:00,2914,475000,house,4,2008
27/10/2008 00:00,2615,510000,house,4,2008
27/10/2008 00:00,2602,1120000,house,4,2008
28/10/2008 00:00,2912,340000,house,2,2008
28/10/2008 00:00,2607,676000,house,4,2008
29/10/2008 00:00,2906,420000,house,4,2008
30/10/2008 00:00,2906,585000,house,4,2008
30/10/2008 00:00,2605,720000,house,5,2008
31/10/2008 00:00,2615,372000,house,3,2008
31/10/2008 00:00,2913,395000,house,3,2008
31/10/2008 00:00,2607,544000,house,4,2008
31/10/2008 00:00,2900,581650,house,4,2008
31/10/2008 00:00,2611,800000,house,3,2008
31/10/2008 00:00,2614,220000,unit,2,2008
03/11/2008 0:00,2902,330000,house,3,2008
03/11/2008 0:00,2615,330000,house,3,2008
03/11/2008 0:00,2905,350000,house,3,2008
03/11/2008 0:00,2913,360000,house,3,2008
03/11/2008 0:00,2905,424000,house,4,2008
03/11/2008 0:00,2902,583000,house,4,2008
05/11/2008 0:00,2905,359950,house,3,2008
05/11/2008 0:00,2602,425000,house,3,2008
05/11/2008 0:00,2602,475000,house,3,2008
05/11/2008 0:00,2914,477500,house,4,2008
05/11/2008 0:00,2603,1425000,house,3,2008
06/11/2008 0:00,2611,345000,house,2,2008
06/11/2008 0:00,2611,485000,house,3,2008
06/11/2008 0:00,2906,557500,house,4,2008
07/11/2008 0:00,2906,360000,house,3,2008
07/11/2008 0:00,2906,395000,house,4,2008
07/11/2008 0:00,2906,415000,house,4,2008
07/11/2008 0:00,2906,435000,house,3,2008
07/11/2008 0:00,2607,522000,house,4,2008
07/11/2008 0:00,2602,757500,house,3,2008
07/11/2008 0:00,2602,280000,unit,2,2008
10/11/2008 0:00,2906,357000,house,3,2008
10/11/2008 0:00,2611,542000,house,5,2008
10/11/2008 0:00,2904,567000,house,4,2008
10/11/2008 0:00,2904,623700,house,5,2008
10/11/2008 0:00,2906,702500,house,4,2008
10/11/2008 0:00,2607,240000,unit,2,2008
11/11/2008 0:00,2906,324000,house,3,2008
11/11/2008 0:00,2906,351000,house,3,2008
11/11/2008 0:00,2611,449000,house,3,2008
11/11/2008 0:00,2906,515000,house,4,2008
12/11/2008 0:00,2913,342500,house,3,2008
12/11/2008 0:00,2611,400000,house,3,2008
12/11/2008 0:00,2614,462000,house,3,2008
13/11/2008 00:00,2902,375000,house,3,2008
14/11/2008 00:00,2905,385000,house,3,2008
14/11/2008 00:00,2604,405000,unit,3,2008
15/11/2008 00:00,2617,380000,house,3,2008
15/11/2008 00:00,2614,418000,house,3,2008
15/11/2008 00:00,2602,530000,house,2,2008
17/11/2008 00:00,2615,350000,house,4,2008
17/11/2008 00:00,2913,370000,house,3,2008
17/11/2008 00:00,2905,379000,house,3,2008
17/11/2008 00:00,2906,385000,house,3,2008
17/11/2008 00:00,2602,438000,house,3,2008
17/11/2008 00:00,2905,460000,house,4,2008
17/11/2008 00:00,2913,635000,house,4,2008
17/11/2008 00:00,2603,830000,house,4,2008
17/11/2008 00:00,2611,950000,house,4,2008
18/11/2008 00:00,2611,455000,house,4,2008
18/11/2008 00:00,2914,540000,house,4,2008
18/11/2008 00:00,2600,635000,house,3,2008
18/11/2008 00:00,2600,950000,house,3,2008
19/11/2008 00:00,2905,348000,house,3,2008
19/11/2008 00:00,2615,460000,house,4,2008
19/11/2008 00:00,2903,497000,house,4,2008
19/11/2008 00:00,2906,515000,house,4,2008
20/11/2008 00:00,2615,450000,house,3,2008
20/11/2008 00:00,2905,475000,house,4,2008
20/11/2008 00:00,2607,665000,house,4,2008
21/11/2008 00:00,2913,350000,house,3,2008
21/11/2008 00:00,2905,392500,house,3,2008
21/11/2008 00:00,2615,450000,house,4,2008
21/11/2008 00:00,2611,454000,house,3,2008
21/11/2008 00:00,2602,475000,house,3,2008
21/11/2008 00:00,2617,500000,house,4,2008
21/11/2008 00:00,2600,730000,house,3,2008
21/11/2008 00:00,2913,319950,unit,2,2008
21/11/2008 00:00,2612,400000,unit,1,2008
22/11/2008 00:00,2902,510000,house,4,2008
22/11/2008 00:00,2604,640000,house,3,2008
22/11/2008 00:00,2604,805000,house,4,2008
24/11/2008 00:00,2904,387000,house,4,2008
24/11/2008 00:00,2905,389950,house,3,2008
24/11/2008 00:00,2905,393000,house,4,2008
24/11/2008 00:00,2905,395000,house,3,2008
24/11/2008 00:00,2905,468500,house,4,2008
24/11/2008 00:00,2902,480000,house,3,2008
24/11/2008 00:00,2904,485000,house,4,2008
24/11/2008 00:00,2912,485000,house,4,2008
24/11/2008 00:00,2905,500000,house,4,2008
24/11/2008 00:00,2904,547500,house,4,2008
24/11/2008 00:00,2607,565000,house,5,2008
24/11/2008 00:00,2612,630000,house,3,2008
25/11/2008 00:00,2912,490000,house,4,2008
25/11/2008 00:00,2611,540000,house,5,2008
25/11/2008 00:00,2603,630000,house,2,2008
25/11/2008 00:00,2607,735000,house,5,2008
26/11/2008 00:00,2905,326000,house,3,2008
26/11/2008 00:00,2604,375000,house,2,2008
26/11/2008 00:00,2905,453000,house,4,2008
26/11/2008 00:00,2903,462500,house,4,2008
26/11/2008 00:00,2606,580000,house,5,2008
27/11/2008 00:00,2906,327500,house,3,2008
27/11/2008 00:00,2913,390000,house,3,2008
27/11/2008 00:00,2602,347000,unit,1,2008
28/11/2008 00:00,2906,322500,house,3,2008
28/11/2008 00:00,2906,335000,house,3,2008
28/11/2008 00:00,2615,337500,house,3,2008
28/11/2008 00:00,2905,345000,house,3,2008
28/11/2008 00:00,2615,345000,house,3,2008
28/11/2008 00:00,2913,351000,house,3,2008
28/11/2008 00:00,2611,470000,house,3,2008
28/11/2008 00:00,2602,540000,house,3,2008
28/11/2008 00:00,2906,544000,house,4,2008
28/11/2008 00:00,2603,1095000,house,4,2008
28/11/2008 00:00,2603,1250000,house,3,2008
29/11/2008 00:00,2611,375000,house,3,2008
29/11/2008 00:00,2904,395000,house,3,2008
01/12/2008 0:00,2905,327500,house,3,2008
01/12/2008 0:00,2617,400000,house,3,2008
01/12/2008 0:00,2607,450000,house,3,2008
01/12/2008 0:00,2611,507500,house,3,2008
01/12/2008 0:00,2604,940000,house,4,2008
01/12/2008 0:00,2605,1050000,house,4,2008
01/12/2008 0:00,2912,280000,unit,2,2008
02/12/2008 0:00,2905,320000,house,3,2008
02/12/2008 0:00,2905,349750,house,3,2008
02/12/2008 0:00,2615,360000,house,4,2008
02/12/2008 0:00,2906,410000,house,4,2008
02/12/2008 0:00,2615,422500,house,4,2008
02/12/2008 0:00,2913,464000,house,4,2008
02/12/2008 0:00,2602,529000,house,3,2008
02/12/2008 0:00,2903,557500,house,3,2008
03/12/2008 0:00,2912,301000,house,3,2008
03/12/2008 0:00,2913,320000,house,3,2008
03/12/2008 0:00,2617,371000,house,4,2008
03/12/2008 0:00,2617,374950,house,3,2008
03/12/2008 0:00,2905,385150,house,3,2008
03/12/2008 0:00,2902,399950,house,4,2008
03/12/2008 0:00,2615,490000,house,5,2008
03/12/2008 0:00,2612,512500,house,3,2008
03/12/2008 0:00,2611,575000,house,4,2008
04/12/2008 0:00,2902,340000,house,3,2008
04/12/2008 0:00,2611,360000,house,3,2008
04/12/2008 0:00,2906,420000,house,3,2008
04/12/2008 0:00,2617,463000,house,4,2008
04/12/2008 0:00,2913,470000,house,4,2008
04/12/2008 0:00,2617,570000,house,4,2008
04/12/2008 0:00,2612,680000,house,4,2008
04/12/2008 0:00,2602,250000,unit,1,2008
04/12/2008 0:00,2602,300000,unit,2,2008
04/12/2008 0:00,2601,385000,unit,1,2008
05/12/2008 0:00,2905,299000,house,3,2008
05/12/2008 0:00,2913,309000,house,3,2008
05/12/2008 0:00,2905,333000,house,2,2008
05/12/2008 0:00,2602,430000,house,3,2008
05/12/2008 0:00,2913,445000,house,3,2008
05/12/2008 0:00,2904,455000,house,4,2008
05/12/2008 0:00,2904,493000,house,5,2008
05/12/2008 0:00,2611,505000,house,3,2008
05/12/2008 0:00,2603,650000,house,3,2008
06/12/2008 0:00,2615,378250,house,3,2008
06/12/2008 0:00,2611,595000,house,3,2008
06/12/2008 0:00,2914,600000,house,4,2008
06/12/2008 0:00,2902,672000,house,4,2008
08/12/2008 0:00,2615,314000,house,3,2008
08/12/2008 0:00,2617,350000,house,3,2008
08/12/2008 0:00,2902,355000,house,3,2008
08/12/2008 0:00,2905,365000,house,3,2008
08/12/2008 0:00,2611,431000,house,4,2008
08/12/2008 0:00,2611,470000,house,4,2008
08/12/2008 0:00,2617,525000,house,4,2008
08/12/2008 0:00,2611,610000,house,4,2008
08/12/2008 0:00,2602,855000,house,4,2008
09/12/2008 0:00,2904,490000,house,4,2008
09/12/2008 0:00,2913,540000,house,4,2008
09/12/2008 0:00,2905,695000,house,4,2008
10/12/2008 0:00,2906,335000,house,3,2008
10/12/2008 0:00,2913,340000,house,3,2008
10/12/2008 0:00,2905,385000,house,3,2008
10/12/2008 0:00,2906,392000,house,3,2008
10/12/2008 0:00,2611,420000,house,3,2008
10/12/2008 0:00,2602,435000,house,2,2008
10/12/2008 0:00,2902,435000,house,4,2008
10/12/2008 0:00,2904,440000,house,3,2008
10/12/2008 0:00,2902,480000,house,4,2008
10/12/2008 0:00,2604,600000,house,4,2008
11/12/2008 0:00,2615,520000,house,4,2008
12/12/2008 0:00,2906,351000,house,4,2008
12/12/2008 0:00,2912,355000,house,2,2008
12/12/2008 0:00,2905,455000,house,3,2008
12/12/2008 0:00,2905,470000,house,4,2008
12/12/2008 0:00,2903,525000,house,5,2008
12/12/2008 0:00,2602,665000,house,3,2008
12/12/2008 0:00,2604,805000,house,4,2008
13/12/2008 00:00,2603,775000,house,4,2008
15/12/2008 00:00,2615,360000,house,3,2008
15/12/2008 00:00,2905,373500,house,3,2008
15/12/2008 00:00,2606,398000,house,3,2008
15/12/2008 00:00,2903,405000,house,3,2008
15/12/2008 00:00,2904,472000,house,4,2008
15/12/2008 00:00,2611,505000,house,4,2008
15/12/2008 00:00,2906,530000,house,4,2008
15/12/2008 00:00,2612,625000,house,2,2008
15/12/2008 00:00,2606,295000,unit,2,2008
15/12/2008 00:00,2612,385000,unit,3,2008
16/12/2008 00:00,2906,362500,house,3,2008
16/12/2008 00:00,2611,413000,house,3,2008
16/12/2008 00:00,2615,420000,house,4,2008
16/12/2008 00:00,2913,520000,house,4,2008
16/12/2008 00:00,2913,585000,house,4,2008
16/12/2008 00:00,2601,279000,unit,1,2008
17/12/2008 00:00,2913,378500,house,3,2008
17/12/2008 00:00,2615,600000,house,4,2008
17/12/2008 00:00,2906,720000,house,4,2008
18/12/2008 00:00,2903,416500,house,3,2008
18/12/2008 00:00,2902,420000,house,4,2008
18/12/2008 00:00,2615,431600,house,4,2008
19/12/2008 00:00,2905,339950,house,3,2008
19/12/2008 00:00,2905,350000,house,3,2008
19/12/2008 00:00,2615,380000,house,3,2008
19/12/2008 00:00,2902,428250,house,3,2008
19/12/2008 00:00,2611,439000,house,3,2008
19/12/2008 00:00,2905,472000,house,4,2008
19/12/2008 00:00,2607,499000,house,4,2008
19/12/2008 00:00,2611,527000,house,5,2008
19/12/2008 00:00,2615,550000,house,4,2008
19/12/2008 00:00,2612,716000,house,3,2008
19/12/2008 00:00,2603,900000,house,4,2008
20/12/2008 00:00,2606,495000,house,3,2008
20/12/2008 00:00,2604,540000,house,3,2008
20/12/2008 00:00,2603,1375000,house,4,2008
20/12/2008 00:00,2603,3500000,house,5,2008
22/12/2008 00:00,2617,379000,house,3,2008
22/12/2008 00:00,2615,390000,house,4,2008
22/12/2008 00:00,2611,399500,house,3,2008
22/12/2008 00:00,2914,456000,house,3,2008
22/12/2008 00:00,2611,490000,house,4,2008
22/12/2008 00:00,2614,585000,house,4,2008
22/12/2008 00:00,2611,630000,house,4,2008
22/12/2008 00:00,2600,855000,house,3,2008
22/12/2008 00:00,2603,350000,unit,2,2008
23/12/2008 00:00,2906,355000,house,3,2008
23/12/2008 00:00,2905,361500,house,3,2008
23/12/2008 00:00,2617,381000,house,3,2008
23/12/2008 00:00,2913,390000,house,3,2008
23/12/2008 00:00,2905,395000,house,3,2008
23/12/2008 00:00,2914,444000,house,4,2008
23/12/2008 00:00,2906,450000,house,4,2008
23/12/2008 00:00,2906,452000,house,4,2008
23/12/2008 00:00,2912,480000,house,4,2008
23/12/2008 00:00,2602,500000,house,3,2008
23/12/2008 00:00,2602,571000,house,3,2008
23/12/2008 00:00,2606,315000,unit,2,2008
24/12/2008 00:00,2614,310000,house,2,2008
24/12/2008 00:00,2913,369950,house,3,2008
24/12/2008 00:00,2615,385000,house,3,2008
24/12/2008 00:00,2611,394000,house,3,2008
24/12/2008 00:00,2914,400000,house,4,2008
24/12/2008 00:00,2906,400000,house,3,2008
24/12/2008 00:00,2611,400000,house,3,2008
24/12/2008 00:00,2905,400000,house,3,2008
24/12/2008 00:00,2904,499000,house,4,2008
24/12/2008 00:00,2600,1057500,house,4,2008
24/12/2008 00:00,2606,400000,unit,3,2008
24/12/2008 00:00,2612,440000,unit,2,2008
05/01/2009 0:00,2604,419950,unit,2,2009
05/01/2009 0:00,2603,425000,unit,1,2009
06/01/2009 0:00,2617,342500,house,3,2009
06/01/2009 0:00,2611,450000,house,4,2009
06/01/2009 0:00,2600,300000,unit,2,2009
07/01/2009 0:00,2602,420000,house,3,2009
07/01/2009 0:00,2611,270000,unit,2,2009
08/01/2009 0:00,2615,394000,house,3,2009
08/01/2009 0:00,2914,410000,house,4,2009
08/01/2009 0:00,2904,411500,house,3,2009
08/01/2009 0:00,2914,560000,house,4,2009
08/01/2009 0:00,2604,435000,unit,3,2009
09/01/2009 0:00,2611,383000,house,3,2009
09/01/2009 0:00,2902,385000,house,3,2009
09/01/2009 0:00,2913,420000,house,2,2009
10/01/2009 0:00,2914,585000,house,4,2009
10/01/2009 0:00,2913,590000,house,4,2009
12/01/2009 0:00,2617,340500,house,3,2009
12/01/2009 0:00,2905,410000,house,3,2009
12/01/2009 0:00,2903,418000,house,3,2009
12/01/2009 0:00,2615,470000,house,4,2009
12/01/2009 0:00,2905,609950,house,4,2009
12/01/2009 0:00,2914,630000,house,4,2009
12/01/2009 0:00,2914,750000,house,5,2009
12/01/2009 0:00,2600,475000,unit,2,2009
13/01/2009 00:00,2615,420000,house,3,2009
13/01/2009 00:00,2615,515000,house,4,2009
13/01/2009 00:00,2602,637000,house,4,2009
14/01/2009 00:00,2615,315000,house,3,2009
14/01/2009 00:00,2914,400000,house,3,2009
14/01/2009 00:00,2905,439000,house,4,2009
15/01/2009 00:00,2905,330000,house,3,2009
15/01/2009 00:00,2614,350000,house,3,2009
15/01/2009 00:00,2611,440000,house,3,2009
15/01/2009 00:00,2617,462500,house,4,2009
15/01/2009 00:00,2604,465000,house,2,2009
15/01/2009 00:00,2913,589000,house,3,2009
15/01/2009 00:00,2913,640000,house,4,2009
16/01/2009 00:00,2905,319950,house,3,2009
16/01/2009 00:00,2611,456000,house,3,2009
16/01/2009 00:00,2615,585000,house,4,2009
19/01/2009 00:00,2617,400000,house,3,2009
19/01/2009 00:00,2906,615000,house,4,2009
19/01/2009 00:00,2904,688889,house,4,2009
20/01/2009 00:00,2913,392000,house,3,2009
20/01/2009 00:00,2912,425000,house,3,2009
20/01/2009 00:00,2905,465000,house,4,2009
20/01/2009 00:00,2602,500000,house,3,2009
20/01/2009 00:00,2600,1150000,house,4,2009
20/01/2009 00:00,2604,402000,unit,3,2009
21/01/2009 00:00,2906,570000,house,4,2009
22/01/2009 00:00,2905,308000,house,3,2009
22/01/2009 00:00,2615,512000,house,4,2009
22/01/2009 00:00,2600,575000,house,3,2009
23/01/2009 00:00,2615,315000,house,3,2009
23/01/2009 00:00,2906,317500,house,3,2009
23/01/2009 00:00,2906,335000,house,3,2009
23/01/2009 00:00,2905,360000,house,3,2009
23/01/2009 00:00,2905,380000,house,4,2009
23/01/2009 00:00,2905,394000,house,3,2009
23/01/2009 00:00,2605,570000,house,4,2009
23/01/2009 00:00,2612,890000,house,3,2009
23/01/2009 00:00,2604,485000,unit,3,2009
27/01/2009 00:00,2615,327000,house,3,2009
27/01/2009 00:00,2906,350500,house,3,2009
27/01/2009 00:00,2905,475000,house,4,2009
27/01/2009 00:00,2913,750000,house,5,2009
27/01/2009 00:00,2603,2100000,house,4,2009
27/01/2009 00:00,2605,435000,unit,2,2009
28/01/2009 00:00,2615,325000,house,3,2009
28/01/2009 00:00,2913,365000,house,3,2009
28/01/2009 00:00,2913,441000,house,4,2009
28/01/2009 00:00,2914,450000,house,3,2009
28/01/2009 00:00,2906,620000,house,4,2009
29/01/2009 00:00,2905,341000,house,3,2009
29/01/2009 00:00,2903,395000,house,3,2009
29/01/2009 00:00,2602,550000,house,3,2009
29/01/2009 00:00,2607,612000,house,4,2009
29/01/2009 00:00,2902,279000,unit,2,2009
29/01/2009 00:00,2612,385000,unit,2,2009
30/01/2009 00:00,2902,450000,house,3,2009
30/01/2009 00:00,2611,467500,house,3,2009
30/01/2009 00:00,2602,476000,house,3,2009
30/01/2009 00:00,2914,525000,house,4,2009
30/01/2009 00:00,2617,601000,house,4,2009
30/01/2009 00:00,2614,217000,unit,2,2009
30/01/2009 00:00,2612,330000,unit,1,2009
31/01/2009 00:00,2900,440000,house,3,2009
31/01/2009 00:00,2617,495000,house,3,2009
02/02/2009 0:00,2913,500000,house,5,2009
02/02/2009 0:00,2607,622500,house,4,2009
02/02/2009 0:00,2604,379000,unit,2,2009
03/02/2009 0:00,2913,335000,house,2,2009
03/02/2009 0:00,2615,339000,house,3,2009
03/02/2009 0:00,2615,362000,house,3,2009
03/02/2009 0:00,2904,390000,house,4,2009
03/02/2009 0:00,2904,412000,house,3,2009
03/02/2009 0:00,2615,420000,house,4,2009
03/02/2009 0:00,2604,485000,house,2,2009
03/02/2009 0:00,2614,605000,house,3,2009
03/02/2009 0:00,2612,365000,unit,2,2009
03/02/2009 0:00,2600,578000,unit,2,2009
04/02/2009 0:00,2913,370000,house,3,2009
04/02/2009 0:00,2611,440000,house,4,2009
04/02/2009 0:00,2905,530000,house,4,2009
04/02/2009 0:00,2604,356000,unit,2,2009
04/02/2009 0:00,2617,419000,unit,2,2009
05/02/2009 0:00,2906,340000,house,3,2009
05/02/2009 0:00,2611,435000,house,4,2009
05/02/2009 0:00,2617,438000,house,4,2009
05/02/2009 0:00,2906,495000,house,4,2009
05/02/2009 0:00,2602,620000,house,4,2009
06/02/2009 0:00,2906,339000,house,3,2009
06/02/2009 0:00,2615,500000,house,5,2009
06/02/2009 0:00,2617,510000,house,4,2009
06/02/2009 0:00,2913,535000,house,4,2009
06/02/2009 0:00,2612,323000,unit,1,2009
07/02/2009 0:00,2611,512000,house,3,2009
09/02/2009 0:00,2905,395000,house,4,2009
09/02/2009 0:00,2617,520000,house,4,2009
09/02/2009 0:00,2906,545000,house,4,2009
09/02/2009 0:00,2607,715000,house,4,2009
09/02/2009 0:00,2614,276000,unit,3,2009
09/02/2009 0:00,2617,389000,unit,2,2009
09/02/2009 0:00,2604,405000,unit,2,2009
10/02/2009 0:00,2913,335000,house,3,2009
10/02/2009 0:00,2902,400000,house,3,2009
10/02/2009 0:00,2914,468000,house,4,2009
10/02/2009 0:00,2905,510000,house,4,2009
10/02/2009 0:00,2614,400000,unit,2,2009
10/02/2009 0:00,2602,412000,unit,2,2009
10/02/2009 0:00,2603,535000,unit,2,2009
11/02/2009 0:00,2905,100000,house,3,2009
11/02/2009 0:00,2611,380000,house,3,2009
11/02/2009 0:00,2906,385000,house,3,2009
11/02/2009 0:00,2903,407000,house,3,2009
11/02/2009 0:00,2615,410000,house,4,2009
11/02/2009 0:00,2905,480000,house,4,2009
11/02/2009 0:00,2906,535000,house,4,2009
11/02/2009 0:00,2607,670000,house,4,2009
11/02/2009 0:00,2602,366000,unit,2,2009
11/02/2009 0:00,2617,370000,unit,2,2009
12/02/2009 0:00,2906,347500,house,3,2009
12/02/2009 0:00,2905,380000,house,3,2009
12/02/2009 0:00,2902,400000,house,3,2009
12/02/2009 0:00,2615,405000,house,4,2009
12/02/2009 0:00,2905,408000,house,4,2009
12/02/2009 0:00,2615,485000,house,4,2009
12/02/2009 0:00,2617,384000,unit,3,2009
13/02/2009 00:00,2905,362000,house,3,2009
13/02/2009 00:00,2914,435000,house,4,2009
13/02/2009 00:00,2913,450000,house,4,2009
13/02/2009 00:00,2600,880000,house,4,2009
13/02/2009 00:00,2606,290000,unit,2,2009
13/02/2009 00:00,2606,321000,unit,2,2009
14/02/2009 00:00,2602,456000,house,3,2009
16/02/2009 00:00,2913,355000,house,3,2009
16/02/2009 00:00,2902,426500,house,4,2009
16/02/2009 00:00,2906,490000,house,4,2009
16/02/2009 00:00,2605,602000,house,4,2009
17/02/2009 00:00,2914,355000,house,3,2009
17/02/2009 00:00,2611,380000,house,3,2009
17/02/2009 00:00,2903,410000,house,4,2009
17/02/2009 00:00,2902,449000,house,4,2009
17/02/2009 00:00,2903,486000,house,4,2009
17/02/2009 00:00,2611,490000,house,4,2009
17/02/2009 00:00,2607,490000,house,3,2009
17/02/2009 00:00,2905,560000,house,5,2009
17/02/2009 00:00,2602,275000,unit,2,2009
17/02/2009 00:00,2604,489000,unit,2,2009
18/02/2009 00:00,2602,513000,house,4,2009
18/02/2009 00:00,2602,522000,house,3,2009
19/02/2009 00:00,2904,370000,house,3,2009
19/02/2009 00:00,2904,405000,house,4,2009
19/02/2009 00:00,2617,539000,house,5,2009
19/02/2009 00:00,2617,560000,house,4,2009
19/02/2009 00:00,2604,627500,house,3,2009
20/02/2009 00:00,2617,405000,house,4,2009
20/02/2009 00:00,2905,410000,house,3,2009
20/02/2009 00:00,2912,671000,house,4,2009
20/02/2009 00:00,2617,385000,unit,3,2009
21/02/2009 00:00,2604,690000,house,4,2009
23/02/2009 00:00,2905,362000,house,3,2009
23/02/2009 00:00,2905,379950,house,3,2009
23/02/2009 00:00,2905,391000,house,4,2009
23/02/2009 00:00,2914,480000,house,4,2009
23/02/2009 00:00,2607,495000,house,3,2009
23/02/2009 00:00,2604,630000,house,4,2009
23/02/2009 00:00,2602,338000,unit,2,2009
24/02/2009 00:00,2905,360000,house,3,2009
24/02/2009 00:00,2615,477000,house,4,2009
24/02/2009 00:00,2602,750000,house,5,2009
25/02/2009 00:00,2603,1580000,house,4,2009
25/02/2009 00:00,2612,482500,unit,2,2009
26/02/2009 00:00,2615,390000,house,3,2009
26/02/2009 00:00,2617,401500,house,3,2009
26/02/2009 00:00,2615,440000,house,5,2009
26/02/2009 00:00,2912,490000,house,5,2009
26/02/2009 00:00,2914,580000,house,4,2009
26/02/2009 00:00,2905,720000,house,5,2009
26/02/2009 00:00,2912,315000,unit,1,2009
26/02/2009 00:00,2602,390000,unit,2,2009
27/02/2009 00:00,2912,476000,house,4,2009
27/02/2009 00:00,2600,410000,unit,1,2009
28/02/2009 00:00,2617,400000,house,3,2009
28/02/2009 00:00,2601,277000,unit,1,2009
02/03/2009 0:00,2611,460000,house,4,2009
02/03/2009 0:00,2617,485000,house,4,2009
02/03/2009 0:00,2607,505000,house,4,2009
02/03/2009 0:00,2602,780000,house,4,2009
02/03/2009 0:00,2603,530000,unit,2,2009
03/03/2009 0:00,2615,283000,house,3,2009
03/03/2009 0:00,2615,325000,house,3,2009
03/03/2009 0:00,2902,360000,house,3,2009
03/03/2009 0:00,2906,389000,house,3,2009
03/03/2009 0:00,2615,395000,house,3,2009
03/03/2009 0:00,2604,805000,house,4,2009
03/03/2009 0:00,2603,450000,unit,2,2009
04/03/2009 0:00,2906,347500,house,3,2009
04/03/2009 0:00,2615,390000,house,4,2009
04/03/2009 0:00,2611,390000,house,3,2009
04/03/2009 0:00,2614,423500,house,4,2009
04/03/2009 0:00,2906,430000,house,4,2009
04/03/2009 0:00,2615,465000,house,5,2009
04/03/2009 0:00,2905,484500,house,3,2009
05/03/2009 0:00,2615,399000,house,3,2009
05/03/2009 0:00,2615,501500,house,4,2009
05/03/2009 0:00,2611,550000,house,3,2009
05/03/2009 0:00,2612,278000,unit,1,2009
05/03/2009 0:00,2900,440000,unit,3,2009
06/03/2009 0:00,2906,309950,house,3,2009
06/03/2009 0:00,2913,351126,house,2,2009
06/03/2009 0:00,2905,425000,house,5,2009
06/03/2009 0:00,2905,435000,house,4,2009
06/03/2009 0:00,2617,447500,house,3,2009
06/03/2009 0:00,2902,468000,house,4,2009
06/03/2009 0:00,2602,560000,house,3,2009
06/03/2009 0:00,2906,560000,house,4,2009
06/03/2009 0:00,2602,608000,house,4,2009
06/03/2009 0:00,2602,615000,house,3,2009
06/03/2009 0:00,2912,620000,house,4,2009
06/03/2009 0:00,2906,290000,unit,2,2009
06/03/2009 0:00,2604,422000,unit,3,2009
07/03/2009 0:00,2902,417000,house,3,2009
07/03/2009 0:00,2611,454000,house,3,2009
10/03/2009 0:00,2611,398000,house,3,2009
10/03/2009 0:00,2905,435000,house,4,2009
10/03/2009 0:00,2607,455000,house,3,2009
10/03/2009 0:00,2903,475000,house,4,2009
10/03/2009 0:00,2602,475000,house,3,2009
10/03/2009 0:00,2906,478000,house,4,2009
10/03/2009 0:00,2904,490000,house,4,2009
10/03/2009 0:00,2614,647000,house,4,2009
10/03/2009 0:00,2602,675000,house,3,2009
11/03/2009 0:00,2913,308000,house,2,2009
11/03/2009 0:00,2906,365000,house,3,2009
11/03/2009 0:00,2902,376000,house,3,2009
11/03/2009 0:00,2611,398000,house,3,2009
11/03/2009 0:00,2602,550000,house,3,2009
11/03/2009 0:00,2603,759000,house,4,2009
11/03/2009 0:00,2902,759000,house,4,2009
11/03/2009 0:00,2617,275000,unit,2,2009
12/03/2009 0:00,2906,359950,house,3,2009
12/03/2009 0:00,2614,375000,house,4,2009
12/03/2009 0:00,2906,380000,house,4,2009
12/03/2009 0:00,2914,440000,house,3,2009
12/03/2009 0:00,2902,445000,house,4,2009
12/03/2009 0:00,2611,480000,house,3,2009
12/03/2009 0:00,2614,517500,house,3,2009
13/03/2009 00:00,2905,295000,house,3,2009
13/03/2009 00:00,2906,335000,house,3,2009
13/03/2009 00:00,2913,353000,house,3,2009
13/03/2009 00:00,2902,453500,house,4,2009
13/03/2009 00:00,2902,715000,house,4,2009
13/03/2009 00:00,2913,858000,house,5,2009
13/03/2009 00:00,2614,395000,unit,2,2009
14/03/2009 00:00,2906,500000,house,5,2009
16/03/2009 00:00,2906,392500,house,3,2009
16/03/2009 00:00,2611,397500,house,3,2009
16/03/2009 00:00,2611,690000,house,5,2009
17/03/2009 00:00,2905,352000,house,3,2009
17/03/2009 00:00,2615,390000,house,3,2009
17/03/2009 00:00,2914,420000,house,3,2009
17/03/2009 00:00,2615,437500,house,4,2009
17/03/2009 00:00,2611,461000,house,4,2009
17/03/2009 00:00,2906,511000,house,4,2009
17/03/2009 00:00,2914,515000,house,4,2009
17/03/2009 00:00,2605,580000,house,4,2009
17/03/2009 00:00,2600,1015000,house,4,2009
17/03/2009 00:00,2612,357500,unit,2,2009
18/03/2009 00:00,2904,370000,house,3,2009
18/03/2009 00:00,2905,400000,house,3,2009
18/03/2009 00:00,2905,400100,house,3,2009
18/03/2009 00:00,2615,475000,house,4,2009
18/03/2009 00:00,2602,485000,house,3,2009
18/03/2009 00:00,2611,645000,house,4,2009
18/03/2009 00:00,2611,670000,house,4,2009
19/03/2009 00:00,2906,370000,house,3,2009
19/03/2009 00:00,2615,372000,house,4,2009
19/03/2009 00:00,2905,374000,house,3,2009
19/03/2009 00:00,2902,375000,house,3,2009
19/03/2009 00:00,2905,393000,house,4,2009
19/03/2009 00:00,2615,395000,house,3,2009
19/03/2009 00:00,2905,395000,house,3,2009
19/03/2009 00:00,2914,430000,house,3,2009
19/03/2009 00:00,2902,430000,house,3,2009
19/03/2009 00:00,2605,485000,house,3,2009
20/03/2009 00:00,2617,370000,house,3,2009
20/03/2009 00:00,2913,415000,house,3,2009
20/03/2009 00:00,2617,470000,house,4,2009
20/03/2009 00:00,2902,575000,house,5,2009
20/03/2009 00:00,2607,595000,house,3,2009
20/03/2009 00:00,2607,825000,house,5,2009
20/03/2009 00:00,2601,279000,unit,1,2009
20/03/2009 00:00,2604,490000,unit,3,2009
22/03/2009 00:00,2615,438000,house,4,2009
23/03/2009 00:00,2905,360000,house,3,2009
23/03/2009 00:00,2902,409588,house,4,2009
23/03/2009 00:00,2906,422000,house,4,2009
23/03/2009 00:00,2906,423000,house,3,2009
23/03/2009 00:00,2615,465000,house,4,2009
23/03/2009 00:00,2611,550000,house,4,2009
23/03/2009 00:00,2904,564500,house,4,2009
23/03/2009 00:00,2611,595000,house,4,2009
23/03/2009 00:00,2601,275000,unit,1,2009
24/03/2009 00:00,2906,406000,house,4,2009
24/03/2009 00:00,2617,429000,house,3,2009
24/03/2009 00:00,2914,450000,house,4,2009
24/03/2009 00:00,2906,472000,house,4,2009
24/03/2009 00:00,2906,610000,house,4,2009
24/03/2009 00:00,2913,665000,house,5,2009
25/03/2009 00:00,2905,360000,house,3,2009
25/03/2009 00:00,2905,395000,house,3,2009
25/03/2009 00:00,2913,520000,house,4,2009
25/03/2009 00:00,2611,593000,house,4,2009
25/03/2009 00:00,2604,650000,house,3,2009
25/03/2009 00:00,2912,713000,house,4,2009
25/03/2009 00:00,2603,2600000,house,3,2009
25/03/2009 00:00,2607,378500,unit,3,2009
26/03/2009 00:00,2913,320000,house,3,2009
26/03/2009 00:00,2905,350000,house,3,2009
26/03/2009 00:00,2913,370000,house,3,2009
27/03/2009 00:00,2617,353000,house,3,2009
27/03/2009 00:00,2905,362000,house,3,2009
27/03/2009 00:00,2607,480000,house,3,2009
27/03/2009 00:00,2602,530000,house,3,2009
27/03/2009 00:00,2607,590000,house,3,2009
27/03/2009 00:00,2914,660000,house,4,2009
27/03/2009 00:00,2603,455000,unit,2,2009
28/03/2009 00:00,2617,461000,house,3,2009
28/03/2009 00:00,2603,645000,house,3,2009
28/03/2009 00:00,2614,690000,house,4,2009
28/03/2009 00:00,2600,722000,house,4,2009
28/03/2009 00:00,2602,1310000,house,4,2009
30/03/2009 00:00,2904,356500,house,3,2009
30/03/2009 00:00,2914,373500,house,3,2009
30/03/2009 00:00,2905,450000,house,4,2009
30/03/2009 00:00,2611,470000,house,3,2009
30/03/2009 00:00,2903,480000,house,5,2009
30/03/2009 00:00,2602,561000,house,3,2009
30/03/2009 00:00,2602,565000,house,3,2009
30/03/2009 00:00,2914,568500,house,4,2009
30/03/2009 00:00,2600,310000,unit,1,2009
30/03/2009 00:00,2612,340000,unit,1,2009
30/03/2009 00:00,2617,356000,unit,2,2009
31/03/2009 00:00,2615,435000,house,4,2009
31/03/2009 00:00,2914,580000,house,4,2009
31/03/2009 00:00,2600,610000,house,3,2009
31/03/2009 00:00,2615,637000,house,5,2009
31/03/2009 00:00,2602,800000,house,4,2009
01/04/2009 0:00,2615,288000,house,3,2009
01/04/2009 0:00,2620,370000,house,3,2009
01/04/2009 0:00,2906,430000,house,4,2009
01/04/2009 0:00,2914,439000,house,3,2009
01/04/2009 0:00,2615,464000,house,4,2009
01/04/2009 0:00,2602,585000,house,3,2009
01/04/2009 0:00,2607,281000,unit,2,2009
02/04/2009 0:00,2906,326000,house,3,2009
02/04/2009 0:00,2903,423000,house,4,2009
02/04/2009 0:00,2905,475000,house,4,2009
02/04/2009 0:00,2614,800000,house,4,2009
03/04/2009 0:00,2900,345000,house,3,2009
03/04/2009 0:00,2912,470000,house,4,2009
03/04/2009 0:00,2913,490000,house,4,2009
03/04/2009 0:00,2611,550000,house,4,2009
03/04/2009 0:00,2611,555000,house,4,2009
03/04/2009 0:00,2607,812000,house,4,2009
03/04/2009 0:00,2612,625000,unit,3,2009
04/04/2009 0:00,2607,517000,house,3,2009
06/04/2009 0:00,2913,360000,house,3,2009
06/04/2009 0:00,2903,406500,house,3,2009
06/04/2009 0:00,2611,422000,house,3,2009
06/04/2009 0:00,2906,435000,house,3,2009
06/04/2009 0:00,2902,455000,house,4,2009
06/04/2009 0:00,2605,515000,house,3,2009
06/04/2009 0:00,2914,522000,house,4,2009
06/04/2009 0:00,2611,560000,house,4,2009
06/04/2009 0:00,2612,1875000,house,5,2009
07/04/2009 0:00,2913,375500,house,3,2009
07/04/2009 0:00,2617,420000,house,3,2009
07/04/2009 0:00,2903,440000,house,4,2009
07/04/2009 0:00,2905,485000,house,4,2009
07/04/2009 0:00,2905,490000,house,4,2009
07/04/2009 0:00,2602,527000,house,3,2009
07/04/2009 0:00,2905,550000,house,4,2009
07/04/2009 0:00,2605,560000,house,4,2009
07/04/2009 0:00,2913,690000,house,4,2009
07/04/2009 0:00,2913,720000,house,5,2009
07/04/2009 0:00,2913,941000,house,5,2009
07/04/2009 0:00,2602,318500,unit,2,2009
08/04/2009 0:00,2611,460000,house,4,2009
08/04/2009 0:00,2906,495000,house,4,2009
09/04/2009 0:00,2906,353500,house,3,2009
09/04/2009 0:00,2905,365000,house,3,2009
09/04/2009 0:00,2914,461500,house,4,2009
09/04/2009 0:00,2606,470000,house,3,2009
14/04/2009 00:00,2906,420000,house,3,2009
14/04/2009 00:00,2611,441550,house,3,2009
14/04/2009 00:00,2914,480000,house,4,2009
14/04/2009 00:00,2914,500000,house,4,2009
15/04/2009 00:00,2906,315000,house,2,2009
15/04/2009 00:00,2906,345000,house,3,2009
15/04/2009 00:00,2905,405000,house,4,2009
15/04/2009 00:00,2614,428500,house,3,2009
15/04/2009 00:00,2913,440000,house,3,2009
15/04/2009 00:00,2614,510000,house,3,2009
15/04/2009 00:00,2602,525000,house,3,2009
15/04/2009 00:00,2615,531000,house,5,2009
15/04/2009 00:00,2611,655000,house,3,2009
15/04/2009 00:00,2603,2200000,house,4,2009
16/04/2009 00:00,2617,425000,house,3,2009
16/04/2009 00:00,2904,425000,house,3,2009
16/04/2009 00:00,2904,435000,house,4,2009
16/04/2009 00:00,2914,447500,house,3,2009
16/04/2009 00:00,2605,522500,house,3,2009
16/04/2009 00:00,2902,530000,house,4,2009
16/04/2009 00:00,2607,270000,unit,2,2009
16/04/2009 00:00,2604,372000,unit,2,2009
16/04/2009 00:00,2600,640000,unit,2,2009
17/04/2009 00:00,2905,358000,house,3,2009
17/04/2009 00:00,2615,436000,house,3,2009
17/04/2009 00:00,2905,470000,house,4,2009
17/04/2009 00:00,2602,870000,house,4,2009
17/04/2009 00:00,2602,339000,unit,1,2009
17/04/2009 00:00,2612,350500,unit,1,2009
18/04/2009 00:00,2617,575000,house,4,2009
20/04/2009 00:00,2902,370000,house,3,2009
20/04/2009 00:00,2905,380000,house,3,2009
20/04/2009 00:00,2906,380000,house,3,2009
20/04/2009 00:00,2611,460000,house,3,2009
20/04/2009 00:00,2903,477000,house,3,2009
20/04/2009 00:00,2906,480000,house,4,2009
20/04/2009 00:00,2602,565000,house,3,2009
20/04/2009 00:00,2902,680000,house,4,2009
20/04/2009 00:00,2603,785000,house,4,2009
21/04/2009 00:00,2614,355000,house,3,2009
21/04/2009 00:00,2905,400000,house,3,2009
21/04/2009 00:00,2905,410000,house,3,2009
21/04/2009 00:00,2902,500000,house,4,2009
22/04/2009 00:00,2905,415000,house,3,2009
22/04/2009 00:00,2912,630000,house,4,2009
22/04/2009 00:00,2603,840000,house,3,2009
23/04/2009 00:00,2615,335000,house,3,2009
23/04/2009 00:00,2615,412000,house,3,2009
23/04/2009 00:00,2902,467500,house,4,2009
23/04/2009 00:00,2602,390500,unit,1,2009
23/04/2009 00:00,2605,446000,unit,2,2009
24/04/2009 00:00,2913,336000,house,2,2009
24/04/2009 00:00,2905,365000,house,3,2009
24/04/2009 00:00,2905,387500,house,3,2009
24/04/2009 00:00,2905,405000,house,3,2009
24/04/2009 00:00,2617,410000,house,4,2009
24/04/2009 00:00,2617,421999,house,4,2009
24/04/2009 00:00,2611,463000,house,4,2009
24/04/2009 00:00,2905,472000,house,4,2009
24/04/2009 00:00,2611,479000,house,3,2009
24/04/2009 00:00,2914,538000,house,4,2009
24/04/2009 00:00,2605,685000,house,4,2009
28/04/2009 00:00,2906,300000,house,3,2009
28/04/2009 00:00,2906,355000,house,3,2009
28/04/2009 00:00,2617,555000,house,4,2009
28/04/2009 00:00,2603,530000,unit,2,2009
29/04/2009 00:00,2611,391000,house,3,2009
29/04/2009 00:00,2905,407000,house,4,2009
29/04/2009 00:00,2904,542000,house,4,2009
29/04/2009 00:00,2602,330000,unit,2,2009
30/04/2009 00:00,2606,270000,unit,2,2009
30/04/2009 00:00,2606,350600,unit,2,2009
01/05/2009 0:00,2617,370000,house,3,2009
01/05/2009 0:00,2905,415000,house,3,2009
01/05/2009 0:00,2905,427000,house,4,2009
01/05/2009 0:00,2615,490000,house,5,2009
01/05/2009 0:00,2913,565000,house,4,2009
01/05/2009 0:00,2615,605000,house,4,2009
01/05/2009 0:00,2602,223000,unit,1,2009
01/05/2009 0:00,2900,420000,unit,3,2009
04/05/2009 0:00,2906,340000,house,3,2009
04/05/2009 0:00,2902,360000,house,3,2009
04/05/2009 0:00,2902,375000,house,3,2009
04/05/2009 0:00,2904,499950,house,4,2009
04/05/2009 0:00,2905,551000,house,5,2009
04/05/2009 0:00,2617,627000,house,5,2009
05/05/2009 0:00,2906,368500,house,3,2009
05/05/2009 0:00,2903,390000,house,3,2009
05/05/2009 0:00,2902,445000,house,2,2009
05/05/2009 0:00,2904,460000,house,4,2009
05/05/2009 0:00,2903,522500,house,4,2009
05/05/2009 0:00,2605,710000,house,4,2009
06/05/2009 0:00,2607,490000,house,3,2009
06/05/2009 0:00,2906,520000,house,4,2009
06/05/2009 0:00,2914,525000,house,4,2009
06/05/2009 0:00,2602,620000,house,4,2009
06/05/2009 0:00,2602,330000,unit,2,2009
07/05/2009 0:00,2905,320000,house,3,2009
07/05/2009 0:00,2902,375000,house,3,2009
07/05/2009 0:00,2617,402227,house,3,2009
07/05/2009 0:00,2617,412000,house,3,2009
07/05/2009 0:00,2903,485000,house,4,2009
07/05/2009 0:00,2603,525000,unit,2,2009
08/05/2009 0:00,2615,395000,house,3,2009
08/05/2009 0:00,2913,450000,house,4,2009
08/05/2009 0:00,2906,485000,house,4,2009
08/05/2009 0:00,2604,615000,house,3,2009
08/05/2009 0:00,2600,675000,house,3,2009
08/05/2009 0:00,2905,720000,house,5,2009
08/05/2009 0:00,2612,1050000,house,4,2009
08/05/2009 0:00,2612,485000,unit,2,2009
09/05/2009 0:00,2913,401000,house,3,2009
11/05/2009 0:00,2906,315000,house,3,2009
11/05/2009 0:00,2902,325000,house,3,2009
11/05/2009 0:00,2611,375000,house,3,2009
11/05/2009 0:00,2614,390500,house,3,2009
11/05/2009 0:00,2611,495000,house,3,2009
12/05/2009 0:00,2615,458000,house,4,2009
12/05/2009 0:00,2607,477500,house,3,2009
12/05/2009 0:00,2607,215000,unit,1,2009
12/05/2009 0:00,2604,375000,unit,2,2009
13/05/2009 00:00,2906,387000,house,3,2009
13/05/2009 00:00,2906,410000,house,3,2009
13/05/2009 00:00,2614,805000,house,4,2009
14/05/2009 00:00,2906,450000,house,4,2009
14/05/2009 00:00,2620,160000,unit,1,2009
15/05/2009 00:00,2906,350000,house,2,2009
15/05/2009 00:00,2903,389000,house,3,2009
15/05/2009 00:00,2905,401000,house,3,2009
15/05/2009 00:00,2904,410000,house,3,2009
15/05/2009 00:00,2902,432500,house,3,2009
15/05/2009 00:00,2604,461000,house,2,2009
15/05/2009 00:00,2904,485000,house,4,2009
15/05/2009 00:00,2906,520000,house,4,2009
15/05/2009 00:00,2904,560000,house,4,2009
15/05/2009 00:00,2600,1000000,house,4,2009
16/05/2009 00:00,2605,540000,house,3,2009
18/05/2009 00:00,2905,352500,house,3,2009
18/05/2009 00:00,2906,384000,house,3,2009
18/05/2009 00:00,2602,535000,house,3,2009
18/05/2009 00:00,2602,342500,unit,1,2009
18/05/2009 00:00,2604,441000,unit,2,2009
19/05/2009 00:00,2617,367000,house,3,2009
19/05/2009 00:00,2615,390000,house,4,2009
19/05/2009 00:00,2615,415000,house,4,2009
19/05/2009 00:00,2914,436000,house,3,2009
19/05/2009 00:00,2906,515000,house,4,2009
19/05/2009 00:00,2614,820000,house,4,2009
20/05/2009 00:00,2905,367000,house,3,2009
20/05/2009 00:00,2615,373000,house,3,2009
20/05/2009 00:00,2611,495000,house,3,2009
20/05/2009 00:00,2605,583500,house,3,2009
20/05/2009 00:00,2607,785000,house,5,2009
20/05/2009 00:00,2603,888000,house,4,2009
20/05/2009 00:00,2617,375000,unit,2,2009
20/05/2009 00:00,2900,390000,unit,2,2009
21/05/2009 00:00,2902,365000,house,3,2009
21/05/2009 00:00,2615,390000,house,3,2009
21/05/2009 00:00,2615,430000,house,3,2009
21/05/2009 00:00,2617,439000,house,3,2009
21/05/2009 00:00,2600,375000,unit,2,2009
22/05/2009 00:00,2611,387500,house,3,2009
22/05/2009 00:00,2603,440000,house,2,2009
22/05/2009 00:00,2904,510000,house,4,2009
22/05/2009 00:00,2602,527500,house,2,2009
22/05/2009 00:00,2615,553000,house,5,2009
23/05/2009 00:00,2913,357000,house,3,2009
23/05/2009 00:00,2615,363000,house,4,2009
23/05/2009 00:00,2604,511000,house,3,2009
23/05/2009 00:00,2615,522000,house,4,2009
25/05/2009 00:00,2903,390000,house,3,2009
25/05/2009 00:00,2611,435000,house,3,2009
25/05/2009 00:00,2900,465000,house,4,2009
25/05/2009 00:00,2904,465000,house,4,2009
25/05/2009 00:00,2604,516000,house,3,2009
25/05/2009 00:00,2604,530000,house,4,2009
25/05/2009 00:00,2611,570000,house,4,2009
25/05/2009 00:00,2903,577000,house,5,2009
25/05/2009 00:00,2912,330000,unit,2,2009
25/05/2009 00:00,2612,492000,unit,2,2009
26/05/2009 00:00,2902,455000,house,3,2009
26/05/2009 00:00,2913,530000,house,4,2009
26/05/2009 00:00,2611,550000,house,4,2009
27/05/2009 00:00,2904,410000,house,3,2009
28/05/2009 00:00,2913,420000,house,3,2009
28/05/2009 00:00,2903,431000,house,4,2009
28/05/2009 00:00,2906,435000,house,4,2009
28/05/2009 00:00,2914,459000,house,4,2009
28/05/2009 00:00,2906,485000,house,4,2009
28/05/2009 00:00,2904,495000,house,4,2009
28/05/2009 00:00,2905,500000,house,4,2009
28/05/2009 00:00,2914,640000,house,4,2009
28/05/2009 00:00,2600,1150000,unit,3,2009
29/05/2009 00:00,2903,390000,house,3,2009
29/05/2009 00:00,2615,399950,house,3,2009
29/05/2009 00:00,2615,418000,house,4,2009
29/05/2009 00:00,2905,430000,house,4,2009
29/05/2009 00:00,2611,451000,house,3,2009
29/05/2009 00:00,2615,487000,house,4,2009
29/05/2009 00:00,2617,500000,house,4,2009
29/05/2009 00:00,2604,795000,house,5,2009
30/05/2009 00:00,2617,459000,house,3,2009
01/06/2009 0:00,2902,420000,house,3,2009
01/06/2009 0:00,2903,460000,house,3,2009
01/06/2009 0:00,2617,530000,house,4,2009
01/06/2009 0:00,2902,675000,house,4,2009
02/06/2009 0:00,2906,578000,house,4,2009
02/06/2009 0:00,2617,295000,unit,1,2009
02/06/2009 0:00,2612,387000,unit,2,2009
02/06/2009 0:00,2601,405000,unit,1,2009
02/06/2009 0:00,2617,425000,unit,3,2009
03/06/2009 0:00,2615,375000,house,3,2009
03/06/2009 0:00,2906,440000,house,3,2009
03/06/2009 0:00,2611,540000,house,3,2009
04/06/2009 0:00,2617,419000,house,3,2009
04/06/2009 0:00,2611,430000,house,3,2009
04/06/2009 0:00,2906,448000,house,4,2009
04/06/2009 0:00,2615,457750,house,4,2009
04/06/2009 0:00,2906,500000,house,3,2009
05/06/2009 0:00,2906,357000,house,3,2009
05/06/2009 0:00,2905,390000,house,3,2009
05/06/2009 0:00,2611,450000,house,3,2009
05/06/2009 0:00,2602,550000,house,3,2009
05/06/2009 0:00,2906,565000,house,4,2009
05/06/2009 0:00,2614,770000,house,4,2009
09/06/2009 0:00,2905,445000,house,4,2009
09/06/2009 0:00,2611,588000,house,4,2009
09/06/2009 0:00,2614,605000,house,3,2009
10/06/2009 0:00,2617,378000,house,3,2009
10/06/2009 0:00,2905,399000,house,3,2009
10/06/2009 0:00,2602,465000,house,3,2009
11/06/2009 0:00,2906,391000,house,3,2009
11/06/2009 0:00,2905,470000,house,4,2009
11/06/2009 0:00,2602,520000,house,2,2009
11/06/2009 0:00,2612,837500,house,3,2009
11/06/2009 0:00,2602,850000,house,3,2009
12/06/2009 0:00,2617,405000,house,3,2009
12/06/2009 0:00,2602,425100,house,3,2009
12/06/2009 0:00,2905,480000,house,4,2009
12/06/2009 0:00,2905,507250,house,4,2009
12/06/2009 0:00,2604,580000,house,4,2009
12/06/2009 0:00,2914,580000,house,4,2009
12/06/2009 0:00,2913,715000,house,4,2009
12/06/2009 0:00,2612,340000,unit,1,2009
13/06/2009 00:00,2615,383000,house,3,2009
13/06/2009 00:00,2603,382000,unit,2,2009
15/06/2009 00:00,2905,410000,house,3,2009
15/06/2009 00:00,2904,415000,house,3,2009
15/06/2009 00:00,2906,416000,house,3,2009
15/06/2009 00:00,2617,480000,house,3,2009
15/06/2009 00:00,2905,610000,house,5,2009
16/06/2009 00:00,2914,435000,house,4,2009
16/06/2009 00:00,2615,485000,house,4,2009
16/06/2009 00:00,2611,540000,house,4,2009
17/06/2009 00:00,2906,373000,house,3,2009
17/06/2009 00:00,2614,435000,house,3,2009
17/06/2009 00:00,2900,477500,house,4,2009
17/06/2009 00:00,2602,526000,house,3,2009
17/06/2009 00:00,2905,640000,house,5,2009
17/06/2009 00:00,2604,387500,unit,2,2009
18/06/2009 00:00,2906,400500,house,3,2009
18/06/2009 00:00,2914,403000,house,3,2009
18/06/2009 00:00,2614,440000,house,3,2009
18/06/2009 00:00,2902,440000,house,4,2009
18/06/2009 00:00,2905,465000,house,4,2009
18/06/2009 00:00,2914,890000,house,4,2009
18/06/2009 00:00,2620,165000,unit,1,2009
19/06/2009 00:00,2913,620000,house,4,2009
19/06/2009 00:00,2614,395000,unit,2,2009
22/06/2009 00:00,2906,329400,house,3,2009
22/06/2009 00:00,2905,417500,house,4,2009
22/06/2009 00:00,2913,420000,house,3,2009
22/06/2009 00:00,2904,428000,house,3,2009
22/06/2009 00:00,2615,472000,house,4,2009
22/06/2009 00:00,2913,532000,house,4,2009
22/06/2009 00:00,2906,556000,house,4,2009
22/06/2009 00:00,2906,585000,house,4,2009
22/06/2009 00:00,2604,620000,house,3,2009
22/06/2009 00:00,2904,711000,house,4,2009
22/06/2009 00:00,2607,282500,unit,2,2009
22/06/2009 00:00,2604,396250,unit,2,2009
23/06/2009 00:00,2617,415100,house,3,2009
23/06/2009 00:00,2906,445000,house,3,2009
23/06/2009 00:00,2602,525000,house,3,2009
23/06/2009 00:00,2611,285000,unit,2,2009
24/06/2009 00:00,2905,430000,house,3,2009
24/06/2009 00:00,2615,460000,house,4,2009
24/06/2009 00:00,2906,500000,house,4,2009
24/06/2009 00:00,2602,520000,house,3,2009
24/06/2009 00:00,2905,535000,house,4,2009
24/06/2009 00:00,2605,732000,house,3,2009
24/06/2009 00:00,2620,172500,unit,1,2009
25/06/2009 00:00,2905,375500,house,2,2009
25/06/2009 00:00,2906,439000,house,4,2009
25/06/2009 00:00,2611,295000,unit,2,2009
26/06/2009 00:00,2903,380000,house,3,2009
26/06/2009 00:00,2905,425000,house,3,2009
26/06/2009 00:00,2617,452500,house,3,2009
26/06/2009 00:00,2912,535000,house,4,2009
26/06/2009 00:00,2611,555000,house,4,2009
26/06/2009 00:00,2602,570000,house,3,2009
27/06/2009 00:00,2902,405000,house,3,2009
27/06/2009 00:00,2906,619000,house,4,2009
27/06/2009 00:00,2605,780000,house,4,2009
29/06/2009 00:00,2906,354000,house,3,2009
29/06/2009 00:00,2906,412500,house,3,2009
29/06/2009 00:00,2902,415000,house,3,2009
29/06/2009 00:00,2905,450000,house,3,2009
29/06/2009 00:00,2611,582500,house,4,2009
29/06/2009 00:00,2607,895500,house,5,2009
30/06/2009 00:00,2607,219000,unit,1,2009
30/06/2009 00:00,2602,306000,unit,1,2009
01/07/2009 0:00,2602,524000,house,2,2009
01/07/2009 0:00,2607,760000,house,4,2009
01/07/2009 0:00,2600,760000,house,3,2009
02/07/2009 0:00,2905,332500,house,2,2009
02/07/2009 0:00,2607,385000,house,3,2009
03/07/2009 0:00,2913,362000,house,3,2009
03/07/2009 0:00,2902,378000,house,3,2009
03/07/2009 0:00,2603,507500,house,2,2009
03/07/2009 0:00,2906,520000,house,3,2009
03/07/2009 0:00,2605,585000,house,3,2009
03/07/2009 0:00,2914,745000,house,5,2009
06/07/2009 0:00,2617,455000,house,3,2009
06/07/2009 0:00,2904,540000,house,4,2009
06/07/2009 0:00,2904,590000,house,4,2009
06/07/2009 0:00,2612,875000,house,4,2009
06/07/2009 0:00,2606,1280000,house,4,2009
07/07/2009 0:00,2602,492000,house,3,2009
07/07/2009 0:00,2617,555000,house,4,2009
08/07/2009 0:00,2904,450000,house,4,2009
08/07/2009 0:00,2601,310000,unit,1,2009
08/07/2009 0:00,2604,447500,unit,2,2009
09/07/2009 0:00,2906,379000,house,3,2009
09/07/2009 0:00,2615,380000,house,3,2009
09/07/2009 0:00,2906,439000,house,3,2009
09/07/2009 0:00,2607,595000,house,4,2009
09/07/2009 0:00,2913,667500,house,4,2009
09/07/2009 0:00,2612,930000,house,3,2009
10/07/2009 0:00,2615,335000,house,3,2009
10/07/2009 0:00,2615,383000,house,3,2009
10/07/2009 0:00,2913,480000,house,4,2009
13/07/2009 00:00,2905,354000,house,3,2009
13/07/2009 00:00,2611,460000,house,4,2009
13/07/2009 00:00,2602,485000,house,3,2009
13/07/2009 00:00,2905,495000,house,5,2009
13/07/2009 00:00,2612,399000,unit,2,2009
14/07/2009 00:00,2615,425500,house,4,2009
14/07/2009 00:00,2617,319500,unit,3,2009
14/07/2009 00:00,2601,395000,unit,1,2009
15/07/2009 00:00,2615,417000,house,3,2009
15/07/2009 00:00,2615,432000,house,4,2009
15/07/2009 00:00,2600,1110000,house,4,2009
15/07/2009 00:00,2913,319000,unit,2,2009
16/07/2009 00:00,2906,339000,house,3,2009
16/07/2009 00:00,2606,465000,house,3,2009
16/07/2009 00:00,2904,640000,house,4,2009
16/07/2009 00:00,2602,663000,house,4,2009
17/07/2009 00:00,2906,387500,house,3,2009
17/07/2009 00:00,2604,395000,house,2,2009
17/07/2009 00:00,2615,460000,house,3,2009
17/07/2009 00:00,2617,506000,house,3,2009
17/07/2009 00:00,2602,370000,unit,2,2009
18/07/2009 00:00,2615,475000,house,4,2009
18/07/2009 00:00,2602,696000,house,4,2009
19/07/2009 00:00,2913,451000,house,3,2009
20/07/2009 00:00,2905,335000,house,3,2009
20/07/2009 00:00,2902,384000,house,3,2009
20/07/2009 00:00,2904,397000,house,3,2009
20/07/2009 00:00,2906,410500,house,3,2009
20/07/2009 00:00,2903,430450,house,4,2009
20/07/2009 00:00,2905,440000,house,4,2009
20/07/2009 00:00,2615,479000,house,4,2009
20/07/2009 00:00,2902,492500,house,4,2009
21/07/2009 00:00,2913,420000,house,3,2009
21/07/2009 00:00,2905,439000,house,3,2009
21/07/2009 00:00,2602,730000,house,4,2009
21/07/2009 00:00,2606,280000,unit,2,2009
21/07/2009 00:00,2602,356500,unit,2,2009
21/07/2009 00:00,2900,399000,unit,2,2009
22/07/2009 00:00,2914,450000,house,4,2009
22/07/2009 00:00,2914,462500,house,4,2009
22/07/2009 00:00,2615,480000,house,4,2009
22/07/2009 00:00,2605,581000,house,3,2009
22/07/2009 00:00,2607,297250,unit,2,2009
22/07/2009 00:00,2612,365000,unit,1,2009
22/07/2009 00:00,2601,415000,unit,2,2009
23/07/2009 00:00,2905,416000,house,3,2009
23/07/2009 00:00,2617,430000,house,3,2009
24/07/2009 00:00,2905,390000,house,3,2009
24/07/2009 00:00,2615,412000,house,3,2009
24/07/2009 00:00,2914,865000,house,4,2009
24/07/2009 00:00,2606,329950,unit,2,2009
25/07/2009 00:00,2614,575000,house,4,2009
27/07/2009 00:00,2906,495000,house,5,2009
27/07/2009 00:00,2602,518500,house,3,2009
27/07/2009 00:00,2607,576000,house,3,2009
27/07/2009 00:00,2617,625000,house,4,2009
27/07/2009 00:00,2617,384000,unit,3,2009
28/07/2009 00:00,2612,428500,unit,2,2009
29/07/2009 00:00,2902,395000,house,3,2009
29/07/2009 00:00,2615,423002,house,4,2009
29/07/2009 00:00,2912,478000,house,4,2009
29/07/2009 00:00,2905,542000,house,4,2009
29/07/2009 00:00,2602,1200000,house,5,2009
30/07/2009 00:00,2615,495000,house,4,2009
31/07/2009 00:00,2913,339000,house,3,2009
31/07/2009 00:00,2904,375000,house,2,2009
31/07/2009 00:00,2913,392000,house,3,2009
31/07/2009 00:00,2906,406000,house,3,2009
31/07/2009 00:00,2905,414000,house,4,2009
31/07/2009 00:00,2905,430500,house,3,2009
31/07/2009 00:00,2900,437500,house,4,2009
31/07/2009 00:00,2602,625000,house,3,2009
31/07/2009 00:00,2603,745000,house,4,2009
01/08/2009 0:00,2617,488000,house,3,2009
03/08/2009 0:00,2905,400000,house,3,2009
03/08/2009 0:00,2602,485000,house,3,2009
03/08/2009 0:00,2904,500000,house,4,2009
03/08/2009 0:00,2914,520000,house,4,2009
03/08/2009 0:00,2905,565000,house,5,2009
03/08/2009 0:00,2612,275000,unit,1,2009
03/08/2009 0:00,2612,465000,unit,2,2009
04/08/2009 0:00,2913,402000,house,3,2009
04/08/2009 0:00,2902,469000,house,4,2009
04/08/2009 0:00,2617,470000,house,4,2009
04/08/2009 0:00,2615,482500,house,4,2009
04/08/2009 0:00,2611,750000,house,4,2009
04/08/2009 0:00,2912,390000,unit,2,2009
04/08/2009 0:00,2612,485000,unit,3,2009
05/08/2009 0:00,2615,365000,house,2,2009
05/08/2009 0:00,2913,385000,house,3,2009
05/08/2009 0:00,2615,395000,house,3,2009
05/08/2009 0:00,2614,409000,house,3,2009
05/08/2009 0:00,2615,409000,house,3,2009
05/08/2009 0:00,2615,420000,house,3,2009
06/08/2009 0:00,2615,402500,house,3,2009
06/08/2009 0:00,2612,375000,unit,1,2009
06/08/2009 0:00,2612,607500,unit,2,2009
06/08/2009 0:00,2612,638000,unit,2,2009
07/08/2009 0:00,2906,365000,house,3,2009
07/08/2009 0:00,2902,410500,house,4,2009
07/08/2009 0:00,2615,413500,house,3,2009
07/08/2009 0:00,2615,416500,house,3,2009
07/08/2009 0:00,2615,451000,house,4,2009
07/08/2009 0:00,2914,586000,house,4,2009
07/08/2009 0:00,2614,605500,house,4,2009
10/08/2009 0:00,2611,440100,house,3,2009
10/08/2009 0:00,2617,800000,house,5,2009
10/08/2009 0:00,2615,318000,unit,2,2009
11/08/2009 0:00,2906,362000,house,3,2009
11/08/2009 0:00,2905,365000,house,3,2009
11/08/2009 0:00,2913,392000,house,3,2009
11/08/2009 0:00,2611,490000,house,3,2009
11/08/2009 0:00,2615,500000,house,4,2009
11/08/2009 0:00,2904,578000,house,4,2009
11/08/2009 0:00,2606,315000,unit,2,2009
12/08/2009 0:00,2615,429000,house,4,2009
12/08/2009 0:00,2906,450000,house,4,2009
13/08/2009 00:00,2905,359000,house,3,2009
13/08/2009 00:00,2604,600000,house,4,2009
14/08/2009 00:00,2906,387100,house,3,2009
14/08/2009 00:00,2904,405000,house,3,2009
14/08/2009 00:00,2913,585000,house,4,2009
14/08/2009 00:00,2602,345000,unit,2,2009
17/08/2009 00:00,2906,355000,house,3,2009
17/08/2009 00:00,2617,413000,house,3,2009
17/08/2009 00:00,2902,415000,house,3,2009
17/08/2009 00:00,2615,420000,house,4,2009
17/08/2009 00:00,2903,441000,house,3,2009
17/08/2009 00:00,2615,459950,house,4,2009
17/08/2009 00:00,2914,518000,house,4,2009
17/08/2009 00:00,2602,542500,house,3,2009
17/08/2009 00:00,2614,767000,house,4,2009
17/08/2009 00:00,2611,302500,unit,2,2009
17/08/2009 00:00,2902,410000,unit,2,2009
18/08/2009 00:00,2615,360000,house,3,2009
18/08/2009 00:00,2904,400000,house,3,2009
18/08/2009 00:00,2604,1620000,house,4,2009
19/08/2009 00:00,2906,315000,house,2,2009
19/08/2009 00:00,2903,420000,house,3,2009
19/08/2009 00:00,2602,465000,house,3,2009
19/08/2009 00:00,2602,506000,house,3,2009
19/08/2009 00:00,2617,515000,house,4,2009
19/08/2009 00:00,2602,555000,house,4,2009
19/08/2009 00:00,2602,615000,house,3,2009
19/08/2009 00:00,2604,642500,house,3,2009
20/08/2009 00:00,2906,379000,house,3,2009
20/08/2009 00:00,2904,398000,house,3,2009
20/08/2009 00:00,2913,444000,house,3,2009
20/08/2009 00:00,2904,499000,house,4,2009
20/08/2009 00:00,2913,562000,house,4,2009
20/08/2009 00:00,2602,345000,unit,2,2009
21/08/2009 00:00,2914,511000,house,4,2009
22/08/2009 00:00,2611,701000,house,4,2009
22/08/2009 00:00,2602,780100,house,2,2009
23/08/2009 00:00,2905,600000,house,4,2009
23/08/2009 00:00,2611,695000,house,4,2009
24/08/2009 00:00,2913,380000,house,3,2009
24/08/2009 00:00,2906,387000,house,3,2009
24/08/2009 00:00,2615,405000,house,3,2009
24/08/2009 00:00,2905,420000,house,3,2009
24/08/2009 00:00,2902,422500,house,4,2009
24/08/2009 00:00,2905,500000,house,4,2009
24/08/2009 00:00,2906,730000,house,4,2009
25/08/2009 00:00,2906,436000,house,3,2009
26/08/2009 00:00,2602,675000,house,4,2009
27/08/2009 00:00,2611,430000,house,3,2009
27/08/2009 00:00,2611,490000,house,4,2009
27/08/2009 00:00,2611,520000,house,3,2009
27/08/2009 00:00,2914,532000,house,4,2009
28/08/2009 00:00,2615,475000,house,4,2009
28/08/2009 00:00,2615,542600,house,4,2009
28/08/2009 00:00,2905,570000,house,5,2009
28/08/2009 00:00,2614,258000,unit,1,2009
28/08/2009 00:00,2602,370000,unit,2,2009
28/08/2009 00:00,2612,610000,unit,2,2009
29/08/2009 00:00,2906,382500,house,3,2009
29/08/2009 00:00,2602,644000,house,3,2009
31/08/2009 00:00,2905,383000,house,3,2009
31/08/2009 00:00,2914,490000,house,4,2009
31/08/2009 00:00,2914,600000,house,4,2009
01/09/2009 0:00,2611,425000,house,3,2009
01/09/2009 0:00,2605,500000,house,2,2009
02/09/2009 0:00,2615,360000,house,3,2009
02/09/2009 0:00,2903,416500,house,3,2009
02/09/2009 0:00,2905,479000,house,4,2009
02/09/2009 0:00,2615,481000,house,4,2009
02/09/2009 0:00,2607,530000,house,3,2009
02/09/2009 0:00,2614,845000,house,4,2009
03/09/2009 0:00,2617,498000,house,4,2009
03/09/2009 0:00,2600,810000,house,2,2009
03/09/2009 0:00,2603,438500,unit,2,2009
04/09/2009 0:00,2905,404000,house,3,2009
04/09/2009 0:00,2906,410000,house,3,2009
04/09/2009 0:00,2606,455000,house,3,2009
04/09/2009 0:00,2607,670000,house,4,2009
05/09/2009 0:00,2904,437000,house,3,2009
05/09/2009 0:00,2602,470500,house,3,2009
05/09/2009 0:00,2900,490000,house,4,2009
05/09/2009 0:00,2913,546000,house,5,2009
05/09/2009 0:00,2906,680000,house,4,2009
07/09/2009 0:00,2912,535000,house,4,2009
08/09/2009 0:00,2906,390000,house,3,2009
08/09/2009 0:00,2914,470000,house,4,2009
08/09/2009 0:00,2913,895000,house,5,2009
09/09/2009 0:00,2902,405000,house,3,2009
09/09/2009 0:00,2615,465000,house,4,2009
09/09/2009 0:00,2617,495000,house,4,2009
10/09/2009 0:00,2914,390000,house,3,2009
10/09/2009 0:00,2905,456000,house,3,2009
10/09/2009 0:00,2614,880000,house,5,2009
11/09/2009 0:00,2615,502723,house,4,2009
11/09/2009 0:00,2617,315000,unit,2,2009
11/09/2009 0:00,2617,442000,unit,2,2009
12/09/2009 0:00,2615,428000,house,3,2009
12/09/2009 0:00,2903,486500,house,4,2009
12/09/2009 0:00,2904,620000,house,4,2009
12/09/2009 0:00,2602,737500,house,3,2009
13/09/2009 00:00,2914,810000,house,4,2009
14/09/2009 00:00,2906,324000,house,3,2009
14/09/2009 00:00,2905,437500,house,3,2009
14/09/2009 00:00,2902,660000,house,4,2009
15/09/2009 00:00,2912,385000,house,3,2009
15/09/2009 00:00,2615,398000,house,3,2009
15/09/2009 00:00,2914,478500,house,3,2009
15/09/2009 00:00,2617,360000,unit,3,2009
16/09/2009 00:00,2615,332000,house,3,2009
16/09/2009 00:00,2914,410000,house,3,2009
16/09/2009 00:00,2611,530000,house,3,2009
16/09/2009 00:00,2614,602000,house,3,2009
17/09/2009 00:00,2905,450000,house,3,2009
17/09/2009 00:00,2615,465000,house,4,2009
17/09/2009 00:00,2615,470000,house,4,2009
17/09/2009 00:00,2607,519950,house,3,2009
18/09/2009 00:00,2615,447950,house,4,2009
18/09/2009 00:00,2611,522000,house,4,2009
18/09/2009 00:00,2900,576100,house,4,2009
18/09/2009 00:00,2615,645000,house,3,2009
18/09/2009 00:00,2607,308000,unit,2,2009
19/09/2009 00:00,2617,395000,house,3,2009
19/09/2009 00:00,2617,446000,house,3,2009
19/09/2009 00:00,2615,539000,house,4,2009
19/09/2009 00:00,2607,555000,house,3,2009
19/09/2009 00:00,2611,575000,house,4,2009
19/09/2009 00:00,2602,632000,house,3,2009
20/09/2009 00:00,2914,685000,house,4,2009
21/09/2009 00:00,2905,345580,house,4,2009
21/09/2009 00:00,2904,422000,house,3,2009
21/09/2009 00:00,2905,441000,house,4,2009
21/09/2009 00:00,2903,447500,house,3,2009
21/09/2009 00:00,2611,482000,house,4,2009
21/09/2009 00:00,2604,650000,house,3,2009
22/09/2009 00:00,2905,399000,house,3,2009
22/09/2009 00:00,2615,445100,house,4,2009
22/09/2009 00:00,2617,450000,house,5,2009
22/09/2009 00:00,2914,500000,house,4,2009
22/09/2009 00:00,2607,612500,house,4,2009
22/09/2009 00:00,2600,900000,house,3,2009
22/09/2009 00:00,2612,450000,unit,2,2009
23/09/2009 00:00,2913,410000,house,3,2009
23/09/2009 00:00,2903,425000,house,4,2009
23/09/2009 00:00,2913,580000,house,4,2009
23/09/2009 00:00,2602,378000,unit,2,2009
24/09/2009 00:00,2615,377500,house,3,2009
24/09/2009 00:00,2611,954900,house,4,2009
25/09/2009 00:00,2902,355000,house,3,2009
25/09/2009 00:00,2906,360000,house,3,2009
25/09/2009 00:00,2905,388000,house,3,2009
25/09/2009 00:00,2905,390000,house,3,2009
25/09/2009 00:00,2611,435000,house,4,2009
25/09/2009 00:00,2614,476000,house,3,2009
25/09/2009 00:00,2603,1080000,house,5,2009
26/09/2009 00:00,2617,429000,house,3,2009
26/09/2009 00:00,2602,650000,house,3,2009
26/09/2009 00:00,2602,656000,house,4,2009
27/09/2009 00:00,2617,311000,unit,1,2009
28/09/2009 00:00,2904,419000,house,3,2009
28/09/2009 00:00,2617,437500,house,3,2009
28/09/2009 00:00,2905,525000,house,5,2009
28/09/2009 00:00,2906,530000,house,4,2009
28/09/2009 00:00,2906,596000,house,4,2009
28/09/2009 00:00,2606,722000,house,5,2009
29/09/2009 00:00,2904,338000,house,3,2009
29/09/2009 00:00,2615,355000,house,3,2009
29/09/2009 00:00,2905,380000,house,3,2009
29/09/2009 00:00,2615,380000,house,3,2009
29/09/2009 00:00,2615,417500,house,3,2009
29/09/2009 00:00,2914,530000,house,4,2009
29/09/2009 00:00,2611,535000,house,4,2009
29/09/2009 00:00,2607,220000,unit,1,2009
29/09/2009 00:00,2603,340000,unit,2,2009
29/09/2009 00:00,2612,479950,unit,2,2009
30/09/2009 00:00,2906,338000,house,3,2009
30/09/2009 00:00,2615,350000,house,3,2009
30/09/2009 00:00,2615,356500,house,3,2009
30/09/2009 00:00,2905,418000,house,3,2009
30/09/2009 00:00,2906,420000,house,3,2009
30/09/2009 00:00,2905,425000,house,4,2009
30/09/2009 00:00,2905,428000,house,3,2009
30/09/2009 00:00,2906,430200,house,3,2009
30/09/2009 00:00,2607,460000,house,4,2009
30/09/2009 00:00,2603,1562500,house,5,2009
30/09/2009 00:00,2607,229000,unit,1,2009
30/09/2009 00:00,2617,412000,unit,3,2009
01/10/2009 0:00,2905,375000,house,3,2009
01/10/2009 0:00,2903,415000,house,3,2009
01/10/2009 0:00,2906,425000,house,3,2009
01/10/2009 0:00,2900,436000,house,3,2009
01/10/2009 0:00,2914,540000,house,4,2009
01/10/2009 0:00,2914,570000,house,4,2009
01/10/2009 0:00,2611,695000,house,4,2009
01/10/2009 0:00,2900,325000,unit,2,2009
01/10/2009 0:00,2602,450000,unit,2,2009
02/10/2009 0:00,2906,395000,house,3,2009
02/10/2009 0:00,2615,412500,house,3,2009
02/10/2009 0:00,2614,422250,house,3,2009
02/10/2009 0:00,2615,442000,house,4,2009
03/10/2009 0:00,2605,851000,house,4,2009
06/10/2009 0:00,2615,363500,house,3,2009
06/10/2009 0:00,2905,388500,house,3,2009
06/10/2009 0:00,2906,443000,house,3,2009
06/10/2009 0:00,2611,470000,house,3,2009
06/10/2009 0:00,2611,592000,house,3,2009
07/10/2009 0:00,2906,340000,house,3,2009
07/10/2009 0:00,2913,349000,house,2,2009
07/10/2009 0:00,2602,460000,house,3,2009
07/10/2009 0:00,2602,502500,house,3,2009
07/10/2009 0:00,2615,505000,house,4,2009
08/10/2009 0:00,2902,325000,house,2,2009
08/10/2009 0:00,2602,553000,house,3,2009
08/10/2009 0:00,2602,615000,house,3,2009
08/10/2009 0:00,2602,440000,unit,2,2009
09/10/2009 0:00,2906,397500,house,3,2009
09/10/2009 0:00,2905,475000,house,4,2009
09/10/2009 0:00,2905,482000,house,4,2009
09/10/2009 0:00,2914,490000,house,4,2009
09/10/2009 0:00,2904,499000,house,4,2009
09/10/2009 0:00,2914,515000,house,4,2009
09/10/2009 0:00,2602,539950,house,3,2009
10/10/2009 0:00,2617,335000,house,2,2009
10/10/2009 0:00,2913,376000,house,3,2009
10/10/2009 0:00,2615,403000,house,3,2009
10/10/2009 0:00,2614,406000,house,3,2009
10/10/2009 0:00,2905,414995,house,3,2009
10/10/2009 0:00,2611,446000,house,4,2009
10/10/2009 0:00,2906,490000,house,3,2009
10/10/2009 0:00,2602,585000,house,3,2009
10/10/2009 0:00,2617,600000,house,4,2009
10/10/2009 0:00,2600,812000,house,3,2009
10/10/2009 0:00,2600,960000,house,2,2009
11/10/2009 0:00,2612,1210000,house,4,2009
12/10/2009 0:00,2615,435000,house,3,2009
12/10/2009 0:00,2905,478000,house,3,2009
12/10/2009 0:00,2607,515000,house,4,2009
12/10/2009 0:00,2906,545000,house,3,2009
12/10/2009 0:00,2904,608000,house,4,2009
12/10/2009 0:00,2600,735000,house,3,2009
12/10/2009 0:00,2600,782000,house,4,2009
12/10/2009 0:00,2617,322000,unit,1,2009
13/10/2009 00:00,2906,365000,house,3,2009
15/10/2009 00:00,2902,455000,house,3,2009
15/10/2009 00:00,2615,470000,house,4,2009
16/10/2009 00:00,2913,375000,house,3,2009
16/10/2009 00:00,2617,385000,house,3,2009
16/10/2009 00:00,2615,447000,house,4,2009
16/10/2009 00:00,2611,481000,house,4,2009
16/10/2009 00:00,2611,565000,house,3,2009
16/10/2009 00:00,2603,375000,unit,2,2009
17/10/2009 00:00,2611,495000,house,4,2009
17/10/2009 00:00,2602,620000,house,3,2009
17/10/2009 00:00,2607,690000,house,5,2009
19/10/2009 00:00,2905,410000,house,3,2009
19/10/2009 00:00,2902,414000,house,4,2009
19/10/2009 00:00,2903,582000,house,4,2009
19/10/2009 00:00,2906,610000,house,4,2009
19/10/2009 00:00,2906,722000,house,5,2009
19/10/2009 00:00,2601,425500,unit,1,2009
20/10/2009 00:00,2906,385000,house,3,2009
20/10/2009 00:00,2914,413500,house,3,2009
20/10/2009 00:00,2904,538750,house,3,2009
21/10/2009 00:00,2615,410000,house,3,2009
21/10/2009 00:00,2615,451000,house,5,2009
21/10/2009 00:00,2606,640000,house,3,2009
22/10/2009 00:00,2604,890000,unit,2,2009
23/10/2009 00:00,2906,345000,house,3,2009
23/10/2009 00:00,2913,390000,house,3,2009
23/10/2009 00:00,2611,585000,house,4,2009
23/10/2009 00:00,2913,600000,house,4,2009
23/10/2009 00:00,2912,640000,house,4,2009
23/10/2009 00:00,2606,315000,unit,2,2009
23/10/2009 00:00,2612,350000,unit,1,2009
24/10/2009 00:00,2906,417500,house,3,2009
24/10/2009 00:00,2617,459500,house,3,2009
24/10/2009 00:00,2602,565000,house,3,2009
24/10/2009 00:00,2614,580000,house,4,2009
24/10/2009 00:00,2602,868000,house,3,2009
24/10/2009 00:00,2913,350000,unit,3,2009
26/10/2009 00:00,2905,356000,house,3,2009
26/10/2009 00:00,2905,380000,house,3,2009
26/10/2009 00:00,2902,392000,house,3,2009
26/10/2009 00:00,2902,427000,house,3,2009
26/10/2009 00:00,2615,440000,house,3,2009
26/10/2009 00:00,2903,447900,house,3,2009
26/10/2009 00:00,2902,500000,house,4,2009
26/10/2009 00:00,2617,317000,unit,1,2009
27/10/2009 00:00,2913,370000,house,3,2009
27/10/2009 00:00,2617,391000,house,3,2009
27/10/2009 00:00,2905,538000,house,5,2009
27/10/2009 00:00,2603,995000,house,3,2009
28/10/2009 00:00,2615,389950,house,3,2009
28/10/2009 00:00,2615,699500,house,5,2009
29/10/2009 00:00,2904,421000,house,3,2009
29/10/2009 00:00,2612,421000,unit,2,2009
29/10/2009 00:00,2617,438000,unit,2,2009
30/10/2009 00:00,2906,340000,house,3,2009
30/10/2009 00:00,2905,412000,house,3,2009
30/10/2009 00:00,2605,580000,house,3,2009
30/10/2009 00:00,2602,445000,unit,2,2009
31/10/2009 00:00,2617,455000,house,3,2009
31/10/2009 00:00,2606,500000,house,3,2009
31/10/2009 00:00,2913,550000,house,4,2009
31/10/2009 00:00,2902,629500,house,4,2009
31/10/2009 00:00,2605,802000,house,4,2009
01/11/2009 0:00,2611,580000,house,4,2009
02/11/2009 0:00,2902,380000,house,3,2009
02/11/2009 0:00,2904,405000,house,3,2009
02/11/2009 0:00,2905,436000,house,3,2009
02/11/2009 0:00,2905,455000,house,3,2009
02/11/2009 0:00,2606,520000,house,3,2009
02/11/2009 0:00,2905,567500,house,4,2009
02/11/2009 0:00,2906,570000,house,4,2009
02/11/2009 0:00,2611,650000,house,4,2009
02/11/2009 0:00,2913,697000,house,4,2009
02/11/2009 0:00,2611,700000,house,4,2009
02/11/2009 0:00,2607,906000,house,4,2009
02/11/2009 0:00,2600,1430000,house,5,2009
04/11/2009 0:00,2614,416000,house,3,2009
04/11/2009 0:00,2906,440000,house,3,2009
04/11/2009 0:00,2912,460000,house,4,2009
04/11/2009 0:00,2615,472500,house,4,2009
04/11/2009 0:00,2913,608000,house,4,2009
04/11/2009 0:00,2614,616000,house,3,2009
04/11/2009 0:00,2607,640000,house,4,2009
04/11/2009 0:00,2614,658000,house,4,2009
04/11/2009 0:00,2617,667000,house,4,2009
04/11/2009 0:00,2602,740000,house,3,2009
04/11/2009 0:00,2617,755000,house,4,2009
04/11/2009 0:00,2602,289000,unit,2,2009
04/11/2009 0:00,2603,355000,unit,2,2009
05/11/2009 0:00,2615,317000,house,3,2009
05/11/2009 0:00,2905,380000,house,3,2009
05/11/2009 0:00,2913,387500,house,3,2009
05/11/2009 0:00,2903,443000,house,3,2009
05/11/2009 0:00,2906,620000,house,4,2009
06/11/2009 0:00,2905,415000,house,3,2009
06/11/2009 0:00,2914,526000,house,3,2009
06/11/2009 0:00,2602,785000,house,3,2009
06/11/2009 0:00,2617,285000,unit,1,2009
07/11/2009 0:00,2615,440000,house,3,2009
07/11/2009 0:00,2605,820000,house,3,2009
09/11/2009 0:00,2905,401000,house,3,2009
09/11/2009 0:00,2611,455000,house,3,2009
09/11/2009 0:00,2905,481000,house,4,2009
09/11/2009 0:00,2615,491000,house,4,2009
09/11/2009 0:00,2912,492000,house,4,2009
09/11/2009 0:00,2905,600000,house,5,2009
09/11/2009 0:00,2602,615000,house,3,2009
09/11/2009 0:00,2607,653000,house,4,2009
09/11/2009 0:00,2905,825000,house,4,2009
09/11/2009 0:00,2612,500000,unit,3,2009
10/11/2009 0:00,2906,375000,house,3,2009
10/11/2009 0:00,2906,414990,house,3,2009
10/11/2009 0:00,2906,490000,house,3,2009
10/11/2009 0:00,2607,568000,house,4,2009
10/11/2009 0:00,2611,749900,house,4,2009
10/11/2009 0:00,2607,845000,house,5,2009
11/11/2009 0:00,2914,465000,house,4,2009
11/11/2009 0:00,2614,610000,house,4,2009
11/11/2009 0:00,2603,1365000,house,4,2009
12/11/2009 0:00,2906,420000,house,3,2009
12/11/2009 0:00,2902,440000,house,4,2009
12/11/2009 0:00,2611,620000,house,4,2009
12/11/2009 0:00,2607,650000,house,4,2009
13/11/2009 00:00,2902,450000,house,3,2009
13/11/2009 00:00,2612,640000,house,4,2009
14/11/2009 00:00,2615,417000,house,3,2009
14/11/2009 00:00,2600,883000,house,4,2009
16/11/2009 00:00,2615,350000,house,3,2009
16/11/2009 00:00,2615,370000,house,2,2009
16/11/2009 00:00,2615,385000,house,3,2009
16/11/2009 00:00,2614,402000,house,3,2009
16/11/2009 00:00,2903,421000,house,3,2009
16/11/2009 00:00,2905,650000,house,4,2009
16/11/2009 00:00,2612,140000,unit,1,2009
16/11/2009 00:00,2604,575000,unit,2,2009
17/11/2009 00:00,2902,360000,house,3,2009
17/11/2009 00:00,2914,460000,house,3,2009
17/11/2009 00:00,2902,890000,house,4,2009
18/11/2009 00:00,2617,435000,house,3,2009
18/11/2009 00:00,2906,548000,house,5,2009
18/11/2009 00:00,2611,560000,house,4,2009
18/11/2009 00:00,2602,628000,house,4,2009
18/11/2009 00:00,2614,687500,house,4,2009
18/11/2009 00:00,2611,700000,house,4,2009
18/11/2009 00:00,2905,771000,house,5,2009
18/11/2009 00:00,2602,775000,house,5,2009
19/11/2009 00:00,2906,545000,house,4,2009
19/11/2009 00:00,2904,595000,house,4,2009
20/11/2009 00:00,2905,360000,house,3,2009
20/11/2009 00:00,2906,390000,house,3,2009
20/11/2009 00:00,2906,400000,house,3,2009
20/11/2009 00:00,2914,435000,house,3,2009
20/11/2009 00:00,2905,439800,house,3,2009
20/11/2009 00:00,2913,480000,house,4,2009
20/11/2009 00:00,2905,480500,house,4,2009
20/11/2009 00:00,2904,575000,house,4,2009
20/11/2009 00:00,2605,850000,house,4,2009
20/11/2009 00:00,2602,257100,unit,1,2009
20/11/2009 00:00,2617,289000,unit,1,2009
23/11/2009 00:00,2604,398000,house,2,2009
23/11/2009 00:00,2614,450000,house,3,2009
23/11/2009 00:00,2902,450000,house,3,2009
23/11/2009 00:00,2612,470000,unit,2,2009
24/11/2009 00:00,2615,408500,house,3,2009
24/11/2009 00:00,2902,409000,house,4,2009
24/11/2009 00:00,2615,505000,house,4,2009
24/11/2009 00:00,2611,595000,house,4,2009
24/11/2009 00:00,2611,660000,house,4,2009
24/11/2009 00:00,2602,665000,house,4,2009
25/11/2009 00:00,2903,427500,house,4,2009
25/11/2009 00:00,2906,450000,house,3,2009
25/11/2009 00:00,2905,454900,house,4,2009
25/11/2009 00:00,2904,460500,house,3,2009
25/11/2009 00:00,2905,543000,house,4,2009
25/11/2009 00:00,2615,570000,house,3,2009
26/11/2009 00:00,2906,370000,house,3,2009
26/11/2009 00:00,2615,385000,house,3,2009
26/11/2009 00:00,2905,422500,house,3,2009
26/11/2009 00:00,2912,445000,house,3,2009
26/11/2009 00:00,2913,559000,house,4,2009
26/11/2009 00:00,2913,710000,house,4,2009
26/11/2009 00:00,2605,720000,house,3,2009
26/11/2009 00:00,2904,890000,house,4,2009
27/11/2009 00:00,2904,690150,house,4,2009
27/11/2009 00:00,2615,290000,unit,1,2009
27/11/2009 00:00,2617,420000,unit,2,2009
28/11/2009 00:00,2904,505000,house,3,2009
28/11/2009 00:00,2602,556000,house,3,2009
28/11/2009 00:00,2604,651000,house,3,2009
28/11/2009 00:00,2904,712000,house,4,2009
28/11/2009 00:00,2602,885000,house,4,2009
30/11/2009 00:00,2906,387000,house,3,2009
30/11/2009 00:00,2611,545000,house,4,2009
30/11/2009 00:00,2912,605000,house,4,2009
30/11/2009 00:00,2607,710000,house,3,2009
30/11/2009 00:00,2616,410000,unit,2,2009
01/12/2009 0:00,2914,395000,house,3,2009
01/12/2009 0:00,2617,640000,house,4,2009
02/12/2009 0:00,2615,335000,house,3,2009
02/12/2009 0:00,2905,432000,house,3,2009
02/12/2009 0:00,2903,432500,house,3,2009
02/12/2009 0:00,2902,455000,house,3,2009
02/12/2009 0:00,2602,735000,house,4,2009
02/12/2009 0:00,2602,753000,house,4,2009
02/12/2009 0:00,2600,1340000,house,3,2009
03/12/2009 0:00,2615,375000,house,3,2009
03/12/2009 0:00,2615,479000,house,4,2009
03/12/2009 0:00,2913,625000,house,4,2009
04/12/2009 0:00,2905,379000,house,3,2009
04/12/2009 0:00,2905,445000,house,3,2009
04/12/2009 0:00,2904,597000,house,4,2009
04/12/2009 0:00,2614,696000,house,4,2009
05/12/2009 0:00,2617,460000,house,3,2009
05/12/2009 0:00,2611,490000,house,3,2009
05/12/2009 0:00,2903,490000,house,4,2009
05/12/2009 0:00,2904,540000,house,4,2009
05/12/2009 0:00,2913,552500,house,4,2009
05/12/2009 0:00,2606,580000,house,3,2009
05/12/2009 0:00,2602,763000,house,3,2009
07/12/2009 0:00,2905,355000,house,3,2009
07/12/2009 0:00,2904,400000,house,3,2009
07/12/2009 0:00,2905,431000,house,4,2009
07/12/2009 0:00,2615,436770,house,3,2009
07/12/2009 0:00,2905,520000,house,5,2009
07/12/2009 0:00,2611,807000,house,4,2009
07/12/2009 0:00,2620,169000,unit,1,2009
08/12/2009 0:00,2904,375000,house,3,2009
08/12/2009 0:00,2900,477000,house,4,2009
09/12/2009 0:00,2615,435000,house,3,2009
09/12/2009 0:00,2604,485000,house,3,2009
09/12/2009 0:00,2617,490000,house,4,2009
10/12/2009 0:00,2906,403000,house,3,2009
10/12/2009 0:00,2602,873000,house,4,2009
10/12/2009 0:00,2612,461100,unit,2,2009
11/12/2009 0:00,2615,334000,house,3,2009
11/12/2009 0:00,2615,410000,house,3,2009
11/12/2009 0:00,2615,422500,house,4,2009
11/12/2009 0:00,2905,517500,house,4,2009
11/12/2009 0:00,2614,630000,house,3,2009
12/12/2009 0:00,2602,555000,house,3,2009
14/12/2009 00:00,2913,360000,house,3,2009
14/12/2009 00:00,2902,369650,house,3,2009
14/12/2009 00:00,2906,410000,house,3,2009
14/12/2009 00:00,2607,812500,house,5,2009
14/12/2009 00:00,2606,405000,unit,2,2009
15/12/2009 00:00,2913,342000,house,2,2009
15/12/2009 00:00,2615,450000,house,4,2009
15/12/2009 00:00,2611,460000,house,3,2009
15/12/2009 00:00,2905,496000,house,4,2009
15/12/2009 00:00,2605,625000,house,3,2009
15/12/2009 00:00,2602,309000,unit,2,2009
15/12/2009 00:00,2612,502000,unit,2,2009
16/12/2009 00:00,2617,655000,house,4,2009
16/12/2009 00:00,2617,780000,house,4,2009
16/12/2009 00:00,2602,257000,unit,1,2009
17/12/2009 00:00,2611,442500,house,3,2009
17/12/2009 00:00,2905,550000,house,4,2009
17/12/2009 00:00,2602,741000,house,3,2009
17/12/2009 00:00,2612,382000,unit,2,2009
18/12/2009 00:00,2615,454500,house,4,2009
18/12/2009 00:00,2611,545000,house,3,2009
18/12/2009 00:00,2602,637500,house,4,2009
18/12/2009 00:00,2602,800500,house,4,2009
18/12/2009 00:00,2603,950000,house,3,2009
18/12/2009 00:00,2603,433000,unit,2,2009
18/12/2009 00:00,2606,590000,unit,3,2009
19/12/2009 00:00,2603,375100,unit,1,2009
21/12/2009 00:00,2900,463500,house,3,2009
21/12/2009 00:00,2611,518000,house,4,2009
21/12/2009 00:00,2607,775000,house,5,2009
21/12/2009 00:00,2617,358000,unit,2,2009
21/12/2009 00:00,2603,415000,unit,1,2009
22/12/2009 00:00,2615,432000,house,3,2009
22/12/2009 00:00,2913,466000,house,4,2009
22/12/2009 00:00,2615,610000,house,5,2009
22/12/2009 00:00,2611,272000,unit,1,2009
22/12/2009 00:00,2606,335000,unit,2,2009
22/12/2009 00:00,2606,350000,unit,2,2009
23/12/2009 00:00,2906,365000,house,3,2009
23/12/2009 00:00,2615,385000,house,3,2009
23/12/2009 00:00,2905,425000,house,3,2009
23/12/2009 00:00,2902,425000,house,3,2009
23/12/2009 00:00,2914,432500,house,3,2009
23/12/2009 00:00,2905,460000,house,3,2009
23/12/2009 00:00,2904,465000,house,3,2009
23/12/2009 00:00,2906,474900,house,4,2009
23/12/2009 00:00,2615,489000,house,4,2009
23/12/2009 00:00,2615,490000,house,4,2009
23/12/2009 00:00,2913,509000,house,4,2009
23/12/2009 00:00,2615,625000,house,4,2009
23/12/2009 00:00,2602,640000,house,3,2009
23/12/2009 00:00,2602,725000,house,4,2009
23/12/2009 00:00,2607,732000,house,5,2009
23/12/2009 00:00,2614,735000,house,4,2009
23/12/2009 00:00,2606,820000,house,4,2009
23/12/2009 00:00,2603,1420000,house,5,2009
23/12/2009 00:00,2603,330000,unit,1,2009
24/12/2009 00:00,2617,405000,house,3,2009
24/12/2009 00:00,2615,425100,house,3,2009
24/12/2009 00:00,2906,460000,house,4,2009
24/12/2009 00:00,2905,485000,house,3,2009
24/12/2009 00:00,2905,525000,house,4,2009
24/12/2009 00:00,2604,580000,house,3,2009
24/12/2009 00:00,2602,583000,house,4,2009
24/12/2009 00:00,2607,635000,house,3,2009
24/12/2009 00:00,2611,683000,house,5,2009
24/12/2009 00:00,2905,750000,house,4,2009
24/12/2009 00:00,2606,366000,unit,2,2009
24/12/2009 00:00,2617,367000,unit,2,2009
04/01/2010 0:00,2615,435000,house,3,2010
05/01/2010 0:00,2904,712000,house,4,2010
06/01/2010 0:00,2617,435000,house,4,2010
06/01/2010 0:00,2606,1350000,house,5,2010
07/01/2010 0:00,2905,612500,house,4,2010
08/01/2010 0:00,2614,420500,house,3,2010
08/01/2010 0:00,2902,432600,house,3,2010
11/01/2010 0:00,2903,525000,house,4,2010
11/01/2010 0:00,2611,535000,house,4,2010
11/01/2010 0:00,2913,640000,house,4,2010
11/01/2010 0:00,2602,270000,unit,1,2010
11/01/2010 0:00,2601,480000,unit,2,2010
13/01/2010 00:00,2617,519000,house,5,2010
13/01/2010 00:00,2904,585000,house,4,2010
14/01/2010 00:00,2615,372500,house,2,2010
14/01/2010 00:00,2903,443000,house,3,2010
14/01/2010 00:00,2611,495000,house,3,2010
14/01/2010 00:00,2602,580000,house,5,2010
15/01/2010 00:00,2602,355100,unit,2,2010
18/01/2010 00:00,2617,580000,house,4,2010
18/01/2010 00:00,2612,379000,unit,1,2010
19/01/2010 00:00,2905,380000,house,3,2010
19/01/2010 00:00,2905,400000,house,3,2010
19/01/2010 00:00,2905,420000,house,3,2010
19/01/2010 00:00,2905,425000,house,3,2010
19/01/2010 00:00,2913,427000,house,3,2010
20/01/2010 00:00,2906,385000,house,3,2010
20/01/2010 00:00,2906,590000,house,4,2010
20/01/2010 00:00,2603,640000,unit,2,2010
21/01/2010 00:00,2914,455000,house,3,2010
22/01/2010 00:00,2913,327500,house,2,2010
22/01/2010 00:00,2607,682000,house,4,2010
22/01/2010 00:00,2604,2425000,unit,3,2010
25/01/2010 00:00,2914,440000,house,4,2010
25/01/2010 00:00,2615,475000,house,4,2010
25/01/2010 00:00,2913,735000,house,3,2010
27/01/2010 00:00,2913,380000,house,3,2010
27/01/2010 00:00,2906,400000,house,3,2010
27/01/2010 00:00,2615,430000,house,3,2010
27/01/2010 00:00,2905,562500,house,4,2010
27/01/2010 00:00,2906,623000,house,4,2010
28/01/2010 00:00,2905,365000,house,3,2010
28/01/2010 00:00,2900,585000,house,4,2010
28/01/2010 00:00,2914,650000,house,4,2010
29/01/2010 00:00,2906,360000,house,3,2010
29/01/2010 00:00,2617,392000,house,3,2010
29/01/2010 00:00,2905,530000,house,4,2010
29/01/2010 00:00,2600,825000,house,3,2010
29/01/2010 00:00,2617,355000,unit,1,2010
29/01/2010 00:00,2612,635000,unit,3,2010
30/01/2010 00:00,2615,360000,house,3,2010
30/01/2010 00:00,2904,628000,house,4,2010
01/02/2010 0:00,2615,400000,house,3,2010
01/02/2010 0:00,2902,490000,house,3,2010
01/02/2010 0:00,2602,580000,house,4,2010
01/02/2010 0:00,2607,590000,house,3,2010
02/02/2010 0:00,2615,373500,house,3,2010
02/02/2010 0:00,2604,408500,unit,2,2010
02/02/2010 0:00,2617,445000,unit,3,2010
03/02/2010 0:00,2906,485500,house,4,2010
03/02/2010 0:00,2615,512000,house,4,2010
04/02/2010 0:00,2906,460000,house,4,2010
04/02/2010 0:00,2904,740000,house,4,2010
04/02/2010 0:00,2914,815000,house,4,2010
04/02/2010 0:00,2605,249000,unit,1,2010
05/02/2010 0:00,2615,480000,house,4,2010
05/02/2010 0:00,2602,575500,house,3,2010
05/02/2010 0:00,2617,420000,unit,2,2010
06/02/2010 0:00,2903,547000,house,3,2010
06/02/2010 0:00,2615,585000,house,4,2010
06/02/2010 0:00,2603,891000,house,3,2010
07/02/2010 0:00,2605,675000,house,4,2010
08/02/2010 0:00,2913,422000,house,3,2010
08/02/2010 0:00,2905,435000,house,3,2010
09/02/2010 0:00,2912,695000,house,4,2010
09/02/2010 0:00,2900,436000,unit,2,2010
10/02/2010 0:00,2902,551000,house,4,2010
10/02/2010 0:00,2914,635000,house,4,2010
10/02/2010 0:00,2612,1000000,house,2,2010
10/02/2010 0:00,2603,357000,unit,2,2010
10/02/2010 0:00,2612,451000,unit,2,2010
11/02/2010 0:00,2903,465000,house,3,2010
11/02/2010 0:00,2615,550000,house,4,2010
11/02/2010 0:00,2914,672000,house,4,2010
11/02/2010 0:00,2602,780000,house,4,2010
12/02/2010 0:00,2615,411000,house,3,2010
12/02/2010 0:00,2615,450000,house,4,2010
12/02/2010 0:00,2614,475000,house,3,2010
12/02/2010 0:00,2617,480000,house,4,2010
12/02/2010 0:00,2607,540000,house,3,2010
12/02/2010 0:00,2914,635000,house,4,2010
12/02/2010 0:00,2600,2350000,house,4,2010
13/02/2010 00:00,2602,725000,house,3,2010
15/02/2010 00:00,2905,445000,house,3,2010
15/02/2010 00:00,2906,469950,house,3,2010
16/02/2010 00:00,2905,415100,house,5,2010
16/02/2010 00:00,2617,540000,house,4,2010
17/02/2010 00:00,2615,425000,house,3,2010
17/02/2010 00:00,2615,445000,house,4,2010
17/02/2010 00:00,2905,530000,house,3,2010
17/02/2010 00:00,2905,620500,house,4,2010
17/02/2010 00:00,2611,622000,house,4,2010
17/02/2010 00:00,2617,655000,house,4,2010
17/02/2010 00:00,2617,720000,house,4,2010
17/02/2010 00:00,2602,297000,unit,2,2010
17/02/2010 00:00,2607,364000,unit,2,2010
17/02/2010 00:00,2600,370000,unit,2,2010
18/02/2010 00:00,2615,450000,house,4,2010
18/02/2010 00:00,2914,557000,house,4,2010
18/02/2010 00:00,2617,563000,house,3,2010
18/02/2010 00:00,2906,575000,house,4,2010
18/02/2010 00:00,2602,703000,house,5,2010
18/02/2010 00:00,2612,280200,unit,1,2010
19/02/2010 00:00,2611,501000,house,4,2010
19/02/2010 00:00,2617,565000,house,4,2010
19/02/2010 00:00,2602,670000,house,3,2010
19/02/2010 00:00,2913,670000,house,4,2010
19/02/2010 00:00,2914,750000,house,5,2010
19/02/2010 00:00,2602,750000,house,3,2010
20/02/2010 00:00,2902,356000,house,2,2010
20/02/2010 00:00,2913,530000,house,3,2010
20/02/2010 00:00,2614,925000,house,4,2010
22/02/2010 00:00,2611,535000,house,3,2010
22/02/2010 00:00,2617,560000,house,4,2010
22/02/2010 00:00,2904,620000,house,4,2010
22/02/2010 00:00,2602,665000,house,4,2010
22/02/2010 00:00,2615,685000,house,4,2010
22/02/2010 00:00,2604,391500,unit,2,2010
23/02/2010 00:00,2905,415000,house,3,2010
23/02/2010 00:00,2913,426000,house,3,2010
23/02/2010 00:00,2912,485000,house,4,2010
23/02/2010 00:00,2906,605000,house,4,2010
23/02/2010 00:00,2602,605000,house,4,2010
24/02/2010 00:00,2906,395000,house,3,2010
24/02/2010 00:00,2614,435000,house,3,2010
24/02/2010 00:00,2617,465500,house,3,2010
24/02/2010 00:00,2611,490000,house,4,2010
24/02/2010 00:00,2607,452000,unit,3,2010
25/02/2010 00:00,2902,437000,house,4,2010
25/02/2010 00:00,2913,452000,house,3,2010
25/02/2010 00:00,2615,475000,house,4,2010
25/02/2010 00:00,2913,640000,house,4,2010
25/02/2010 00:00,2912,725000,house,4,2010
26/02/2010 00:00,2615,337000,house,2,2010
26/02/2010 00:00,2914,500000,house,4,2010
26/02/2010 00:00,2611,520000,house,4,2010
26/02/2010 00:00,2607,725000,house,5,2010
27/02/2010 00:00,2902,423950,house,3,2010
27/02/2010 00:00,2913,455000,house,3,2010
27/02/2010 00:00,2614,481000,house,3,2010
27/02/2010 00:00,2905,710000,house,4,2010
28/02/2010 00:00,2602,575000,house,4,2010
01/03/2010 0:00,2906,395000,house,3,2010
01/03/2010 0:00,2902,435000,house,3,2010
01/03/2010 0:00,2902,445000,house,4,2010
01/03/2010 0:00,2904,460000,house,3,2010
01/03/2010 0:00,2906,590000,house,4,2010
01/03/2010 0:00,2904,690000,house,4,2010
01/03/2010 0:00,2605,735000,house,4,2010
01/03/2010 0:00,2603,1417500,house,4,2010
01/03/2010 0:00,2603,650000,unit,3,2010
02/03/2010 0:00,2905,525000,house,3,2010
02/03/2010 0:00,2914,632500,house,4,2010
03/03/2010 0:00,2912,461700,house,3,2010
03/03/2010 0:00,2902,490000,house,4,2010
03/03/2010 0:00,2615,490000,house,4,2010
03/03/2010 0:00,2913,495000,house,5,2010
03/03/2010 0:00,2614,550000,house,3,2010
03/03/2010 0:00,2914,552000,house,4,2010
03/03/2010 0:00,2602,605000,house,3,2010
03/03/2010 0:00,2614,310000,unit,3,2010
03/03/2010 0:00,2617,430000,unit,2,2010
03/03/2010 0:00,2604,470000,unit,2,2010
04/03/2010 0:00,2905,515500,house,3,2010
04/03/2010 0:00,2904,560000,house,4,2010
04/03/2010 0:00,2903,650000,house,4,2010
04/03/2010 0:00,2612,930000,house,4,2010
05/03/2010 0:00,2906,385000,house,3,2010
05/03/2010 0:00,2900,420000,house,2,2010
05/03/2010 0:00,2905,422000,house,3,2010
05/03/2010 0:00,2905,454000,house,3,2010
05/03/2010 0:00,2611,477200,house,3,2010
05/03/2010 0:00,2615,480000,house,4,2010
05/03/2010 0:00,2611,495000,house,3,2010
05/03/2010 0:00,2614,500000,house,2,2010
05/03/2010 0:00,2617,510000,house,4,2010
05/03/2010 0:00,2607,560000,house,5,2010
05/03/2010 0:00,2615,349000,unit,2,2010
06/03/2010 0:00,2611,590000,house,3,2010
06/03/2010 0:00,2614,665000,house,4,2010
06/03/2010 0:00,2602,830000,house,4,2010
09/03/2010 0:00,2913,435000,house,3,2010
09/03/2010 0:00,2905,505000,house,4,2010
09/03/2010 0:00,2602,657000,house,3,2010
09/03/2010 0:00,2602,365000,unit,2,2010
09/03/2010 0:00,2900,435000,unit,2,2010
10/03/2010 0:00,2913,370000,house,3,2010
10/03/2010 0:00,2902,500000,house,4,2010
11/03/2010 0:00,2906,415000,house,3,2010
11/03/2010 0:00,2617,435000,house,3,2010
11/03/2010 0:00,2904,450000,house,3,2010
11/03/2010 0:00,2913,515000,house,3,2010
11/03/2010 0:00,2612,517500,unit,3,2010
12/03/2010 0:00,2905,380000,house,2,2010
12/03/2010 0:00,2615,476000,house,3,2010
12/03/2010 0:00,2606,552000,house,4,2010
12/03/2010 0:00,2904,599950,house,4,2010
12/03/2010 0:00,2913,645000,house,5,2010
12/03/2010 0:00,2602,720000,house,4,2010
12/03/2010 0:00,2600,570000,unit,2,2010
13/03/2010 00:00,2611,540000,house,3,2010
14/03/2010 00:00,2912,510000,house,3,2010
15/03/2010 00:00,2615,447000,house,3,2010
15/03/2010 00:00,2903,510000,house,4,2010
15/03/2010 00:00,2615,517500,house,3,2010
15/03/2010 00:00,2602,885000,house,4,2010
15/03/2010 00:00,2602,385000,unit,2,2010
15/03/2010 00:00,2612,425000,unit,1,2010
16/03/2010 00:00,2615,380000,house,3,2010
16/03/2010 00:00,2906,457000,house,3,2010
16/03/2010 00:00,2905,463000,house,4,2010
16/03/2010 00:00,2914,668000,house,4,2010
16/03/2010 00:00,2605,675000,house,3,2010
17/03/2010 00:00,2912,418000,house,3,2010
17/03/2010 00:00,2905,490000,house,5,2010
17/03/2010 00:00,2611,512500,house,4,2010
17/03/2010 00:00,2913,515000,house,4,2010
17/03/2010 00:00,2904,590000,house,4,2010
17/03/2010 00:00,2615,623000,house,4,2010
17/03/2010 00:00,2602,630000,house,3,2010
17/03/2010 00:00,2913,658000,house,5,2010
17/03/2010 00:00,2602,370000,unit,2,2010
17/03/2010 00:00,2612,500000,unit,2,2010
18/03/2010 00:00,2914,435000,house,3,2010
18/03/2010 00:00,2902,437500,house,3,2010
18/03/2010 00:00,2906,510000,house,4,2010
18/03/2010 00:00,2612,740000,unit,2,2010
19/03/2010 00:00,2615,419000,house,4,2010
19/03/2010 00:00,2906,430000,house,3,2010
19/03/2010 00:00,2905,455000,house,3,2010
19/03/2010 00:00,2905,505000,house,4,2010
19/03/2010 00:00,2905,512000,house,4,2010
19/03/2010 00:00,2900,620000,house,3,2010
19/03/2010 00:00,2602,640000,house,5,2010
19/03/2010 00:00,2607,760000,house,4,2010
19/03/2010 00:00,2604,433000,unit,3,2010
19/03/2010 00:00,2604,1200000,unit,2,2010
20/03/2010 00:00,2905,387000,house,3,2010
20/03/2010 00:00,2902,831500,house,5,2010
22/03/2010 00:00,2615,401622,house,3,2010
22/03/2010 00:00,2905,410000,house,3,2010
22/03/2010 00:00,2903,600000,house,4,2010
23/03/2010 00:00,2906,385000,house,3,2010
23/03/2010 00:00,2906,390000,house,3,2010
23/03/2010 00:00,2615,417575,house,3,2010
23/03/2010 00:00,2912,466000,house,4,2010
23/03/2010 00:00,2617,470000,house,4,2010
23/03/2010 00:00,2602,520000,house,3,2010
24/03/2010 00:00,2903,441000,house,3,2010
24/03/2010 00:00,2905,477500,house,4,2010
24/03/2010 00:00,2913,487600,house,4,2010
24/03/2010 00:00,2612,1040000,house,4,2010
25/03/2010 00:00,2906,406500,house,3,2010
25/03/2010 00:00,2914,438000,house,3,2010
25/03/2010 00:00,2611,445000,house,3,2010
25/03/2010 00:00,2914,458000,house,4,2010
25/03/2010 00:00,2615,510000,house,4,2010
25/03/2010 00:00,2902,520000,house,3,2010
25/03/2010 00:00,2914,525000,house,4,2010
25/03/2010 00:00,2904,775000,house,4,2010
25/03/2010 00:00,2914,880000,house,4,2010
26/03/2010 00:00,2913,440000,house,3,2010
27/03/2010 00:00,2615,427000,house,3,2010
27/03/2010 00:00,2913,444000,house,3,2010
29/03/2010 00:00,2906,389950,house,3,2010
29/03/2010 00:00,2615,390000,house,3,2010
29/03/2010 00:00,2905,449950,house,4,2010
29/03/2010 00:00,2913,460000,house,4,2010
29/03/2010 00:00,2906,490000,house,4,2010
29/03/2010 00:00,2612,385000,unit,1,2010
30/03/2010 00:00,2602,367000,house,2,2010
30/03/2010 00:00,2615,422500,house,3,2010
30/03/2010 00:00,2905,540000,house,4,2010
30/03/2010 00:00,2615,546500,house,4,2010
30/03/2010 00:00,2914,550000,house,4,2010
30/03/2010 00:00,2913,650000,house,5,2010
30/03/2010 00:00,2602,685250,house,3,2010
30/03/2010 00:00,2617,770000,house,4,2010
